x,y,value
-5.156303133998736,50.01915777807681,1069.233764648
-5.49855013732349,50.117295889445074,1169.729003906
-5.330993125407544,50.12222809119818,1142.256347656
-5.1633904053426365,50.12691878969817,1240.228637695
-5.3384993454153085,50.22996873987045,1106.607177734
-5.170520634839223,50.23467697707366,1227.089355469
-5.002498786432617,50.23914273601146,1121.718261719
-3.825312211129031,50.26360334856919,1103.780883789
-5.177694843203607,50.342432742563346,1041.505493164
-5.009294325202257,50.34691550519127,1129.773925781
-4.840851934338132,50.35115471402933,1315.173706055
-4.672370085677303,50.35515033799285,1256.387451172
-4.503850673307202,50.3589025303199,1271.161499023
-3.9980921071003026,50.36869521106169,1266.698852539
-3.8294483237105617,50.37147016492257,1411.245117188
-3.6607785280665883,50.37400133813973,1268.460449219
-5.016131071709124,50.4546856127732,1045.630859375
-4.847307118395579,50.45894132902269,1249.419677734
-4.678443429538203,50.46295233923493,1413.925170898
-4.509542265080689,50.466718634437996,1494.834594727
-4.340605722546568,50.470240506651805,1343.40612793
-4.1716361066677665,50.47351731459217,1354.499023438
-4.002636131177116,50.47654885385637,1829.204101562
-3.833608843543003,50.47933528710746,1934.23840332
-3.6645560991638497,50.48187603909058,1193.5703125
-3.4954804474312486,50.484170958849376,1011.265136719
-4.8538018876058295,50.566725122594626,1053.477905273
-4.684553949142477,50.570751673726704,1411.057739258
-4.515268719438936,50.574532677981175,1602.28125
-4.345947832603235,50.57806801547853,1320.727050781
-4.1765931728649885,50.58135737790848,1470.32043457
-4.007208018636283,50.58440071718187,2146.728759766
-3.837795069515062,50.58719787556438,1817.569458008
-3.6683566743268474,50.58974790784309,1194.790405273
-3.498896198557106,50.59205153071562,1000.387145996
-1.973093937533903,50.60169583550094,947.016662598
-4.690702332226181,50.678548563814466,1340.705322266
-4.521030156594647,50.68234399470753,1352.526245117
-4.351322315348429,50.685892688493546,1184.530395508
-4.181580380279296,50.68919469739858,1294.457275391
-4.011807950451456,50.69224961859364,1822.678833008
-3.8420078858609092,50.695057202745524,1373.98059082
-3.6721819447190684,50.697616787602456,1061.954345703
-3.502333862792819,50.699929379982144,890.46661377
-3.332464508614948,50.7019950873394,922.478515625
-2.8227500434572983,50.706707886544066,924.630004883
-2.6528191199035804,50.70778426684782,970.179260254
-2.4828799810740247,50.708613063851246,1073.635864258
-2.3129344017578126,50.709193723861425,1007.071228027
-2.1429844583653654,50.70952591437668,901.713439941
-1.9730322864815864,50.70961042504947,899.715881348
-1.293254854146597,50.70747252701171,869.416320801
-4.526827397670141,50.79015279604161,1106.915649414
-4.356730090470332,50.79371472795493,1220.907714844
-4.18659901563784,50.79702877673821,1233.260620117
-4.0164373153112685,50.8000952894279,1108.801269531
-3.846247701899195,50.80291334280316,1017.383972168
-3.6760320090572103,50.80548330550299,899.012268066
-3.505792640580703,50.80780516833241,923.89642334
-3.3355325390728523,50.80987900542078,935.142272949
-3.165252472342398,50.81170416416813,1148.593505859
-2.9949553790023247,50.8132811197295,1088.677856445
-2.8246444940627677,50.81460963301247,1098.183349609
-2.654323349609413,50.815689908085574,1106.46875
-2.483993515316142,50.816521444851766,1109.413330078
-2.313655951196351,50.81710454762574,1043.848876953
-2.1433141479583178,50.817438613920636,953.113037109
-1.9729702556247317,50.81752291759397,908.318115234
-1.80262836696603,50.81735910899216,897.450927734
-1.6322899065394318,50.81694738020137,907.04486084
-1.4619551381948839,50.816286468696894,875.925598145
-0.7807110545547072,50.8111572647119,786.644775391
-0.099745984048196,50.80205639801917,854.871520996
0.24058254488658626,50.79601626583482,854.393249512
-4.532660705979672,50.89795916677078,1304.055297852
-4.362171507089491,50.90153443156168,1384.408447266
-4.191648897032776,50.9048607777703,1221.717407227
-4.021095464398842,50.907938667691525,1132.288208008
-3.8505136254395453,50.910768087281625,1077.947998047
-3.679905438178216,50.9133481822972,1119.150146484
-3.5092727994001782,50.91567920681741,1099.869140625
-3.338619029551266,50.9177609672848,1017.900146484
-3.1679464510497075,50.91959311972155,1106.886230469
-2.997256461272156,50.921175987010585,998.577819824
-2.8265520804542,50.92250933522728,896.340942383
-2.6558372544870785,50.92359371713332,871.64654541
-2.4851133020043585,50.92442834215115,898.049133301
-2.314381641279527,50.92501323088288,893.067871094
-2.1436455771313776,50.92534862626351,966.953613281
-1.9729083076999925,50.92543389126151,938.150390625
-1.8021725754093305,50.92526949802275,917.156616211
-1.6314395377553368,50.92485573659503,945.534606934
-1.4607112802460245,50.92419206002055,866.360168457
-1.2899898069323399,50.92327944649906,864.215209961
-1.1192773647078207,50.92211713201753,922.346069336
-0.9485785756767073,50.92070518532988,987.78137207
-0.7778942083123838,50.91904415184513,1016.682739258
-0.6072271521784667,50.91713361198264,989.825134277
-0.4365796475206855,50.91497401734253,961.698974609
-0.2659552119338888,50.91256560332678,881.889343262
-0.0953567630405218,50.909907437033795,932.930541992
0.07521379646028775,50.90700012937376,873.306762695
0.2457556197911727,50.9038435138488,861.722412109
0.4162660568001769,50.90043811531966,852.615722656
0.5867415756801038,50.89678423888076,839.758605957
-4.538530341948472,51.00576278583579,1280.723388672
-4.367646826632319,51.00935154119091,1338.396972656
-4.196730003556024,51.012690788319546,1094.241821289
-4.025781967144841,51.015780765590456,1104.678588867
-3.854805022064827,51.01862124297113,1224.307739258
-3.6838010996549624,51.02121160304447,1364.622680664
-3.5127739116623555,51.02355132699214,1298.437744141
-3.3417248320107547,51.02564073102507,1116.862792969
-3.170656732379627,51.027479932272335,864.979736328
-2.999571330875827,51.029068031205,774.154296875
-2.8284715923531296,51.03040615079472,754.747436523
-2.6573611762939278,51.031494752058514,770.617492676
-2.4862402137646953,51.03233273857847,851.245178223
-2.3151114881320085,51.03291971880068,882.982971191
-2.1439794107178383,51.033256020728956,957.738708496
-1.9728458706746692,51.03334190495997,973.365844727
-1.8017126926292166,51.033177092452796,881.272949219
-1.6305828759187928,51.0327618323902,881.871887207
-1.4594586189052687,51.032095771471674,875.881225586
-1.2883418679912404,51.03117998630319,906.850585938
-1.1172342899954966,51.03001371452083,979.04473877
-0.9461401507897033,51.02859653150127,1025.750854492
-0.7750598936223161,51.02692889492636,984.208496094
-0.6039965776606041,51.025010693813535,886.495727539
-0.43295371970362856,51.022842622447996,826.023925781
-0.2619345465825938,51.02042477854663,840.088012695
-0.09094140216367091,51.01775633938702,893.1875
0.08002428261354343,51.01483759349777,895.165161133
0.25096071367852907,51.01166886765686,922.605529785
0.42186529688416646,51.00825071018269,887.982849121
0.5927355723798782,51.004582353352625,818.184326172
0.7635701522642488,51.00066493414445,729.479248047
0.9343649088407534,50.99649953685797,698.332092285
-4.201842762710867,51.12051880009846,1083.924316406
-4.030497049462999,51.12362109966823,1293.052856445
-3.8591220914478224,51.12647216784122,1792.998046875
-3.6877207719606964,51.12907208922726,1797.682373047
-3.516296094739608,51.131420795485,1354.795776367
-3.344849736094558,51.13351803954804,1031.122924805
-3.173383221076122,51.13536380565412,947.391601562
-3.0019003869358434,51.13695782295706,777.558288574
-2.830403217053842,51.13830106688258,739.30291748
-2.6588935431450813,51.13939354520452,849.686035156
-2.487373656043145,51.14023441376449,945.427246094
-2.3158462383253493,51.14082370005275,1006.06427002
-2.144315270286379,51.14116150626813,995.013671875
-1.9727826815177727,51.14124764918291,895.826049805
-1.8012507116960412,51.14108285236716,833.766479492
-1.629721703869836,51.14066594354123,841.329956055
-1.4581990118070167,51.13999797184136,832.14654541
-1.28668313786433,51.13907883231993,843.601623535
-1.1151783040564003,51.13790851895571,913.986022949
-0.943686495971899,51.136485574251964,922.79498291
-0.7722087363240707,51.13481101389439,889.10345459
-0.6007472579166324,51.13288520459044,846.181213379
-0.4293063749239409,51.13070868296489,870.960876465
-0.2578890632939171,51.12828122785054,846.003967285
-0.08649814710702125,51.12560237232615,863.207092285
0.08486456592725224,51.122672448258214,853.110290527
0.2561979423284695,51.11949213887803,851.451599121
0.42749962621839305,51.116060727138816,798.87677002
0.5987668075994947,51.112378316721916,743.351196289
0.7699958153816113,51.10844565252533,730.185668945
0.9411852248020875,51.104264228671525,757.295349121
1.1123315117372417,51.0998330755622,848.950012207
-4.035240519366425,51.23145833690293,1290.055053711
-3.863466303662532,51.234320403303265,1530.537475586
-2.832345466812522,51.24619408173036,857.06451416
-2.6604344444482635,51.24729042106941,1082.493652344
-2.488513619255701,51.248134493706274,1099.069091797
-2.3165859600986547,51.248726259644044,901.686523438
-2.1446539599117473,51.249065570705675,873.723815918
-1.9727199935598896,51.249152134985145,842.576171875
-1.8007863863488098,51.248986568626265,810.872802734
-1.6288564276932989,51.24856859461949,846.175292969
-1.4569314182177664,51.24789804309604,871.279418945
-1.2850136749519288,51.24697594913906,854.51940918
-1.113108051903931,51.24580118580724,845.196838379
-0.9412171083033118,51.244372715085866,799.738891602
-0.7693400919529515,51.24269132724153,771.602233887
-0.5974789943292786,51.2407577064863,752.757385254
-0.42563740780440806,51.23857234027739,825.10345459
-0.25381967820389706,51.23613570234437,809.764526367
-0.08202798153215998,51.23344665617209,806.220275879
0.08973486975675508,51.230505469843884,778.929260254
0.261467678814174,51.22731234893357,733.475158691
0.4331689160213893,51.22386791816309,672.352233887
0.6048347559399765,51.22017192684821,711.413391113
0.7764619467105704,51.216224597562885,771.498535156
0.9480482957465252,51.21202680077961,804.385070801
1.1195921259080681,51.20757807524594,819.998474121
1.2910912683199693,51.202878597259684,801.635742188
-2.8342988062744534,51.35408545186812,939.053405762
-2.661984662368444,51.35518642482929,1016.804016113
-2.489660929866386,51.356033307070426,909.044616699
-2.317330171644125,51.35662730153274,863.390686035
-2.144994703518634,51.35696788784993,778.229492188
-1.9726568415128543,51.35705472362993,799.624816895
-1.800319704422019,51.356888488445975,857.734008789
-1.6279853705115568,51.35646901485432,875.515563965
-1.4556559113789023,51.35579580243136,888.536560059
-1.2833344209500166,51.35486985562059,814.358032227
-1.1110251078512359,51.35369095296925,739.64666748
-0.9387311858437439,51.35225699984994,695.977111816
-0.7664525178778648,51.35056920059263,720.728088379
-0.5941895638020553,51.34862812098894,692.484436035
-0.4219460927520998,51.34643446487794,663.179260254
-0.2497251808787581,51.343988151105464,693.418518066
-0.07753013574348086,51.341288572723904,762.006225586
0.09463519908030911,51.338336165155106,773.683776855
0.26677054199185724,51.33513071948567,728.23449707
0.43887281092208064,51.33167227734263,697.405944824
0.6109399661643273,51.32796250545426,678.543640137
0.7829684270069023,51.32400103916772,647.53302002
0.9549556065537005,51.31978696024255,672.407165527
1.126899581730433,51.31532018600203,649.341552734
1.2987974081444353,51.31060203863578,631.67364502
-3.526996530984231,51.45501371251797,1202.55090332
-3.3543401969150266,51.45713550484689,1166.45324707
-3.1816646342963386,51.45900327971813,1122.372924805
-2.8362650657679995,51.461975048276024,881.890808105
-2.663545113695807,51.46307965797243,880.892028809
-2.4908149126055554,51.463930367310745,867.793640137
-2.31807815268745,51.46452638221184,931.03326416
-2.1453366948573476,51.46486846131843,827.867919922
-1.972593085707597,51.46495590810778,805.437011719
-1.7998496752948443,51.46478898274762,851.620666504
-1.6271086899069693,51.46436749424013,861.703857422
-1.4543730776005197,51.463691485715486,793.071472168
-1.2816463084004954,51.46276174544304,753.541442871
-1.108930652771588,51.46157781211033,709.567687988
-0.9362301215689799,51.46013884230191,675.731079102
-0.7635464794360445,51.45844508172561,654.226501465
-0.5908789100768171,51.4564970337555,653.934814453
-0.41823053366055535,51.45429444518051,633.508239746
-0.24560405175620756,51.451838229749285,627.225952148
-0.07300435990455476,51.44912843420989,621.517089844
0.0995665138024427,51.44616450639932,618.278015137
0.2721066425821613,51.44294655281286,595.780029297
0.44461278270925314,51.43947524657127,585.683044434
0.617082420997164,51.43575142850177,547.009887695
-3.703648628727883,51.560489599796995,1470.86315918
-3.5306070204497173,51.56287433619044,1800.094116211
-3.3575433081207695,51.565004343490145,1660.356811523
-3.1844602892667626,51.56687951857085,1414.644165039
-3.01135936410555,51.568499112514516,1149.416137695
-2.6651159216686167,51.57097142984538,836.265319824
-2.491976931851286,51.571825466954216,851.416870117
-2.3188309116990227,51.57242393710896,888.38482666
-2.1456811311325783,51.572767441184745,848.182373047
-1.9725286268654871,51.572855444570145,767.935424805
-1.7993760684471516,51.57268755595233,739.041748047
-1.6262265765608308,51.57226409689703,726.385498047
-1.4530831748725892,51.57158567645735,723.322692871
-1.279947696553253,51.570652017655256,695.858703613
-1.106823619629976,51.56946351867392,694.559326172
-0.9337146363312804,51.56801894031743,768.443847656
-0.7606223123395447,51.566318708952565,732.491088867
-0.5875464394726041,51.564363154472666,691.804870605
-0.4144899530189235,51.562152365202756,664.580322266
-0.2414567821595982,51.55968680024244,671.510742188
-0.06844973051490244,51.55696587285494,629.470397949
0.10452861621606088,51.553990432486096,600.250427246
0.2774755058767223,51.550760843055144,587.784057617
0.45038779826666886,51.54727653176793,579.803894043
0.6232639107693917,51.543538481703074,553.234191895
-4.921002532146103,51.64442087088068,1146.774536133
-4.227884792497835,51.65962152152002,1177.866577148
-4.05451633645631,51.66278303892072,1332.912475586
-3.8811173152420637,51.66568912645973,1438.885986328
-3.707690629716034,51.66833875338933,1971.056396484
-3.5342391081839737,51.67073267045261,2476.76171875
-3.3607663699551695,51.67287100569333,1906.837890625
-3.187273519279634,51.67475297129186,1553.028564453
-3.0137610404683266,51.676378501939986,1402.756103516
-2.8402350192741777,51.6777479935318,1086.746459961
-2.666696248488372,51.67886168707185,1030.364746094
-2.4931460051265146,51.679719041162755,821.654052734
-2.319589040109213,51.680320226502715,894.409362793
-2.1460274670537736,51.68066487667511,902.039672852
-1.972463343078302,51.680752971068095,787.710632324
-1.798899387193138,51.680584520535696,743.416442871
-1.6253394783910184,51.68015945693894,678.968444824
-1.4517851352257,51.67947805764574,646.379150391
-1.2782388639132367,51.67854075192041,639.723022461
-1.1047035846200997,51.677347154564366,652.665893555
-0.9311825187851729,51.67589696992815,753.412963867
-0.757677867314968,51.674190203765065,809.670410156
-0.5841921017699105,51.672227414630726,776.756164551
-0.41072688339799635,51.67000853182116,699.815734863
-0.23728393723538668,51.667532932562374,699.410766602
-0.06386659842400422,51.66480160183659,660.455627441
0.10952052842725696,51.661814977484916,653.547485352
0.2828767243994589,51.65857276255895,623.527404785
0.456198005776659,51.6550752986458,600.995117188
0.6294834147675514,51.65132255021127,577.633605957
0.8027314425497972,51.64731392197829,543.985900879
-5.101540941320907,51.74772066276402,1113.422607422
-4.927952864678906,51.752175744118816,1221.129272461
-4.7543207804780145,51.75637477582006,1336.077636719
-4.580647994674069,51.7603177755549,1385.630249023
-4.406937029067631,51.764004410800226,1326.640869141
-4.233190255244149,51.76743472005117,1396.102050781
-4.059410711021992,51.77060831155537,1562.562744141
-3.8855993689615547,51.77352538136908,1791.866699219
-3.7117591661959173,51.776185358226506,1962.100952148
-3.5378952998883024,51.77858846903215,1952.229370117
-3.3640092466477487,51.780735147231496,1775.800292969
-3.190102448050087,51.78262412026574,1621.064941406
-3.0161776552290345,51.78425604374704,1257.868164062
-2.8422380345731364,51.78563137978031,959.803161621
-2.6682854113279677,51.78674968535393,1014.709960938
-2.4943227622955804,51.787610992472814,950.544067383
-2.3203523915039748,51.78821423421569,770.748779297
-2.1463760653876847,51.788560047385864,918.927978516
-1.9723979770204554,51.788648601374085,903.533447266
-1.7984209553894448,51.78847952190525,833.262268066
-1.6244468701727819,51.78805305753172,774.951599121
-1.4504789978798232,51.78736876228333,707.547729492
-1.2765191059518766,51.78642728127264,678.842041016
-1.1025702117166387,51.78522874238865,656.643615723
-0.9286349534149066,51.78377283880491,644.859436035
-0.754715697843847,51.78206025704701,710.865234375
-0.5808164564331484,51.78009062370071,769.50970459
-0.4069392545896249,51.77786272182118,724.986328125
-0.23308415958366038,51.775377263738264,664.39050293
-0.05925516342040152,51.77263545919247,641.916137695
0.11454498628507347,51.76963752883556,634.870300293
0.2883124280228735,51.76638264792289,616.942138672
0.462045402636467,51.76287159594032,580.302490234
0.6357424596263885,51.75910406214466,577.966247559
0.8094011142654819,51.75508025835372,545.26184082
-5.10894732948267,51.85545529547298,1160.250244141
-4.934945912382991,51.859927714841575,1343.823852539
-4.760900856292768,51.86414287156036,1447.591186523
-4.586814773377517,51.86810094762482,1482.101074219
-4.412689923896083,51.87180184623111,1501.152587891
-4.2385289495662475,51.87524532191479,1523.236694336
-4.064334588577071,51.87843138200815,1523.080932617
-3.8901090225529975,51.8813594544442,1712.940551758
-3.715854321034289,51.884029829210085,2202.791259766
-3.5415746587391688,51.88644211050335,2058.7109375
-3.3672725555671232,51.888596711975374,1738.448608398
-3.192949916136611,51.890493610154685,1368.10546875
-3.018609213853678,51.89213217276642,1246.145141602
-2.8442533559941774,51.89351295350043,931.567138672
-2.6698850363584703,51.89463584068527,848.617675781
-2.495506273702125,51.89550023095633,827.720275879
-2.3211192468947264,51.89610574696447,730.947814941
-2.14672666816208,51.89645261487542,731.450317383
-1.9723326866857183,51.89654171917697,914.518981934
-1.7979397120681382,51.896372236804645,893.478942871
-1.6235495441950492,51.89594415829097,790.965698242
-1.4491644496636855,51.89525730961592,765.386657715
-1.274788549886527,51.894312067215,703.142333984
-1.100423823032929,51.893108633497256,669.123535156
-0.9260730318781373,51.89164708355033,658.63092041
-0.7517373348438967,51.889927914345314,674.348876953
-0.5774211642254823,51.88795044816419,679.221496582
-0.4031280693577928,51.88571349562795,692.589538574
-0.22885805241509397,51.883218830128236,657.985168457
-0.05461345031498908,51.880467173131265,650.196899414
0.1196008789087177,51.87745703068312,651.88873291
0.2937828891344077,51.87418963197845,623.946289062
0.4679310340140549,51.870665002449044,607.190490723
0.6420420150570705,51.86688348815246,600.479248047
0.8161140944889359,51.862844150826525,581.326721191
0.9901444493766206,51.85854733111227,573.054931641
1.1641287561127347,51.85399392171202,562.37298584
-5.116399974636015,51.96318698320909,1159.958007812
-4.941983425439269,51.967677038226284,1434.599975586
-4.767522642563383,51.97190855944623,1678.03125
-4.593020435141368,51.975881750393945,1625.4765625
-4.41847918888927,51.97959697171527,1617.735839844
-4.243900856954848,51.98305379564718,1730.975219727
-4.069289144218243,51.98625197701497,1736.836669922
-3.8946461048884387,51.98919142017388,1495.526855469
-3.7199741431708158,51.9918720433892,1565.653076172
-3.545276310331378,51.994293894435934,1479.567016602
-3.370556459283681,51.996456432808536,1224.659179688
-3.1958157686124795,51.99836015782173,1193.864624023
-3.0210561745421893,52.00000563822575,1184.877197266
-2.8462815230275846,52.0013922516277,836.389038086
-2.6714939040476535,52.002519326925,764.61340332
-2.4966963738055092,52.00338690973877,727.698547363
-2.3218900455098144,52.003994719143385,708.836853027
-2.1470790496067944,52.00434327957151,679.400146484
-1.9722668748472978,52.004432613973,734.734008789
-1.7974551511918657,52.004263018410605,802.029602051
-1.6226463693409483,52.003833340422425,713.222473145
-1.4478431493978094,52.003143694249005,735.930908203
-1.2730482486514274,52.0021947282039,728.773986816
-1.098264961260591,52.00098688855605,718.207885742
-0.9234958092974037,51.99951962638168,678.670898438
-0.7487422050727348,51.99779330646233,662.886169434
-0.57400666397512,51.99580770762042,648.319946289
-0.39929419557438883,51.993562426749506,616.70916748
-0.22460613766408724,51.9910583283633,603.058410645
-0.049942980586213076,51.98829571330152,645.764282227
0.124688632584276,51.9852745291465,648.137817383
0.2992879920659535,51.98199426717285,633.469299316
0.4738535499717596,51.978456053288205,617.575439453
0.6483814890628882,51.97466004382067,613.401855469
0.8228700373118099,51.97060489278856,590.901184082
0.997314976108458,51.966291521419656,586.028564453
1.1717142409468708,51.96172003033213,586.242431641
-4.599264875751859,52.08366023521522,1194.833007812
-4.42430429101608,52.08738980267335,1352.422241211
-4.249306643144136,52.0908600298488,1451.452636719
-4.074274924883986,52.09407057009063,1456.828125
-3.8992114380827423,52.09702147438205,1717.950073242
-3.7241192492556037,52.099712398989354,1772.526245117
-3.549001354060541,52.102143339656756,1541.708374023
-3.3738602259701254,52.104314329604776,1215.154296875
-3.198698211196306,52.10622522160673,1045.275146484
-3.0235176978650053,52.10787682920802,848.55078125
-2.8483215902801025,52.10926897317607,741.493225098
-2.6731126386805015,52.11040052887849,717.007141113
-2.4978938052505484,52.111271614347984,765.421508789
-2.322667052080913,52.11188182869239,746.571411133
-2.1474348627988795,52.112231946582966,669.795043945
-1.9722012331737395,52.1123216730769,664.752441406
-1.7969680010392115,52.11215132729454,639.599975586
-1.621737765464221,52.1117205583873,642.589904785
-1.4465136087441135,52.11102831885587,686.990966797
-1.2712977531813971,52.11007552987652,718.661682129
-1.0960930765911876,52.1088629382687,724.518554688
-0.9209028504235918,52.10739018214824,683.465454102
-0.7457283388406177,52.105656311829,648.537536621
-0.5705716721742463,52.10366274413108,609.273986816
-0.3954379636721378,52.101409471156636,575.614013672
-0.2203277409473425,52.0988957992257,572.617431641
-0.04524415456026133,52.096122572931314,574.49609375
0.12980817405599568,52.09308953888959,572.877075195
0.3048280898840873,52.089797103807015,613.857666016
0.4798129962197822,52.08624530025169,623.373291016
0.6547602011690057,52.082434092062265,610.934082031
0.8296673089157436,52.078363609969294,617.913269043
1.0045305594355494,52.07403319634062,601.800537109
1.1793479936805296,52.069443706322566,613.756469727
1.354118238457223,52.06459600337304,617.79888916
-4.430126119197574,52.19516234163722,1255.172973633
-4.2547463423801215,52.19866349291608,1245.840087891
-4.079291999128828,52.201886505744476,1333.253295898
-3.9038057884529755,52.204848955837846,1579.782836914
-3.7282906261193327,52.2075504430722,2004.310546875
-3.5527498540822617,52.209990660469025,1603.735351562
-3.377185047626205,52.21217020893951,1155.114379883
-3.2015977186962434,52.21408885809791,1174.327758789
-3.02599327852166,52.21574663163157,946.074951172
-2.8503749092611352,52.217143735668564,778.144775391
-2.674742152010652,52.21828018919904,766.945495605
-2.499099350994424,52.21915446178796,792.698059082
-2.3234491872155147,52.21976711323632,728.741943359
-2.1477932388171115,52.22011864589149,688.399475098
-1.9721350277678913,52.220208636395604,706.070922852
-1.796477842444237,52.22003728011602,690.026123047
-1.6208237011104074,52.21960460144237,667.15032959
-1.4451753169847448,52.218910417789914,654.021057129
-1.2695349755136345,52.21795468162839,701.867919922
-1.093906586502424,52.21673715563211,689.473754883
-0.9182927507381863,52.21525826888233,656.863952637
-0.742694686940822,52.21351726133199,652.429016113
-0.5671155817745049,52.21151613544368,637.605224609
-0.3915576240302862,52.20925413692889,609.088256836
-0.21602422300393537,52.20673070241499,588.771240234
-0.040516921015984766,52.203946861029436,591.164794922
0.13495963470429972,52.20090219067042,566.939331055
0.3104018343829078,52.19759713279185,583.307617188
0.48580872907782474,52.19403201290762,631.53729248
0.6611772694845842,52.19020567954401,642.789367676
0.8365067071298607,52.18611932426561,632.657958984
1.0117914927307279,52.18177224096206,615.014343262
1.1870296127723916,52.177165134333755,643.37890625
1.362220535018147,52.17229870987348,641.077453613
1.5373608847426916,52.167173257947496,619.234558105
-4.084340851359895,52.30969994312749,1239.000854492
-3.9084293859720836,52.312673950196405,1445.916503906
-3.7324889867744466,52.3153859805649,1918.470703125
-3.55652201787404,52.31783594227314,1551.998535156
-3.380530510488524,52.32002408602848,1205.959350586
-3.2045167495526807,52.321950370721844,1168.988525391
-3.028485699752242,52.32361500138486,1011.416137695
-2.852441133924638,52.325017060720114,845.752502441
-2.6763824286495304,52.3261570264582,774.403503418
-2.5003126174017067,52.32703474161029,778.453063965
-2.324235932280239,52.327649662412846,711.141601562
-2.1481527918591885,52.32800238951983,701.424865723
-1.972067711586026,52.328092568513036,768.914978027
-1.7959840180181745,52.32792061857809,763.266723633
-1.6199030282280233,52.32748643986858,713.353149414
-1.4438284759364226,52.326789933663036,643.124938965
-1.2677613567818848,52.3258306681502,648.169921875
-1.0917060758300288,52.3246083521076,686.18371582
-0.9156658219244465,52.323122959741866,675.547668457
-0.7396412693948518,52.321375866295625,668.309020996
-0.5636361644352582,52.319367288175954,641.236572266
-0.3876522265311251,52.31709666522856,602.043334961
-0.21169278639083794,52.314563669196744,572.987609863
-0.03575988681576747,52.311768975080156,561.228515625
0.14014165200168588,52.308712344065555,562.938842773
0.316008483053347,52.30539468872065,556.730957031
0.49184066528835924,52.30181547997045,580.177001953
0.6676348911940609,52.29797475180673,615.612182617
0.8433883106733249,52.29387217485005,617.51574707
1.0190973491157296,52.28950857892094,610.479553223
1.1947592577639308,52.28488376112816,622.045715332
1.370373574267265,52.27999865543849,640.808959961
1.5459356880659767,52.274853627748904,631.780395508
-4.089421500446666,52.41751104500897,1117.065063477
-3.9130826141268056,52.420496506787316,1561.525390625
-3.7367141057186233,52.4232191019453,2309.162109375
-3.5603183235577065,52.42567874509324,1554.0859375
-3.383897897823734,52.42787579861173,1286.28137207
-3.2074556479804146,52.42980990968732,1120.490356445
-3.0309947052910604,52.431480764110916,955.344909668
-2.854520107356525,52.432887902094144,848.641113281
-2.6780331636700283,52.43403179684083,884.534851074
-2.501534503104801,52.43491252665865,838.687561035
-2.3250277546203506,52.43552981335837,748.855163574
-2.1485150321845947,52.435883569374155,737.766052246
-1.9720017558836342,52.43597411194123,810.330749512
-1.7954884845206096,52.435801578539156,751.759094238
-1.6189775438205416,52.435366000582775,728.499084473
-1.4424728303099494,52.434667043695256,697.536865234
-1.2659767098781616,52.43370389597775,710.272705078
-1.0894923823480243,52.43247680195084,709.639587402
-0.9130220694149913,52.43098578550264,707.408691406
-0.7365684147925601,52.429232140576595,682.188964844
-0.5601341773012085,52.427216125158296,649.600524902
-0.38372191315111054,52.42493704489531,619.811584473
-0.20733353197520185,52.42239457403561,593.718078613
-0.03097337882329992,52.41958882867896,576.335754395
0.1453552483612566,52.416520462478985,580.379150391
0.3216503303192564,52.41318903836868,583.591430664
0.49790996107876334,52.4095960695568,592.711730957
0.6741316772968002,52.405740501248744,648.294128418
0.8503121866634092,52.40162244698067,647.520874023
1.026447805969933,52.39724215287415,633.009277344
1.2025367011256483,52.39259954558901,635.350646973
1.3785765826401666,52.387695630563215,633.457946777
1.5545637554628746,52.38253033160857,623.950866699
-3.917765337104094,52.528316340657724,1660.140014648
-3.740966163209701,52.53104931551805,2004.601196289
-3.5641391563872604,52.53351877396436,1565.67956543
-3.3872871465379806,52.535724520610366,1089.08581543
-3.210412994298013,52.537666066773674,914.209411621
-3.0335203759103333,52.539343119522805,871.125793457
-2.8566140802226845,52.540755985985136,915.924133301
-2.6796947648950344,52.54190435280387,823.980407715
-2.5027639004280435,52.542788174747876,779.805664062
-2.325824722029381,52.543407844104806,701.238586426
-2.148880204748954,52.54376347169129,738.237670898
-1.9719342744875503,52.543854426889574,757.19519043
-1.7949889849300675,52.543680722414,723.448547363
-1.6180461173430003,52.54324362912624,700.548950195
-1.4411088071825127,52.54254169047168,685.578918457
-1.2641811974427535,52.54157496734083,665.874816895
-1.0872652723600584,52.54034353721155,681.610717773
-0.9103628811284177,52.53884741929949,692.355712891
-0.7334764946556503,52.537087100526776,677.444335938
-0.5566109823935028,52.53506285917947,662.646484375
-0.37976762739465497,52.532774859905864,593.092651367
-0.2029481134121418,52.530222648781404,589.960144043
-0.026157413370660652,52.52740604307466,574.681335449
0.1506021570930051,52.52432508810525,575.562805176
0.32732797922890716,52.52098140243383,589.590515137
0.5040184645377539,52.51737427671369,629.088378906
0.6806695900633136,52.51350369660095,665.684570312
0.8572788227756247,52.50936993990404,672.465942383
1.0338441106118947,52.504972875325784,661.251831055
1.2103622960071507,52.50031277250415,655.111633301
1.386830848139961,52.495389396836714,655.229003906
1.5632458746628615,52.49020369681139,633.018615723
1.7396053398460931,52.48475531119952,624.645690918
-4.099680634914104,52.6331248613673,1461.465942383
-3.922478054187623,52.63613342077251,2131.042480469
-3.745245177835002,52.63887706754306,2011.808105469
-3.5679842571233187,52.641356164933455,1771.1015625
-3.390697638095803,52.6435703010936,1238.714355469
-3.213388488154897,52.64551917291166,925.975891113
-3.036061757189419,52.64720273783687,830.390869141
-2.858721190047025,52.64862110855714,759.888183594
-2.681366488761816,52.649774054777524,696.873901367
-2.5040010799594867,52.65066158615053,740.608886719
-2.326627473843348,52.65128351666839,719.911743164
-2.1492475098808352,52.65164074398732,732.573486328
-1.9718656433977124,52.65173241056943,754.837524414
-1.794485354947258,52.65155845009542,680.438415527
-1.6171082091472446,52.65111886934657,655.240783691
-1.4397358404931941,52.65041425107832,700.15826416
-1.2623735972115149,52.64944387895505,732.508911133
-1.085024012981111,52.64820806643001,669.542297363
-0.9076866348993942,52.64670659267623,718.499328613
-0.730365793470364,52.64493941660279,716.718139648
-0.5530656282680542,52.642907342809494,657.212524414
-0.3757884069690337,52.64061024851966,607.127075195
-0.1985349099943359,52.63804787567755,583.447937012
-0.02131010610971444,52.6352200594084,581.730041504
0.15588227183356085,52.63212779206557,588.911315918
0.33304197666143803,52.62877123967889,605.586181641
0.510165731247896,52.62515046237098,653.759765625
0.687249578022557,52.62126506077966,710.289306641
0.8642918901774409,52.61711512293717,704.365661621
1.0412891615070685,52.6127008848593,698.418701172
1.218238542926406,52.6080224985346,681.498840332
1.3951378901260731,52.60308019921794,644.607299805
1.5719835316059354,52.597874380069086,621.280090332
-3.9272207661467236,52.74394815904223,2005.78515625
-3.7495512300394926,52.74670254754225,2292.772949219
-3.5718534335662606,52.74919099093676,2168.240478516
-3.3941298222004246,52.751413538457875,1486.817138672
-3.216383739044963,52.75337003335917,996.137695312
-3.038619655216048,52.755060317499854,770.297485352
-2.8608406615771846,52.75648431340806,714.196472168
-2.683048633373528,52.75764176853591,687.561950684
-2.505246026982839,52.75853254239398,673.538208008
-2.3274353680441164,52.75915713640801,728.864318848
-2.149617664805778,52.759515864703744,726.813354492
-1.9717980122140777,52.759607989966725,751.778930664
-1.793979559968796,52.759433521779485,691.838317871
-1.6161648296230149,52.75899213266249,685.22277832
-1.4383548660231011,52.75828449708183,717.266784668
-1.2605545778243037,52.757311064293376,722.994750977
-1.0827673379830376,52.75607088877227,649.057739258
-0.9049926362646797,52.75456334130478,659.549072266
-0.727234536903067,52.752789381705675,680.295593262
-0.5494972399367652,52.75074942045408,655.206298828
-0.3717830255773856,52.7484433639496,607.286865234
-0.19409355137730902,52.74587109026138,586.891662598
-0.016432217899711502,52.74303241557368,605.286682129
0.16119738714680698,52.739928042345085,609.89666748
0.3387929740065059,52.7365584867874,622.323730469
0.5163519391757537,52.732924037352085,683.799377441
0.693871420838397,52.72902379610374,741.807739258
0.8713493265278421,52.7248573880481,702.943725586
1.0487821601885248,52.72042605571121,707.713928223
1.2261653839083626,52.715729403874576,690.896911621
1.4034978985771216,52.710768002600815,660.797241211
1.5807775149426626,52.70554154966201,636.027709961
-4.644095216555849,52.83803157217548,1090.46862793
-4.46612583762534,52.84186376187812,1101.57409668
-3.931993756218173,52.85176066164494,2144.457519531
-3.753884530522156,52.85452573285295,2173.336669922
-3.5757470934023394,52.85702387260811,1963.560913086
-3.397584522733149,52.85925508537434,1663.174072266
-3.2193992305906236,52.86121922035846,1209.612792969
-3.0411948991671114,52.862915942979605,915.356201172
-2.8629753396285014,52.86434543659805,741.691223145
-2.684742224413443,52.86550731003683,741.845947266
-2.506499770392788,52.86640181367743,729.489746094
-2.3282482882786906,52.867029034719444,776.847839355
-2.1499902835953453,52.86738905615467,780.917785645
-1.9717305303446604,52.86748179433628,795.276550293
-1.7934713280400232,52.86730656932812,744.787414551
-1.6152152876555599,52.86686344672933,707.931762695
-1.436965277758484,52.86615288238185,674.231750488
-1.258724943918219,52.86517586398205,640.948120117
-1.0804964419480438,52.86393086573213,638.19519043
-0.9022817835850455,52.86241793491302,650.636047363
-0.7240841052097456,52.86063719498331,676.706970215
-0.5459064884333642,52.858589481870624,664.757263184
-0.36775215519944393,52.85627460519455,616.00958252
-0.18962359537538012,52.853692403335465,596.195739746
-0.011522903047995425,52.85084290398887,617.621887207
0.16654588367639414,52.847726401228925,618.30456543
0.5225772137877738,52.840695041278906,675.524108887
0.700535305364467,52.83677939225507,728.362060547
0.8784510808064221,52.83259681618927,712.976257324
1.0563212677491503,52.82814811951802,738.703857422
1.2341423650584862,52.82343377680613,705.491027832
1.4119117693635448,52.81845268296734,665.274169922
1.5896664099029865,52.81320497066844,647.093505859
-4.472254829647795,52.94963541296365,1222.682983398
-4.293805016916125,52.953214988045154,1566.297973633
-4.115318273595403,52.95652670023298,1870.588989258
-3.9367975170804126,52.959570770122276,2259.150390625
-3.758245876258555,52.96234697533463,2180.719970703
-3.5796657864142096,52.96485498490422,1612.880126953
-3.4010606340718694,52.967095160925496,1232.047973633
-3.222433118481924,52.96906662125973,1210.053344727
-3.0437863246113923,52.9707700990769,917.703491211
-2.8651239772669617,52.972205275260805,700.001098633
-2.6864482208594795,52.97337152769549,737.132751465
-2.507761794612576,52.97426961555934,743.607727051
-2.3290666077197617,52.97489945182997,820.242797852
-2.150365470099907,52.97526091740706,884.90625
-1.9716616705034093,52.97535349050921,912.031433105
-1.7929584681953143,52.97517744492592,880.475036621
-1.614259189150614,52.97473264879041,817.340148926
-1.4355667271943602,52.97401952341692,751.988830566
-1.2568828994244123,52.97303804207398,703.291503906
-1.078210942345816,52.97178797084786,667.848144531
-0.8995527309636357,52.970269661675225,604.871582031
-0.7209125969367626,52.968482656579134,611.495422363
-0.5422923196897195,52.966426879988205,630.049316406
-0.3636952823021435,52.964103129213754,597.973571777
-0.18512448542879234,52.96151140425829,590.748291016
-0.006581988027643119,52.95865170411819,626.792541504
0.7072414349845569,52.94453229055046,676.70916748
0.8855979153220109,52.94033339363099,652.358093262
1.0639083021168234,52.935867506502696,689.491149902
1.2421695761293396,52.9311343887271,696.801208496
-4.299529171156347,53.060998671897906,1665.001342773
-4.12059769832373,53.06432317477749,2800.372070312
-3.9416321313311213,53.067379079098984,2863.655273438
-3.762635180788503,53.07016606935829,1775.178588867
-3.5836101905430127,53.07268371986734,1466.642333984
-3.4045593091392363,53.074932368516016,1115.214233398
-3.225485809568023,53.076911732376594,997.585205078
-3.046394738290908,53.07862199268569,899.801208496
-2.867286517746643,53.0800627298136,701.333862305
-2.6881640443242816,53.08123388762957,745.109741211
-2.509031099999971,53.08213543701966,729.11541748
-2.32988966389821,53.08276783081564,752.33392334
-2.1507417258337105,53.08313048093006,914.120910645
-1.9715913651725474,53.083223221453245,1041.544189453
-1.7924422276192062,53.0830461203957,1102.073852539
-1.6132972968557235,53.08259986330793,976.909973145
-1.434158521290192,53.081883912587486,842.66394043
-1.2550284482741085,53.0808981179847,773.525024414
-1.0759095429278858,53.07964284736596,703.945251465
-0.8968061549905815,53.0781187307205,631.271240234
-0.7177197737273208,53.07632511598985,609.163269043
-0.5386543913511617,53.07426187534993,622.145263672
-0.35961243583951613,53.07192937352885,595.600891113
-0.18059677540670777,53.069327844993936,593.051818848
-0.0016097995388543633,53.06645734601305,618.127319336
0.17734433458691318,53.06331729331966,623.499511719
-4.305289965404696,53.168779668352116,1155.475585938
-4.125911169740647,53.17211739300327,1738.425048828
-3.9464978395594854,53.17518513949913,2180.855712891
-3.7670535316110474,53.17798288284578,1406.486572266
-3.5875801981951723,53.18051056963859,1127.989257812
-3.408080834730141,53.1827676103212,872.352661133
-3.228559269491696,53.184754893229524,943.934631348
-3.0490189349652717,53.186471775938536,784.942260742
-2.8694618293649516,53.187917550056476,726.100891113
-2.6898900241526613,53.18909305915041,781.804870605
-2.5103070928900024,53.189998542313646,765.429382324
-2.3307164600294445,53.19063335823195,772.468383789
-2.1511198599636465,53.19099759128716,942.051940918
-1.971520987691673,53.191090320132155,1240.382080078
-1.7919232644756007,53.1909125129369,1142.612670898
-1.6123291604824845,53.190464444186816,970.323730469
-1.4327409749425146,53.18974603716036,843.886657715
-1.253161372379018,53.18875660224848,749.356689453
-1.0735944703583078,53.18749662317935,675.057434082
-0.8940420094476619,53.185966235528134,637.584594727
-0.7145080999647153,53.18416525021969,616.530639648
-0.5349941196106629,53.18209417998921,625.827575684
-0.35550349178641333,53.17975317821775,608.389099121
-0.17603994495922673,53.177141361825335,637.816223145
0.0033947613598068697,53.17425935880399,697.113220215
0.18279613861665694,53.17110720483394,662.337158203
-4.490879095631783,53.27293571611848,1005.545349121
-4.311087995566785,53.27655793799736,1133.947387695
-4.131259191807397,53.27990905848119,1078.403198242
-3.5915757161997974,53.2883353630703,876.532775879
-3.411625125246437,53.290601796971245,777.952270508
-3.231652336068331,53.292596318422,824.540161133
-3.0516596309463058,53.294319469992566,759.812683105
-2.8716507882794677,53.29577095276675,762.255249023
-2.6916272571661035,53.29695072480338,812.172058105
-2.5115921186167895,53.297859469410014,823.626647949
-2.3315494710561286,53.298496797214376,839.206054688
-2.1515013039421373,53.2988620643137,938.751525879
-1.9714505018625708,53.29895523743286,1245.842529297
-1.7914007701484282,53.298776542085186,1179.013061523
-1.6113543523418616,53.29832700392521,985.916870117
-1.4313142089912148,53.29760574709082,790.672302246
-1.2512834047660357,53.29661306241264,683.018920898
-1.0712640427475237,53.29534837707458,635.635009766
-0.8912605492915009,53.29381194206633,629.342712402
-0.7112751691952864,53.29200374013378,617.917236328
-0.5313104765483949,53.289924475244,640.111633301
-0.3513684954030874,53.28757420711987,641.890625
-0.17145356105810133,53.284952068825156,723.124023438
0.008431625513503942,53.28205825396683,729.506896973
0.18828399605839974,53.2788941102485,655.376586914
-4.497167398716938,53.380697422879734,1031.821655273
-4.316924496957639,53.384334082524454,1054.931640625
-3.05431781166291,53.402165074423934,794.877746582
-2.873854302314608,53.403622343064804,901.935241699
-2.693376155891742,53.40480670624632,865.088623047
-2.512886205733505,53.40571880815719,836.510864258
-2.332388096501509,53.40635835141148,854.981506348
-2.151885800878648,53.40672475124452,915.320251465
-1.971379753508368,53.406818229173396,1194.295776367
-1.790874518405664,53.406639063396845,1483.833251953
-1.6103733596343306,53.40618786892576,1127.994506836
-1.429878844797133,53.40546393400323,754.283447266
-1.24939333037278,53.40446726886715,680.904052734
-1.0689195328672116,53.40319761924336,619.381347656
-0.8884613851213642,53.40165519914418,597.613647461
-0.7080212922701303,53.39984023560841,624.874938965
-0.5276022288846532,53.39775270582051,634.307983398
-0.34720641249063694,53.39539285128969,673.814575195
-0.166837534238643,53.39276052751232,753.44708252
0.013500806902462326,53.389855824768965,674.057189941
0.19380622036592407,53.38667911737263,631.367858887
-3.0569920959215877,53.510008310734655,838.05859375
-2.8760713537480878,53.51147116005426,927.547485352
-2.6951362323315777,53.51266031469276,974.529846191
-2.5141880318626697,53.51357578803675,1009.829589844
-2.333232012350198,53.5142178786334,992.04864502
-2.152271110459695,53.51458596938453,1048.169433594
-1.9713079810912728,53.51467934666814,1389.438720703
-1.790345363856077,53.51449945525296,1456.336914062
-1.6093867549230356,53.51404669764501,971.257263184
-1.4284341553210425,53.51332010725242,685.260864258
-1.2474906236196792,53.512319265989944,624.246704102
-1.0665596238125772,53.51104495583198,602.680053711
-0.8856439627667876,53.50949658379394,602.737731934
-0.7047459153612727,53.50767411936015,640.189880371
-0.5238690493719498,53.50557806571379,658.796447754
-0.3430166672354469,53.50320870755181,654.026794434
-0.16219157961937228,53.50056671248801,655.128479004
0.01860249470465197,53.4976511145066,610.923706055
-3.059499940868799,53.61778753290032,863.399108887
-2.8783030195026105,53.61931815509538,930.497253418
-2.6969062701483226,53.62051202311252,1038.602539062
-2.51549820276705,53.62143094650251,1348.197387695
-2.334081499137252,53.622075317829506,1342.54284668
-2.1526598720451897,53.62244468365584,1327.280639648
-1.9712358369758525,53.622538512294526,1399.727416992
-1.789813310277599,53.622357590288104,1037.849121094
-1.6083935045536353,53.62190308324104,779.252563477
-1.4269792427864272,53.62117382059854,668.752258301
-1.2455752675693605,53.62016948291546,626.023986816
-1.06418384879665,53.6188900901352,598.210266113
-0.8828074708614108,53.61733523902141,614.105285645
-0.7014490362409502,53.615505613224784,628.559020996
-0.5201119927667515,53.613400851321536,660.641784668
-0.3387998137809126,53.6110221622482,647.943481445
-0.15751547807106614,53.60837011373602,614.164550781
-2.880548641981162,53.72716242378493,907.493041992
-2.6986887394042016,53.72836145658853,1020.175415039
-2.51681710388795,53.72928388857482,1215.789550781
-2.334937458665335,53.72993025924104,1341.094116211
-2.153052394546578,53.73030097382007,1436.533569336
-1.9711646245350511,53.73039557054256,1232.754272461
-1.7892775611516758,53.73021411598683,923.728637695
-1.607393694929739,53.729757536682335,739.951721191
-1.4255155800947106,53.72902536121672,657.998901367
-1.2436471399995215,53.72801714790062,613.298950195
-1.0617916186138456,53.72673293361961,601.11895752
-0.879952066497662,53.72517229489942,619.455749512
-0.6981306673055365,53.723335406977576,619.464233398
-0.5163302191664786,53.72122230078628,697.046691895
-0.3345556225710786,53.71883397236425,655.012634277
-0.15280865361176718,53.71617092049272,627.74432373
0.02890755926964648,53.71323214308205,604.133911133
-2.882809208091988,53.83500443981261,991.660949707
-2.700483406245432,53.83620787276792,1162.450561523
-2.5181458271760606,53.83713388213641,1266.112304688
-2.3357994883056254,53.83778313971979,1269.097167969
-2.1534475374720783,53.83815541347792,1241.082885742
-1.9710925739574148,53.83825074216992,1220.720214844
-1.7887381990457154,53.83806896439482,911.717956543
-1.6063875153866327,53.83761040972737,772.654907227
-1.4240423391098733,53.836875179331585,689.353149414
-1.241707268404245,53.835862934981606,632.349914551
-1.0593849904449661,53.83457389721443,610.177307129
-0.8770785131263749,53.83300710440533,625.695800781
-0.6947904831879534,53.83116275082623,685.552612305
-0.5125243842447396,53.82904157061863,726.062988281
-0.330283530000824,53.82664368206003,660.765319824
-0.14807076855122966,53.823969854265556,655.971252441
-2.885084540978388,53.94284393060391,998.265380859
-2.702289741343812,53.944051602524276,1385.981567383
-2.5194835880550412,53.94498196226994,1767.638183594
-2.336666999633584,53.94563442798317,1351.908935547
-2.153845112140186,53.94600844071625,1155.384155273
-1.9710199728502638,53.94610423883552,1055.560791016
-1.7881949873404206,53.94592195232313,1010.801025391
-1.6053744258473805,53.94546155561442,829.774536133
-1.4225595798430963,53.94472300414599,664.296813965
-1.2397547202895425,53.943706717285,645.397644043
-1.0569632943153942,53.942412248581675,628.945983887
-0.874186686986813,53.94083907311815,689.341430664
-0.6914294103199599,53.93898761406201,798.745483398
-0.5086943884291512,53.93685846033141,698.683349609
-0.32598441119102317,53.934451414423684,660.633544922
-2.887376938171265,54.05068085781358,1043.796142578
-2.704108788775676,54.05189400837751,1350.862304688
-2.520829795906127,54.052828363915715,1659.8046875
-2.337540348202108,54.05348361620362,1407.172485352
-2.1542447363547415,54.05385937019901,1406.614624023
-1.9709461742078578,54.053955514787354,1333.755249023
-1.7876484452625878,54.053772429105514,1185.444458008
-1.604354166459801,54.053310047284086,865.510620117
-1.4210666211660952,54.05256846469628,694.952392578
-1.2377896752216908,54.05154786142729,635.846984863
-1.0545255310995305,54.050247919523386,665.648620605
-0.8712763084798959,54.048668813513274,761.833007812
-0.6880465069803772,54.04681043134274,846.98223877
-0.5048391323821223,54.04467317048765,787.566589355
-0.32165696347625666,54.04225695122878,699.838195801
-6.739139286733478,54.06822280352694,862.745483398
-6.556341841357407,54.07530015053001,1032.614746094
-6.1905189197716695,54.08862283788776,1349.087158203
-6.007499526672878,54.094867679121016,1248.415039062
-4.542338487067311,54.13495788802126,1191.96105957
-2.705940276055979,54.159734967621525,1221.721435547
-2.522184326373657,54.16067304371092,1346.737426758
-2.3384184255063443,54.16133078354322,1682.708374023
-2.154646074586128,54.16170789551706,1799.724365234
-1.97087144003936,54.161804217552024,1650.478149414
-1.7870978212348947,54.16161999538698,1228.722167969
-1.6033277674125703,54.16115573061027,827.169799805
-1.4195641405441304,54.16041145304364,661.354797363
-1.2358109693764636,54.15938676902623,702.316955566
-1.0520710965451485,54.15808176530315,743.790161133
-0.8683465190211772,54.15649678926757,679.72467041
-0.6846409622272616,54.15463129425871,704.109985352
-0.5009586024809682,54.152485454672494,779.030273438
-0.3173010235620414,54.150059761507634,764.24786377
-7.666515874417039,54.13602378755768,1412.938964844
-7.483681970080297,54.14451644087472,1087.469604492
-7.3007551693963855,54.152732198376526,1072.145629883
-7.1177384922438245,54.16067075236906,1078.219238281
-6.751447635110111,54.17571506966996,1117.13269043
-6.568179541031365,54.18282026832355,1209.892822266
-6.384833741671303,54.18964713423105,1084.367797852
-6.201413301201461,54.196195410649885,1229.822143555
-6.0179212917178715,54.20246485113243,1571.233032227
-4.548961748247364,54.24269839659054,1502.225097656
-3.260409112142006,54.26306071488023,1625.048706055
-3.0762182465465293,54.264846269556074,1681.275878906
-2.892008028848255,54.266350907971756,1492.689331055
-2.707783474462823,54.26757403275903,1388.225097656
-2.5235478889115717,54.26851565878591,1677.086303711
-2.339302406054072,54.26917597185099,1956.279052734
-2.1550505483823508,54.26955446125581,1671.486572266
-1.9707965617084562,54.269650723824945,1297.331298828
-1.7865434827324653,54.26946566664524,965.253234863
-1.6022943690938172,54.26899962206034,713.892028809
-1.4180518338882373,54.268252461543234,688.824035645
-1.2338192012251792,54.267223813004684,856.684936523
-1.0496000448734717,54.265913733765586,871.619812012
-0.8653969525004939,54.26432233033583,783.248413086
-0.6812131299670783,54.26244955696399,855.814147949
-0.49705210921893844,54.2602954800713,771.242004395
-7.8644692201898225,54.23455228961,1553.653808594
-7.681262218048904,54.243355993361064,1303.775268555
-7.497958460516125,54.25188204579785,1115.297363281
-7.314560983718418,54.26013012656503,1240.048706055
-7.13107283370506,54.26809992546379,1177.016723633
-6.947497066140674,54.275791142491784,861.465393066
-6.763836745995607,54.28320348788197,940.282653809
-6.58009494723391,54.29033668214005,1001.91583252
-6.396274752498872,54.29719045608078,941.199768066
-6.212379252796302,54.303764550862816,1004.641845703
-6.028411547175528,54.310058718022475,1167.953857422
-5.844374742408267,54.31607271950599,1052.967895508
-5.6602719526654415,54.32180632770061,892.246948242
-4.5556274072259235,54.35043639741169,1141.577026367
-3.4483619791462674,54.368806093021846,1328.77331543
-3.2637121820224073,54.370880614846,2154.161865234
-3.0790388785989515,54.3726725977988,2463.250488281
-2.894346420848192,54.37418286387889,1859.543701172
-2.7096392446311817,54.375410948853414,1750.595703125
-2.5249205162492556,54.37635624698887,1779.807739258
-2.3401925032530513,54.37701897011615,1870.138305664
-2.1554582105179056,54.37739883636729,1620.17980957
-1.9707215762062609,54.377495700169305,1256.630004883
-1.7859857852961136,54.37731013767362,916.022338867
-1.6012541606998063,54.376842413094785,685.443725586
-1.4165297009957238,54.37609209674771,697.968200684
-1.231814765646894,54.375059286558965,905.963562012
-1.0471133207043037,54.373743749387074,1099.856079102
-0.862428183577596,54.372145957632696,1041.255004883
-0.6777622441320578,54.37026570329734,912.734436035
-0.49311978285605057,54.36810274869267,824.807678223
-8.063362716667799,54.3327284226612,1377.836547852
-7.879784350964234,54.34184517352698,1430.972412109
-7.69610531862294,54.3506835275996,1174.588378906
-7.512328671720235,54.359243151715,1226.951660156
-7.3284574727122225,54.36752372290429,1204.273193359
-7.144494794126007,54.37552492843556,1200.641723633
-6.960443718248165,54.383246465854484,990.904968262
-6.7763073368107225,54.39068804302359,876.592346191
-6.59208875067452,54.39784937816029,841.138977051
-6.407791069510202,54.40473019987363,846.821411133
-6.2234174114768,54.41133024719973,897.936401367
-6.038970902898078,54.41764926963589,983.053527832
-5.854454677936654,54.423687027173386,995.264953613
-5.669871878266031,54.429443290328976,889.07989502
-3.4521707491199063,54.476615836239475,1679.507568359
-3.267035565385713,54.47869811564799,3061.056640625
-3.08187661427758,54.480496988917466,3148.373779297
-2.896699323003019,54.4820129789162,2702.388671875
-2.711506748293948,54.48324591524068,2157.719726562
-2.5263019762332553,54.484194998099625,1429.123901367
-2.341088162913812,54.48486008602275,1222.701538086
-2.1558687234798253,54.48524138534836,1291.467163086
-1.9706467557181269,54.48533885555558,1059.483154297
-1.7854250538489276,54.48515298399722,803.277709961
-1.6002071450888513,54.4846835801432,677.036010742
-1.414996974725965,54.4839303103711,634.662841797
-1.2297971316546832,54.4828932828895,681.525817871
-1.0446108035666628,54.48157249047097,876.818908691
-0.8594402234759572,54.47996827490796,872.604797363
-0.6742884481235139,54.478080243383886,764.810302734
-8.079252701991749,54.43998052149983,1298.520751953
-7.895200149995882,54.44913318358469,1412.828369141
-7.71104603533049,54.45800636753701,1189.873779297
-7.526793436554121,54.46659973746879,1298.773925781
-7.3424454427608525,54.47491296776801,1232.637329102
-7.1580051532670455,54.482945743141,1106.854125977
-6.97347567729535,54.490697758653596,1151.851318359
-6.788860133656035,54.49816871977099,1010.036071777
-6.604161650425774,54.50535834239629,866.501037598
-6.234528421886494,54.518892488194794,895.00958252
-6.049599976137484,54.52523649569241,972.188842773
-5.864601189258417,54.53129813341463,985.778259277
-5.6795352307553895,54.537077169986354,899.232971191
-3.456003291341015,54.58442234435227,1432.579223633
-3.2703796795328492,54.58651308677696,2013.82421875
-3.084733036851146,54.58831966159135,2177.230224609
-2.8990672646633078,54.589841599342314,1846.709594727
-2.713386566966322,54.59107917705541,1285.946899414
-2.5276929850462717,54.59203186760789,1049.57421875
-2.3419898167367066,54.59269935638672,1469.236694336
-2.156281689692899,54.59308205214144,1310.073486328
-1.970571032597605,54.59318005262266,934.063598633
-1.784860623923512,54.59299353463288,748.268249512
-1.5991532729729758,54.592522286868636,689.956787109
-1.4134543339781582,54.5917662606458,647.329833984
-1.2277658854714462,54.590725176142506,610.012817383
-1.0420900463504053,54.5893992206024,664.698181152
-8.095247319387965,54.54722753518039,1323.34753418
-7.910717513339406,54.556416295125416,1316.107666016
-7.726085237743314,54.56532449016112,1391.889648438
-7.541353597950882,54.5739517816447,1422.703125
-7.356525710007441,54.58229784129098,1182.971191406
-7.171604700334603,54.590362351215404,1174.99987793
-6.986593705409711,54.59814500397577,1252.238647461
-6.801495871442508,54.60564550261264,1060.775146484
-6.616314354049214,54.612863560688375,922.880432129
-6.245712936508336,54.62645126224062,899.567749023
-6.060299391657118,54.63282038578442,1120.659423828
-5.8748148733036425,54.63890602897051,1030.601806641
-3.459860815994419,54.69222698653549,1121.609375
-3.273746109815413,54.69432643424037,1304.282104492
-3.087608611126938,54.69614028981458,1708.822998047
-2.901451383398068,54.69766831648287,1290.394287109
-2.7152786532475823,54.69891063024096,965.710510254
-2.529092978717948,54.6998666559735,1381.910644531
-2.3428977894892444,54.700536629154996,1698.96875
-2.1566973925653876,54.70092094680152,1379.777709961
-1.9704944353179317,54.70101950086653,1049.337646484
-1.7842917225871742,54.70083224739675,814.203979492
-1.5980922887840776,54.70035910947941,724.962524414
-1.4119014197047193,54.69959979866287,737.112976074
-7.926337347896082,54.66369448319137,2150.468505859
-7.741223805969315,54.67263787217925,1647.881225586
-7.556010009066519,54.6812992625667,1286.442138672
-7.37069910050203,54.68967832336494,1244.285522461
-7.185294234123332,54.69777473406898,1426.390136719
-6.999798573985742,54.70558818469995,1431.183959961
-6.814215294024404,54.713118375846,1362.485717773
-6.628547577723541,54.72036501870203,1062.568725586
-6.442798617783177,54.727327835107964,923.894348145
-6.25697161578327,54.734006557585666,940.870849609
-6.071069781845495,54.74040092937457,1124.943481445
-5.885096334292607,54.74651070446589,1148.372436523
-5.699054499305662,54.75233564763539,1021.077758789
-4.582736038772139,54.78136839947783,1149.479248047
-4.396333494178024,54.78519481219531,1182.614257812
-3.2771348914676053,54.80213733142242,1011.617492676
-3.090502895813562,54.80395863141563,1017.935180664
-2.903850792433024,54.80549277467932,918.215270996
-2.71718262613474,54.80673998064095,1076.584716797
-2.5305017665213057,54.807699757278385,1379.007202148
-2.3438115967714768,54.80837251917611,1385.903564453
-2.1571155765446637,54.80875840841664,1189.375732422
-1.9704169824021016,54.80885725005748,985.956237793
-1.7837187815465014,54.80866907420461,814.995056152
-1.5970244012555477,54.80819378985968,722.912841797
-1.4103374362484644,54.80743135759168,700.649841309
-7.942060571576856,54.77096772251975,2147.948730469
-7.756462630811161,54.77994649001353,2050.768310547
-7.570763533433941,54.788642158292866,1203.905273438
-7.384966450351005,54.797054393634475,1202.59777832
-7.199074563160921,54.805182872882945,1467.573120117
-7.013091063825038,54.81302728349364,1667.018188477
-6.827019154334589,54.820587323574216,1561.835327148
-6.640862046375142,54.82786270192488,1076.686401367
-6.454622960988312,54.83485313807719,984.520935059
-6.268305128230988,54.84155836233157,1079.748901367
-6.0819117868320305,54.847978115793346,1355.215332031
-5.895446183846589,54.85411215040751,1253.164428711
-5.1500341461519605,54.87584429048005,1186.268432617
-4.963283362108434,54.88054764535262,1179.126831055
-4.776480184955319,54.88496350182177,1331.466064453
-4.589627175983435,54.88909267020546,1294.275390625
-4.402728579192735,54.892934739425144,1464.349975586
-4.2157869971494115,54.89648906978169,1729.726806641
-4.028805352834371,54.89975595052653,1438.1796875
-3.841786860292252,54.90273504558208,1347.378540039
-3.6547346946265407,54.905426177637075,1459.541503906
-3.2805467074021357,54.909946141319104,953.45501709
-3.0934161499352415,54.9117747202977,886.987182617
-2.906265581105488,54.91331496427221,869.42791748
-2.7190992266486886,54.91456701083592,1011.883422852
-2.531920188775467,54.915530792353195,1204.945068359
-2.3447315049388235,54.91620622657723,1012.291809082
-2.15753626596305,54.91659370966807,860.636657715
-1.9703385901049921,54.91669298377375,750.311462402
-1.7831422802774444,54.916503725941354,748.069641113
-1.5959492146058194,54.91602650232575,707.718261719
-1.4087630333934253,54.91526085911529,657.550537109
-7.399328605869222,54.90442603149281,1094.801513672
-7.21294650585551,54.9125867486056,1199.362792969
-7.026471965278906,54.92046228280933,1226.337890625
-6.839908214522346,54.92805232970264,1375.39074707
-6.653258493810945,54.935356595663414,1171.753173828
-6.466526052868755,54.94237479788825,1122.239624023
-6.279714150572861,54.949106664430445,1262.657836914
-6.092826054604994,54.95555193423657,1409.514404297
-4.971218657971766,54.9882352769903,1618.567016602
-4.783916508877094,54.99266908922808,1630.685668945
-4.596564947100819,54.99681492649183,1507.060791016
-4.409167419602089,55.000672256265176,2072.284423828
-4.2217247588548075,55.004240669172326,2145.716308594
-4.034241834569313,55.00752080907423,1540.059448242
-3.846722699774423,55.010512289234235,1427.64074707
-3.6591705160117978,55.013214676451156,1367.061157227
-3.471588839160386,55.01562823823127,1177.351928711
-3.283980981113038,55.017752992779016,1101.908935547
-3.0963488074973538,55.01958867213495,1060.072265625
-2.908696475963862,55.02113486601413,1033.368408203
-2.7210287228892804,55.02239165794674,1113.55065918
-2.5333482106815515,55.02335916685592,1167.479003906
-2.3456572729837255,55.02403747737573,1005.835144043
-2.1579599942156618,55.02442663393242,822.654968262
-1.9702602300653989,55.02452625357623,765.87701416
-1.7825617253261374,55.024336314593256,699.17791748
-1.5948667052665815,55.02385712543836,679.921508789
-7.413786423734955,55.01179321607751,1188.407226562
-7.226910890645777,55.01998634194829,1107.403076172
-7.039942078393614,55.02789316488072,1058.500488281
-6.8528832460936355,55.03551337793538,1179.454101562
-6.6657376628537754,55.04284668503986,1098.177734375
-6.478508607426378,55.04989280102875,1070.678466797
-6.2911993678571525,55.05665145168217,1408.079956055
-6.103813241131542,55.063122373762894,1544.053344727
-4.979207164835644,55.09592067638727,1577.641235352
-4.791402914207413,55.100372764547075,1682.831542969
-4.603549344687887,55.104535637189464,1871.970092773
-4.41564830871709,55.10840805555788,2596.050292969
-4.227702507409892,55.11199038730316,2067.356689453
-4.039715953550975,55.115283631340176,1705.486450195
-3.8516929197466747,55.11828734299621,1550.06237793
-3.663636187677497,55.12100094481522,1336.553466797
-3.4755499511132366,55.12342444574252,1220.247070312
-3.2874370427796973,55.12555762076511,1346.190063477
-3.0993006894518516,55.12740034499388,1480.033081055
-2.911143847401103,55.128952402911175,1418.078735352
-2.722970916660429,55.13021404284673,1441.688842773
-2.534785323103166,55.131185616301394,1412.000976562
-2.3465891744702696,55.131866973352345,1096.332763672
-2.1583860494344806,55.132257505707074,909.266601562
-1.9701808877631177,55.13235726898739,839.756469727
-1.781977222951883,55.13216666462965,739.096008301
-1.5937766700193743,55.1316855790607,671.872497559
-6.865945030053997,55.14297045177179,1098.918701172
-6.678300305480122,55.15033295498886,1078.642456055
-6.490571347468308,55.15740713381528,1058.953735352
-6.30276147358651,55.164192711731566,1255.591308594
-6.114874010480008,55.170689423291265,1361.515136719
-4.798939185767881,55.208074018542604,1447.621582031
-4.610579161290503,55.21225348427075,1933.239257812
-4.422171700353611,55.21614150773771,2160.379394531
-4.233719926931878,55.21973829344206,2071.912597656
-4.04522746309677,55.223044671974655,1860.637695312
-3.8566967218913506,55.226060521952924,1490.382324219
-3.6681321749449682,55.228785224561705,1562.565673828
-3.479537621221183,55.231218418565085,1466.199829102
-3.290916797205747,55.23336000004838,1548.579956055
-3.1022725478066175,55.235209737852436,1690.872558594
-2.9136076420399366,55.23676777402801,1670.361572266
-2.7249263781182465,55.23803476159994,1501.260375977
-2.5362319271014933,55.2390104583255,1441.233886719
-2.3475267635807553,55.2396943580102,1136.137817383
-2.1588149850228247,55.240086243354654,986.435913086
-1.9701012825447421,55.240186521706185,927.524414062
-1.781388546432073,55.23999502596222,788.703735352
-1.5926793758089877,55.239511652018635,700.725402832
-4.617655834645579,55.31996881358547,1368.381469727
-4.42873946652358,55.323872732587986,1638.514770508
-4.239778341127308,55.3274845187059,2058.890136719
-4.050775634104684,55.33080410286812,1987.000610352
-3.8617343054081434,55.33383160698743,1680.203979492
-3.6726586567180566,55.336567102328814,1988.327636719
-3.4835533470651607,55.339009947539566,1650.005004883
-3.2944210021363736,55.341160042624395,1900.676269531
-3.105265109614898,55.343017044283094,1722.697387695
-2.916088722621921,55.34458153062709,1420.925170898
-2.7268949317168913,55.345853751402004,1280.543212891
-2.537687751139366,55.34683307667834,1220.187866211
-2.3484703730908407,55.3475196082601,1204.082275391
-2.159246953210054,55.34791321382454,1046.424316406
-1.9700213356904817,55.34801389806187,891.693969727
-1.7807961474408565,55.347821560462776,828.684875488
-1.5915755497080295,55.347335972487855,714.44934082
-5.760229398901274,55.39801288026668,1579.518432617
-4.6247813944003795,55.427681291944644,1144.105834961
-4.435352150049045,55.43160120507622,1240.579956055
-4.245877829940311,55.43522777645836,1346.512329102
-4.056361111969668,55.43856081466621,1596.856933594
-3.8668058229115925,55.441600432496024,1639.942993164
-3.6772163657206143,55.44434662302747,1650.964233398
-3.487596330127339,55.44679942180697,1722.803222656
-3.2979492691763412,55.44895804461435,1932.377319336
-3.108278021412993,55.450822683941375,1522.401855469
-2.9185861445046646,55.45239361452838,1168.28112793
-2.7288766039741525,55.453670673950455,921.383666992
-2.5391536891468554,55.45465384123367,844.414001465
-2.349420893026028,55.455343101016695,1039.396972656
-2.159681526433627,55.455738276882414,1259.021728516
-1.9699402158600796,55.45583925209499,927.996704102
-1.7802003608586332,55.45564598141018,800.100891113
-1.5904646728604528,55.45515831104407,717.278808594
-5.580890068731244,55.51130208607472,1715.395507812
-5.201490128459082,55.52181798402601,1796.763793945
-4.631956200532121,55.53539053898296,1056.848754883
-4.442009859015228,55.53932652764653,1191.674438477
-4.252018277026346,55.542967910996175,1425.37097168
-4.0619840599517465,55.54631447857752,1545.213989258
-3.8719113640170577,55.54936656149606,1370.313476562
-3.681804433172641,55.552123960779994,1294.211303711
-3.4916669552879247,55.55458679533948,1359.794555664
-3.3015011497277214,55.55675443547881,1454.530761719
-3.111311347943185,55.558626407102736,1286.462158203
-2.921100224402391,55.560203580574644,1109.412231445
-2.730871845453155,55.561485758666805,863.174438477
-2.540629681886533,55.56247274358245,753.84777832
-2.3503773448758913,55.563164530674655,767.448730469
-2.1601189981765363,55.563561064053,875.649902344
-1.9698584790276361,55.56366220103453,772.526550293
-1.779600620357487,55.563467672214614,736.210083008
-5.590706155222896,55.61891263876071,1670.601196289
-5.400519625701926,55.624339252402045,1833.28125
-5.210270797166006,55.62947100216359,2153.311523438
-4.639180553366336,55.643097329611614,1251.350708008
-4.44871385742952,55.64704918634981,1370.409301758
-4.258200743133437,55.65070495505201,1522.684082031
-4.067644773734479,55.6540654189225,1390.26574707
-3.8770510750453058,55.65713031228606,1094.165039062
-3.6864236123584373,55.659899142896805,994.652709961
-3.495765094053736,55.66237182535965,1042.46496582
-3.305077618101588,55.664547940455016,1101.963623047
-3.1143649156675757,55.666427495436686,1170.434936523
-2.923632026263709,55.668011265848214,1076.677856445
-2.7328809444817743,55.66929861003699,916.025512695
-2.5421159572433134,55.67028945822794,795.763977051
-2.351340670730719,55.670983992867264,707.245300293
-2.1605596943853946,55.67138182936333,705.516967773
-1.9697762397206044,55.67148336635553,707.583435059
-6.172292125159818,55.70840114515282,1580.206665039
-5.600589399109894,55.726519945555786,1413.278686523
-5.40988216668043,55.731968592864966,1692.171630859
-4.646454240363198,55.7508024079749,1713.398071289
-4.455463602761548,55.754769578350306,1601.964233398
-4.264425889281323,55.7584402775072,1414.552856445
-4.073345997194139,55.76181451180934,1143.564819336
-3.882227636023788,55.764892166441086,1061.197875977
-3.691074834853233,55.767671935183635,1204.994628906
-3.499890807770509,55.770154423704675,1188.015991211
-3.3086776689460744,55.77233898265593,1092.537475586
-3.1174405013472017,55.77422627365917,1012.932556152
-2.926181460138956,55.77581671292559,991.030029297
-2.7349037087965358,55.77710980847734,1015.54095459
-2.5436124796105375,55.77810475116293,954.144958496
-2.352310935257498,55.77880186824251,814.848571777
-2.1610030144582066,55.77920155458099,721.829528809
-6.374750092848148,55.80927733844068,1464.971435547
-6.183812233454458,55.815932489055406,1609.291137695
-5.610539790278273,55.834124099590106,1696.369628906
-5.419309132361066,55.8395949928344,1843.646606445
-4.845244776201999,55.85422421192559,1989.860595703
-4.653776585467491,55.85850496703643,1996.610107422
-4.462258428427228,55.862488462351116,1323.919189453
-4.270693878898656,55.866174200307746,1130.53137207
-4.079086996774723,55.869561966657756,1089.958496094
-3.8874401102984146,55.872651629397836,1169.767822266
-3.6957579650250807,55.87544263640524,1113.081420898
-3.504044673258261,55.877934807913384,993.517700195
-3.3123026368498225,55.88012875465693,967.48034668
-3.120537101670909,55.882023917866555,804.57800293
-2.928748456933905,55.883620661047416,753.489807129
-2.7369405999371588,55.88491874461536,895.190673828
-2.5451190707592093,55.88591796996306,990.583374023
-2.3532876503743227,55.886618357790084,889.055541992
-2.161449000509243,55.88701950368503,778.23425293
-6.0038687864261355,55.929846287638604,1842.412841797
-5.620558392240039,55.94172540989805,1838.609375
-5.428799861475904,55.94721869430285,2092.885986328
-5.23697609215934,55.952413250139976,2117.584960938
-5.045090460203759,55.95730974953913,2397.406738281
-4.661148409952073,55.96620542620355,1655.162719727
-4.469100332536993,55.97020507579013,1572.551147461
-4.277004820864068,55.973905959359776,1617.466918945
-4.084866945572808,55.97730717347722,1589.881713867
-3.8926884885149864,55.98040917430579,1251.072021484
-3.7004733681358095,55.98321183789362,1003.972900391
-3.5082271554819977,55.98571401780922,890.809692383
-3.315953491578422,55.98791681748183,784.099487305
-2.7389910004374673,55.992726081487795,679.407165527
-2.546636824484823,55.99372887789294,721.435913086
-5.822868030572832,56.04350971397321,1820.196777344
-5.438355683318139,56.05483965746608,1984.922973633
-5.2459993105280995,56.060055252553646,2319.827636719
-5.053580721096064,56.06497128862999,2700.032958984
-4.8611035569164915,56.069587428618995,2377.107910156
-4.668571992279528,56.07390355097798,2012.681030273
-4.475989273643266,56.077919427817044,1720.844604492
-4.283359371330953,56.081635195526566,1578.448852539
-4.090685982457084,56.08505035362891,1571.905883789
-3.8979724424100612,56.08816478350553,1160.626342773
-3.705221157952792,56.09097844108265,978.934326172
-3.512438976006368,56.09349111581708,1033.584594727
-3.319628452466253,56.09570232810371,963.119018555
-5.44797741932712,56.162458103085314,2127.948486328
-5.255084864354285,56.16769475833156,2629.801025391
-5.062129478145603,56.17263064941535,2760.798339844
-4.869115694399861,56.17726550414459,3056.361572266
-4.676046492732999,56.181598928584094,2752.736083984
-4.4829256323915185,56.18563105786018,2268.265136719
-4.289757376099671,56.189361748231235,1690.315307617
-4.096545131369691,56.19279079102175,1323.686523438
-3.903291940533746,56.195917679524264,1328.760864258
-3.7100018528259397,56.19874258194343,1651.587768555
-3.5166796310183015,56.20126544116838,1287.747680664
-3.3233281753547317,56.20348575449027,1055.182495117
-3.129951269000229,56.205404119031584,880.077941895
-2.9365515404671467,56.20702054226091,810.001953125
-2.743134122482432,56.20833385661526,749.812988281
-5.457665318141044,56.2700731151908,2419.246582031
-5.26423301613463,56.2753310534116,2683.568115234
-5.070736854433057,56.28028700318009,2761.198242188
-4.877181913715553,56.28494078947718,3201.217285156
-4.683571847935627,56.28929180932318,3172.15625
-4.489909624226484,56.293340196005424,2572.770996094
-4.296199443915631,56.29708603623596,2301.238525391
-4.102444881847372,56.300528954312,2068.841552734
-3.9086489412167946,56.30366859544104,1470.14453125
-3.7148155913276213,56.30650491339268,1169.826171875
-3.5209493017325832,56.309037988437424,1105.349975586
-3.3270538017026823,56.311267528779844,959.429077148
-3.1331323392160013,56.313193805822564,824.870056152
-2.939188525297413,56.31481641640828,817.000854492
-6.048924935050572,56.360029384104166,2573.652587891
-5.8551633877023015,56.366217274340165,3303.980712891
-5.4674196708577165,56.37768505962416,2166.306640625
-5.273443486460795,56.38296438706467,2512.509765625
-5.079403229737974,56.387940252951374,2813.137695312
-4.885303690878732,56.39261286766698,2962.051757812
-4.691148905152045,56.39698169290685,3109.879150391
-4.496941686254979,56.40104684980565,2747.875976562
-4.302685956438821,56.404808164257126,2052.581054688
-4.1083852248682575,56.408265120303305,1862.050415039
-3.9140424265380855,56.41141742439949,1583.579833984
-3.71966212438243,56.414265374652594,1210.822998047
-3.52524855836289,56.41680875939246,934.675720215
-3.3308055295997847,56.41904740341223,823.426574707
-3.136336572378244,56.42098134204522,762.793395996
-2.941844788520652,56.422610714208474,734.42956543
-6.060383306971918,56.46756707682711,2359.354248047
-5.866076901283978,56.47377985265457,2821.987060547
-5.671694701161892,56.479688937551785,2586.869384766
-5.282717786519274,56.49059508911989,2374.780029297
-5.088129875294559,56.49559086326653,3115.928466797
-4.893482621662891,56.5002820004449,3007.110107422
-4.698779302688159,56.504668695617966,3236.616455078
-4.504022686532934,56.50875080411453,2646.183349609
-4.309217060989701,56.51252771057748,2095.190185547
-4.114366135634484,56.515998624397014,1761.922729492
-3.919473262957048,56.519163951033256,1798.133789062
-3.7245423455335147,56.522023688245525,1400.724243164
-3.529577753277256,56.52457744712454,1021.053344727
-3.334583340382838,56.52682503327637,843.547363281
-3.1395628017699626,56.528767077789354,930.895019531
-2.9445192913397324,56.53040293574437,902.492675781
-2.749457039629552,56.53173265440037,808.047973633
-6.266696357580904,56.56855879500129,2020.004516602
-6.0719212369544024,56.57510138719765,2134.655761719
-5.877065450815119,56.58133918448287,2394.487548828
-5.682134135050676,56.58727236864803,2565.206298828
-5.292056681757018,56.59822269923823,2632.556396484
-5.096918019975392,56.60323861772692,3381.748291016
-4.901719350235353,56.6079485077756,3356.817626953
-4.70646357083237,56.61235285316013,2593.521972656
-4.51115360644217,56.6164517386216,2123.170166016
-4.3157938554023545,56.620244395830426,1869.877685547
-4.120388903256039,56.623729834391675,1777.501342773
-3.9249421362777657,56.62690819433516,1324.155029297
-3.7294567544668666,56.62977975288771,1167.914672852
-3.533936923926319,56.63234393171477,1074.972900391
-3.338387385865032,56.63460075796367,1032.350830078
-3.142811380634494,56.636550710910925,864.729797363
-2.9472119404570005,56.63819343484848,851.153991699
-2.751593769502682,56.63952867205962,799.60357666
-2.555960503400175,56.6405564305907,760.770751953
-6.083538527603086,56.68263216637727,1986.369506836
-5.88813071429474,56.68889522929104,2323.787353516
-5.692645950569915,56.69485261149739,2641.353515625
-5.497088001115009,56.70050381811278,2916.551269531
-5.301460341279025,56.7058476526635,2780.710693359
-5.105767030597114,56.71088408162952,2980.364746094
-4.91001259232115,56.715613281089425,3272.369384766
-4.714200637974771,56.720035497616536,2661.881835938
-4.518334057029161,56.72415088795848,1987.848510742
-4.322417001159174,56.72795900055956,1658.598388672
-4.1264540839110175,56.73145887604227,1433.19519043
-3.9304491453677537,56.734650461561806,1140.6953125
-3.7344051297747933,56.73753377050703,1241.953735352
-3.538326439341342,56.74010861567985,1230.312744141
-3.3422175439188346,56.74237484462296,1250.538452148
-3.1460816481710787,56.74433242066121,1235.716430664
-2.9499226010850865,56.74598169899021,1080.085327148
-2.7537451187798867,56.74732273461576,887.544921875
-2.5575521674694612,56.74835489021771,800.693908691
-5.703231613160249,56.802429920827045,2591.189453125
-5.507116114324362,56.80810422681713,3007.227783203
-5.310930103763102,56.813470230475005,2703.389892578
-5.114677802622416,56.81852754316123,2441.553222656
-4.918363418599513,56.82327632498371,2799.500488281
-4.721990955772445,56.827716837585115,2427.259765625
-4.525563706735456,56.831848847115666,2371.544189453
-4.329085604129753,56.835672080416614,1999.529907227
-4.132561315202645,56.83918607916165,1752.144165039
-3.9359945011637576,56.84239076771835,1587.209472656
-3.739387974282924,56.84528600289124,1638.049316406
-3.5427463124622176,56.847871416493724,1713.843139648
-3.34607391127164,56.850146893856916,1719.448242188
-3.1493744246808535,56.85211237732438,1728.270507812
-2.9526520881085716,56.85376833565863,1553.707885742
-2.7559111257962665,56.85511478989986,1231.821166992
-2.559154870938808,56.85615091328038,1030.354125977
-2.362387111792934,56.85687635368371,890.933654785
-5.713891449567804,56.91000441387937,2362.465820312
-5.517214812857033,56.91570156966852,3214.717041016
-5.320466750333136,56.921089790787725,3186.077148438
-5.123651112833981,56.92616811850362,2489.017578125
-4.9267727752123935,56.930936323843,2255.067138672
-4.729835813409165,56.93539506735308,2264.390869141
-4.5328437457025235,56.939544202022105,2053.708496094
-4.3358000272055115,56.943383011280396,1600.221313477
-4.138710489533516,56.94691126455845,1560.774291992
-3.9415783003402827,56.95012903257958,1655.997192383
-3.744405337277028,56.95303605106226,1670.139892578
-3.5471971311180326,56.955632065036916,1405.106323242
-3.349957636972274,56.95791682712468,1450.38659668
-3.152690932787172,56.9598904822478,1412.211181641
-2.9554011104444067,56.961553153511126,1440.642089844
-2.758092488794902,56.96290482635357,1384.219848633
-2.5607684447183034,56.96394492634198,1198.078613281
-2.363433057123316,56.96467326381196,995.311584473
-6.315885147449287,56.998553736659815,2949.002929688
-5.724625592904308,57.017575216394036,2324.578857422
-5.527383503025489,57.023295730683174,3118.228759766
-5.330069666675316,57.028706335386936,3363.299560547
-5.132687176874107,57.03380569635286,2885.609375
-4.93524110260838,57.03859323501149,2347.165771484
-4.7377361713619575,57.04307011732777,2194.296142578
-4.540175507339769,57.04723634780091,2083.169189453
-4.342562793602493,57.051091192070295,1716.592895508
-4.144903267038868,57.054634097107716,1193.245849609
-3.94720115474125,57.057864638481675,1126.876953125
-3.749458221241673,57.06078340627049,1828.591186523
-3.551679363836199,57.06339030106875,1634.863891602
-3.353869199529,57.06568458878366,1313.71862793
-3.1560312002570137,57.0676664293597,996.552062988
-2.9581698623055424,57.06933591789977,941.400756836
-2.760289530449252,57.07069294815268,916.844482422
-2.562393790804252,57.07173731066198,940.126708984
-2.3644864985165217,57.072468718750514,906.474121094
-2.1665726193376464,57.07288778780402,870.608642578
-5.5376226937338435,57.13088678729748,2898.706542969
-5.339739083554412,57.13632004937644,3523.552001953
-5.141786198718213,57.1414403600853,3181.15625
-4.94376879597203,57.146247859260654,2253.999755859
-4.745691993684726,57.150743043292614,1725.907226562
-4.5475592151111455,57.15492626977768,1658.689941406
-4.34937381070677,57.158796836078324,1838.75012207
-4.151140255167127,57.162354312176376,1661.503662109
-3.9528635913271493,57.165598020308394,1165.033813477
-3.7545467686873706,57.168528629762434,1094.998168945
-3.556193313393844,57.17114624523416,1334.163452148
-3.357808056323507,57.17345037330728,1166.572387695
-3.1593948317215625,57.1754404765791,1154.79675293
-2.9609578860199797,57.17711666366023,973.484558105
-2.7625020189244385,57.17847918559738,949.259521484
-2.5640305904816945,57.1795278945273,943.704406738
-2.3655467717108745,57.180262838183175,856.357055664
-2.167056506576122,57.18068347343133,856.366760254
-7.330303263565311,57.17533135685212,1479.212768555
-6.142856560446891,57.22023473674988,3173.598876953
-5.944628863825518,57.226627041652236,2423.330566406
-5.74631938670415,57.23270707039596,2243.052001953
-5.547934082873439,57.23847529718261,2432.353027344
-5.349475966373494,57.24393068824414,3050.073974609
-5.15094901650952,57.24907202597674,2842.921386719
-4.952356789727661,57.2538996560974,2123.5234375
-4.7537037139639935,57.25841363099319,1703.661499023
-4.554994244526946,57.262613908692614,1355.094604492
-4.356231928365792,57.26650027621657,1234.53125
-4.157421158471772,57.27007221382495,1312.249633789
-3.958566345398738,57.273329666475526,1145.955200195
-3.7596706356182397,57.2762722880256,902.531066895
-3.560738069713145,57.27890052911479,912.710205078
-3.3617740735226493,57.2812140673844,977.334533691
-3.1627817029928385,57.283212391424144,1212.534057617
-2.9637652311789675,57.28489551272643,1134.528198242
-2.7647294921442156,57.28626377093505,976.727416992
-2.565678375817363,57.28731669777254,929.660949707
-2.366615120444197,57.288054653255344,860.768737793
-2.1675432585627945,57.288477668844166,839.13293457
-7.345855252152594,57.28265779898479,1558.544189453
-6.353688959638008,57.32101342629627,2509.249023438
-6.154971409990159,57.32774577618183,2912.751708984
-5.558318834182887,57.346061506814685,2187.6953125
-5.359282619767394,57.35153887689719,2508.990722656
-5.160176836357796,57.3567011977796,2480.182128906
-4.961005156458049,57.361548855811414,2150.272216797
-4.7617720324815656,57.36608174046628,1533.263427734
-4.562481748403166,57.370299309813845,1264.977783203
-4.363138218535016,57.37420164329544,1063.179931641
-4.163746132973494,57.377788291070964,1071.841552734
-3.964309343067265,57.38105904169317,1204.965942383
-3.764830571478676,57.38401398936452,1035.911010742
-3.565314869970267,57.386652917493066,974.246459961
-3.3657675969142637,57.38897579645963,1011.987060547
-3.166192417547081,57.39098204657648,1139.155395508
-2.9665926439174073,57.39267203558368,1077.786010742
-2.7669726223147766,57.39404607840923,978.355712891
-2.567337723850318,57.3951038547704,920.882751465
-2.3676910898527184,57.3958447622769,888.280090332
-2.1680352993856764,57.39626969503969,851.832946777
-1.9683760504052894,57.39637862067341,838.176757812
-7.361517625617747,57.38997975721364,1346.13269043
-6.565675983299477,57.4214185121647,2112.116699219
-6.366468419437138,57.42849331524598,2095.887207031
-6.16717192815315,57.435253245895346,2151.417480469
-5.768322136816398,57.447828804146035,2261.926025391
-5.568777440170396,57.45364417618675,2629.940673828
-5.369158740463744,57.45914405505637,2653.54296875
-5.169470047834933,57.46432781018258,2598.591796875
-4.969714320283584,57.46919581463381,2189.953125
-4.76989685452376,57.47374748617668,1780.797119141
-4.570022031454225,57.47798226224676,1188.862915039
-4.370093507580406,57.48190057591046,878.557128906
-4.170115623674764,57.48550216050565,839.933044434
-3.97009259378927,57.488786350459826,961.501647949
-3.7700271371461973,57.49175345403378,896.360412598
-3.569924347364348,57.49440325759865,1043.515014648
-3.369789584881919,57.49673557182143,1018.623901367
-3.1696268476556138,57.498749971546715,968.677368164
-2.9694399901779467,57.50044671775584,969.752624512
-2.769232761173384,57.50182663613971,877.72869873
-2.56900964386893,57.502889034858185,898.405944824
-2.3687748661981427,57.503633453343845,897.53326416
-2.168531349543529,57.50406026503947,908.510437012
-1.9682834696223848,57.50416963531854,868.300170898
-7.1779074876917575,57.50566150997937,1341.032226562
-6.179458693176261,57.5427570923741,2124.419433594
-5.579309896291468,57.5612234802517,2264.87890625
-5.379104981845824,57.566746207119266,2693.165039062
-5.178828595411157,57.571951886571696,2253.385253906
-4.97848463964362,57.576840275483065,1951.538452148
-4.778078632916707,57.58141078005441,1478.502075195
-4.5776156673300825,57.585662767221955,1193.30456543
-4.377098475929628,57.5895972729801,935.649230957
-4.176530704940492,57.59321371332366,828.653625488
-3.9759170083838495,57.59651170746767,696.008666992
-3.775261088849618,57.599490939755974,709.648376465
-3.574566904406842,57.60215162491617,749.028381348
-3.373840002528824,57.60449332280589,836.043029785
-3.173085505881508,57.606516049978595,845.594177246
-2.9723073234858357,57.608219951915906,908.370788574
-2.7715085316747254,57.60960542204043,894.192810059
-2.5706934327350535,57.61067224886574,824.417053223
-2.3698663697917093,57.6114200064614,881.956970215
-2.1690311477853874,57.6118486802883,883.970581055
-1.9681916308747653,57.6119587688313,838.008056641
-7.3931730220175185,57.60461052547188,1483.982177734
-7.19320739243447,57.61300881061517,1360.682373047
-6.191537403484642,57.650383541603844,1704.454711914
-5.589918394327887,57.668800431354164,2081.770996094
-5.389122059056345,57.67434586920811,2426.066650391
-5.188253816762159,57.67957297195113,2486.540527344
-4.987317563620854,57.684481795216655,2165.502929688
-4.786319294016708,57.68907119712367,1675.494995117
-4.585263749233348,57.6933410703206,1680.079223633
-4.384153039455781,57.697291777376826,1207.496948242
-4.1829913670342185,57.70092334433964,790.529663086
-3.3779202657959875,57.71224941794336,702.490722656
-5.801917229729751,57.770486592098784,1638.023803711
-5.600602310932136,57.776374432640466,1789.05078125
-5.399210332793309,57.781942601647536,2101.955810547
-5.19774626824855,57.787191155011264,2227.729980469
-4.9962142043079485,57.792120007708974,2044.30090332
-4.794619736670933,57.7967284508234,2161.938476562
-4.592966880798298,57.80101634850763,1736.226806641
-4.3912584479611825,57.80498377862201,1374.880859375
-4.189498724777796,57.808630480238826,972.129089355
-3.9876925671566634,57.81195625982171,710.015136719
-7.022884119189508,57.83583788981858,1780.998535156
-6.821524391702572,57.84366883189754,1878.586425781
-5.6113624000391065,57.88394503473822,1511.407836914
-5.409372084284033,57.88953634257306,1763.655151367
-5.207308399644945,57.89480652029036,1767.96484375
-5.005175677819782,57.89975546650676,1790.071044922
-4.802980094420829,57.90438299613176,1752.137817383
-4.600725905661153,57.908689011296126,1454.911376953
-4.398415352502578,57.9126730903269,1126.129882812
-4.196053135498177,57.916334909892164,1070.73034668
-6.8359627290322305,57.95106905189879,2159.819824219
-6.633901873049716,57.95861272094444,1806.306518555
-5.216940054454243,58.002419091271975,1773.311035156
-5.014202441966947,58.00738835323957,1944.745361328
-4.811401380259104,58.01203523302901,1838.938598633
-4.608540931183789,58.016359401811954,1472.554931641
-4.405623774327131,58.02036009229509,1249.123657227
-4.202654552558118,58.02403715942874,1156.208251953
-3.9996373628038655,58.02739033332429,1132.784912109
-7.0530622684713595,58.050568153502375,2215.481689453
-6.8505045607982025,58.058464624716414,1994.4296875
-6.647842087182417,58.066039716130945,1618.651123047
-6.44507933967739,58.07329278564265,1447.196533203
-5.226639911422257,58.11002916440394,1596.828369141
-5.02329434725371,58.1150193633732,2166.621337891
-4.819883800061255,58.11968563889485,2498.485839844
-4.616412260662082,58.12402759259031,1673.640380859
-4.412884027716818,58.12804487509098,1396.709106445
-4.209303265905149,58.131737376779554,1439.085083008
-4.005674325005086,58.13510482111889,1229.030029297
-3.8020021567178333,58.13814698639523,1191.170532227
-3.598290904402416,58.14086385946453,1087.653320312
-7.068312735643865,58.15792691671137,2095.199951172
-6.865150607826073,58.165855973489,1959.718139648
-6.66188281367329,58.17346200488427,1573.772094727
-6.458513112153325,58.180745198370275,1424.615234375
-5.236410392493426,58.21763670956044,1461.587158203
-5.032451815556123,58.22264793356241,2005.572265625
-4.828426900286667,58.22733376359514,2374.994384766
-4.624340293941599,58.231693665086084,1962.587524414
-4.420196515310372,58.235727395055655,1601.851928711
-4.215999985439968,58.23943529441532,1410.240966797
-4.011754930771634,58.24281702600015,1097.754272461
-3.8074661167696617,58.24587190815034,1303.954711914
-3.6031382837069597,58.248600111530116,1222.556762695
-3.398603687526948,58.25101025608643,959.936645508
-6.676025126229869,58.280881012000435,1431.346801758
-6.4720437215150275,58.288194480773655,1454.317382812
-5.041675312856634,58.33027359218824,1825.58203125
-4.837031931818119,58.33497930899237,2366.823730469
-4.632325886514754,58.33935762681942,2142.125488281
-4.4275618551475,58.34340814421276,1418.700195312
-4.222745079227596,58.34713117513367,1173.283325195
-4.017879875282449,58.35052675647486,1258.283081055
-3.812970180963234,58.35359439030675,1231.915283203
-3.608020451575665,58.35633398552793,1131.112548828
-3.4030350464516532,58.35874512246092,1053.616821289
-3.198018158109558,58.36082781693896,878.653503418
-6.485672340854307,58.39564127851059,1361.67199707
-6.280975966242897,58.4026593474536,1311.276733398
-5.050965802535969,58.437896707441865,1596.427612305
-4.845700014849695,58.44262241683896,1819.037963867
-4.640370019779899,58.44701917954655,1717.77734375
-4.434980746469244,58.4510866594675,1387.092285156
-4.229538926688558,58.4548249785948,1217.781982422
-4.024049132390351,58.45823436339301,1211.708374023
-3.8185141718767444,58.46131469332332,1163.697265625
-3.6129383074053862,58.4640657658177,1084.598754883
-3.4073261939556914,58.4664870945263,970.449523926
-3.201682509082379,58.468578582090636,860.276733398
-5.060322523046726,58.545517651478775,1569.239379883
-4.85443088525828,58.550262960648965,1474.132202148
-4.236382216870016,58.56251644289738,1031.532958984
-4.030262597130293,58.5659398944551,1090.920166016
-3.6178917202649057,58.57179568460081,1002.897338867
-3.411648950525072,58.574227295079915,990.524414062
-3.205373666081208,58.57632803067118,938.248596191
-3.424046338461655,58.89765122421696,1364.560302734
-3.216611875663941,58.89956612331293,1223.123291016
-3.2204136693312218,59.00730807814412,1129.467285156
-3.0147136686500096,59.1168560653948,1093.15612793
-1.3209241474837305,59.981134497723524,1189.131591797
-1.3187120573313238,60.08887548995986,1340.342529297
-1.5328970479963437,60.19755246791963,1136.637817383
-1.316482433914362,60.19661476619627,1246.377319336
-1.3142354403529843,60.30435238350298,1284.189575195
-1.3119729212982545,60.41208830183128,1226.386108398
-1.3096924583032714,60.51982207213253,1291.795898438
-1.0911435688377298,60.518514834071794,1315.821044922
-1.088116895484559,60.626241268032615,1142.378173828
-1.0850647095068244,60.73396555756546,1068.223510742
