name,hh_total,hh_depchild
AB10,11614.78,1865.81
AB11,10776.78,1776.56
AB12,12217.87,3561.97
AB13,1172.04,423.51
AB14,2298.5,527.69
AB15,17117.2,4718.74
AB16,12549.79,3384.67
AB21,12045.96,3373.47
AB22,7336.38,1612.76
AB23,5176.72,1521.08
AB24,17549.01,2878.71
AB25,9675.19,1229.62
AB30,3305.91,1025.11
AB31,6734.97,1883.24
AB32,5681.95,1734.88
AB33,2564.31,707.78
AB34,2551.52,595.01
AB35,1251.58,197.62
AB36,256.03,46.23
AB37,578.97,93.34
AB38,2050.33,416.93
AB39,8041.0,2213.0
AB41,9241.61,2581.61
AB42,16178.69,4102.86
AB43,10924.94,2746.72
AB44,1801.0,418.0
AB45,5288.32,1055.03
AB51,16297.36,4779.74
AB52,2244.69,665.03
AB53,5347.51,1213.02
AB54,5241.57,1110.85
AB55,4243.27,852.95
AB56,6842.09,1554.65
AL1,16111.47,5345.94
AL10,12746.85,4159.57
AL2,9610.1,2988.21
AL3,11829.55,4077.2
AL4,10907.39,3991.78
AL5,12375.38,4714.14
AL6,5122.13,1439.73
AL7,15376.67,5112.49
AL8,5740.4,1745.02
AL9,4708.6,1288.77
B1,5642.24,556.96
B10,7292.73,3768.2
B11,12636.36,6231.88
B12,7445.67,2988.85
B13,15182.13,4528.51
B14,17869.62,5612.84
B15,7314.5,1654.8
B16,10386.89,2401.14
B17,11198.69,2982.67
B18,6761.08,2372.62
B19,7712.41,3489.92
B2,662.49,132.17
B20,11588.4,4486.02
B21,9407.46,4136.12
B23,19745.97,6578.93
B24,12061.45,3600.74
B25,5983.11,2572.58
B26,13673.59,4313.85
B27,9946.65,3408.87
B28,11755.0,4409.84
B29,15809.16,4240.27
B3,2092.07,115.89
B30,13135.43,3600.56
B31,24403.03,7582.38
B32,16559.22,5364.0
B33,14561.22,5464.72
B34,7626.36,2761.43
B35,4103.04,1325.6
B36,13658.19,4783.58
B37,15574.81,5135.96
B38,8638.83,2721.14
B4,1124.22,128.18
B40,107.33,32.72
B42,9844.05,3412.26
B43,11982.97,3658.87
B44,14743.98,4975.11
B45,13909.1,4242.0
B46,5666.3,1449.04
B47,4265.33,1161.51
B48,2509.47,686.74
B49,4820.57,1056.14
B5,5732.39,1380.15
B50,3001.58,881.34
B6,6167.27,2770.12
B60,11575.04,3365.29
B61,11601.3,3288.09
B62,10385.83,2977.25
B63,15925.12,4309.65
B64,7919.54,2452.6
B65,10257.62,3186.67
B66,9381.06,4203.94
B67,10933.06,4019.53
B68,12675.91,4177.72
B69,12538.62,4484.72
B7,3235.0,1381.5
B70,12313.29,4435.68
B71,12966.65,4302.26
B72,4227.26,1125.41
B73,9939.76,2688.15
B74,12938.69,3651.96
B75,11198.74,3690.87
B76,9172.47,2426.81
B77,23362.83,7212.52
B78,10596.38,2951.23
B79,10619.14,2818.85
B8,12430.33,6713.67
B80,3116.54,819.32
B9,7200.58,3866.66
B90,20444.5,6195.7
B91,13665.02,3947.5
B92,15470.01,4410.26
B93,8271.99,2456.15
B94,3309.34,919.84
B95,3238.22,650.61
B96,2394.75,602.73
B97,15144.61,4407.42
B98,20198.23,6149.93
B99,52.27,23.23
BA1,19421.73,4393.63
BA10,1510.89,416.33
BA11,15201.11,4301.08
BA12,13253.68,2984.24
BA13,9214.59,2504.21
BA14,22552.34,6397.82
BA15,6296.49,1503.77
BA16,5759.25,1528.6
BA2,30622.32,7614.34
BA20,5698.33,1329.06
BA21,15079.0,4452.21
BA22,7934.67,1982.54
BA3,15434.71,4387.73
BA4,8148.22,2115.02
BA5,8628.94,1921.74
BA6,6059.13,1312.62
BA7,1919.01,403.25
BA8,1993.17,456.12
BA9,3847.28,1017.52
BB1,24462.97,9388.04
BB10,16331.62,4932.25
BB11,11243.01,3383.94
BB12,15567.22,4410.26
BB18,7587.61,1985.13
BB2,24933.67,8485.83
BB3,15158.68,4137.0
BB4,18051.64,5251.59
BB5,26135.7,7979.17
BB6,6322.11,1652.57
BB7,15694.53,4042.25
BB8,10408.24,2755.66
BB9,17818.91,6415.72
BB94,22.37,5.2
BD1,3403.44,869.98
BD10,11931.39,3754.58
BD11,4982.18,1413.87
BD12,7700.65,2141.19
BD13,11779.59,3421.96
BD14,3513.95,1041.99
BD15,6652.55,2260.98
BD16,11723.61,3022.43
BD17,8634.39,2086.25
BD18,11966.0,3414.4
BD19,10189.28,2849.37
BD2,12553.19,4346.68
BD20,16147.78,4245.95
BD21,10311.53,3647.84
BD22,13132.64,3589.64
BD23,13973.49,2989.39
BD24,2535.88,395.31
BD3,10218.78,4991.27
BD4,13323.88,4826.75
BD5,9851.55,4545.33
BD6,12522.48,4309.11
BD7,10729.01,4754.16
BD8,9639.3,4572.76
BD9,8833.81,4511.44
BD97,25.27,6.18
BD98,32.4,4.37
BD99,53.19,20.95
BH1,11216.7,2139.78
BH10,9019.57,2435.85
BH11,8710.54,2462.57
BH12,14963.17,4256.29
BH13,4063.61,536.25
BH14,11323.69,2866.61
BH15,15808.2,3982.77
BH16,6568.21,1818.87
BH17,9428.88,2743.18
BH18,5289.36,1255.34
BH19,5398.09,969.26
BH2,5083.9,693.57
BH20,8646.2,2075.4
BH21,18354.52,4735.44
BH22,12512.24,2218.05
BH23,25012.96,5696.61
BH24,10742.13,2478.09
BH25,11933.46,2137.24
BH3,2263.1,512.48
BH31,5606.28,1432.13
BH4,5109.04,675.75
BH5,5434.54,1149.91
BH6,10395.0,2477.54
BH7,4829.27,1510.41
BH8,12554.0,3648.95
BH9,12128.96,3796.59
BL0,7279.19,1982.69
BL1,27350.33,8914.2
BL11,143.67,34.95
BL2,20382.31,5971.53
BL3,24591.96,9337.7
BL4,14502.34,4813.0
BL5,12028.43,3378.99
BL6,13976.51,3696.27
BL7,6679.08,1772.43
BL78,83.05,29.59
BL8,15679.15,4480.05
BL9,21397.82,6667.49
BN1,35707.51,8455.22
BN10,8652.53,2271.24
BN11,16637.29,3410.99
BN12,9757.69,2172.78
BN13,12902.65,3700.11
BN14,13104.31,3818.72
BN15,11644.24,2830.79
BN16,14023.68,2763.26
BN17,13877.35,3836.22
BN18,6262.59,1464.52
BN2,40854.73,8763.74
BN20,9380.18,1955.0
BN21,12941.4,2562.02
BN22,14052.62,4002.07
BN23,12780.45,3249.2
BN24,4568.77,1146.01
BN25,11205.89,2193.09
BN26,6274.16,1432.94
BN27,13633.29,3617.15
BN3,36364.39,8789.58
BN41,9204.12,3040.5
BN42,4382.36,1353.88
BN43,10517.36,2927.84
BN44,4510.56,1037.95
BN45,336.93,95.67
BN5,3539.74,863.45
BN50,408.09,50.22
BN51,158.47,28.58
BN52,611.25,103.75
BN6,7735.13,2378.46
BN7,8796.03,2338.35
BN8,6797.41,1818.04
BN88,89.05,15.82
BN9,5791.29,1751.74
BN95,12.23,2.23
BN99,1367.19,424.88
BR1,24201.84,8224.52
BR2,20082.6,6719.15
BR3,21409.39,6435.06
BR4,7415.47,2435.71
BR5,18870.42,6588.29
BR6,19681.59,6197.42
BR7,7593.18,2409.15
BR8,9616.53,2955.63
BS1,7563.8,855.24
BS10,12367.38,3898.29
BS11,7811.27,2586.79
BS13,12798.05,4234.44
BS14,12851.92,3656.32
BS15,21249.8,5899.35
BS16,35174.71,10743.03
BS2,7933.29,1578.38
BS20,14363.73,4066.14
BS21,10823.59,2570.28
BS22,16101.69,4276.44
BS23,17459.25,3867.6
BS24,10269.3,3523.3
BS25,2966.63,700.24
BS26,2125.62,539.65
BS27,3075.7,777.55
BS28,1446.37,358.35
BS29,1318.53,327.03
BS3,17802.69,4369.71
BS30,12588.28,3444.39
BS31,10340.45,2797.07
BS32,10090.15,3362.38
BS34,15046.24,4497.28
BS35,10052.25,2699.52
BS36,6523.37,1884.39
BS37,17256.39,4832.23
BS39,6938.77,2065.27
BS4,21139.37,6416.65
BS40,5592.71,1528.89
BS41,2614.72,897.99
BS48,9967.24,2640.9
BS49,4940.77,1337.1
BS5,23281.3,6539.24
BS6,13439.96,2785.42
BS7,16916.07,4878.84
BS8,12004.62,1640.24
BS9,12416.95,3787.14
BS98,12.73,1.37
BS99,537.04,144.62
CA1,11575.34,2890.74
CA10,6239.87,1394.69
CA11,10576.74,2342.56
CA12,3403.75,604.33
CA13,7078.81,1584.52
CA14,16731.68,4180.27
CA15,7235.57,1852.06
CA16,2923.56,569.09
CA17,2223.79,453.61
CA18,157.34,30.71
CA19,511.25,73.08
CA2,18433.56,4624.17
CA20,1507.69,301.05
CA21,358.99,80.3
CA22,3886.67,930.72
CA23,732.57,165.15
CA24,439.61,95.76
CA25,2760.34,649.44
CA26,1561.65,370.94
CA27,644.53,144.38
CA28,12662.21,3120.56
CA3,7000.96,1638.76
CA4,4384.43,992.35
CA5,3014.41,685.77
CA6,4002.24,940.07
CA7,10497.32,2308.32
CA8,4714.38,964.75
CA9,980.98,176.57
CA95,41.32,8.63
CB1,21030.85,5217.57
CB10,7001.52,2031.11
CB11,7252.41,2201.83
CB2,8717.24,2720.9
CB21,6686.8,1800.15
CB22,10913.18,3161.21
CB23,14041.45,5160.16
CB24,14895.76,4546.19
CB25,7745.38,2219.49
CB3,5521.96,1354.75
CB4,18509.74,4711.29
CB5,4963.62,1272.59
CB6,16570.95,4910.41
CB7,12213.62,3396.27
CB8,15975.16,3852.16
CB9,13502.19,4135.37
CF10,6895.4,982.82
CF11,16849.41,4389.28
CF14,31802.94,8823.58
CF15,7705.3,2343.92
CF23,19185.61,6283.97
CF24,22284.46,4415.58
CF3,18262.0,6267.89
CF30,172.95,48.98
CF31,19686.59,5564.48
CF32,13706.76,3802.54
CF33,6478.83,1957.5
CF34,8745.0,2345.0
CF35,8178.16,2504.08
CF36,7318.12,1440.36
CF37,17013.5,4508.37
CF38,9418.16,2902.21
CF39,12547.3,3528.8
CF40,8705.0,2537.45
CF41,4755.79,1309.76
CF42,5983.86,1547.24
CF43,5203.14,1400.76
CF44,18052.29,4975.47
CF45,8505.19,2483.24
CF46,6347.64,1728.44
CF47,9556.29,2820.21
CF48,11958.19,3383.74
CF5,29578.51,9164.04
CF61,4132.51,991.29
CF62,18860.28,5397.32
CF63,9807.91,2993.13
CF64,16280.82,4483.11
CF71,4043.06,1053.56
CF72,11858.96,3779.25
CF81,6997.04,1971.35
CF82,8359.9,2506.56
CF83,23473.71,6862.25
CF91,57.75,13.67
CF95,25.87,2.27
CF99,7.61,0.75
CH1,14308.73,3047.69
CH2,15298.3,3946.24
CH25,140.89,25.44
CH26,86.69,22.35
CH27,208.22,53.94
CH28,50.94,12.12
CH29,156.22,28.5
CH3,15841.81,4467.96
CH30,43.4,12.1
CH31,73.13,15.79
CH32,180.22,51.16
CH33,134.32,32.74
CH34,444.71,158.95
CH4,15072.77,4268.45
CH41,10014.82,2721.54
CH42,14501.66,4399.65
CH43,16747.96,4305.07
CH44,12671.48,3746.68
CH45,13798.87,3229.96
CH46,11130.7,3085.25
CH47,4438.21,1093.93
CH48,6868.78,1687.83
CH49,13040.39,3427.61
CH5,17960.44,5128.72
CH6,7609.93,2139.11
CH60,5850.38,1335.64
CH61,7378.67,1775.66
CH62,13181.86,3657.67
CH63,12560.12,3385.15
CH64,8615.1,1847.1
CH65,12934.9,3971.99
CH66,15444.59,4035.8
CH7,22409.61,5758.74
CH70,202.53,32.25
CH8,8864.68,2315.06
CH88,18.29,1.42
CH99,99.83,20.17
CM0,7662.0,1951.0
CM1,28844.84,8609.22
CM11,7200.45,2241.97
CM12,8893.53,2591.95
CM13,10514.6,3203.28
CM14,9623.61,2744.08
CM15,9567.81,2893.39
CM16,9948.85,2834.17
CM17,10683.62,3763.35
CM18,10357.85,3541.24
CM19,8651.39,2750.71
CM2,25411.76,7348.97
CM20,10200.11,3341.31
CM21,4612.99,1284.28
CM22,6119.2,2034.45
CM23,17790.01,5811.2
CM24,3575.13,1211.93
CM3,22796.96,6446.23
CM4,4382.69,1101.69
CM5,4934.45,1458.93
CM6,11915.74,3756.18
CM7,21258.87,6227.33
CM77,6361.02,2102.05
CM8,14925.91,4399.07
CM9,15096.54,3972.99
CM92,137.82,57.82
CM98,220.26,99.57
CM99,235.77,53.24
CO1,8560.68,2351.57
CO10,22396.98,5230.62
CO11,6129.95,1528.81
CO12,10388.65,2699.51
CO13,6148.43,1036.62
CO14,3439.65,590.62
CO15,21186.88,4054.4
CO16,11799.96,2724.89
CO2,16253.27,5329.27
CO3,13810.27,4216.53
CO4,20951.45,6595.11
CO5,12671.46,3043.29
CO6,11739.47,3194.68
CO7,15212.94,3816.71
CO8,1031.74,240.06
CO9,11851.98,3197.13
CR0,64900.02,22445.93
CR2,20231.52,6461.24
CR3,12674.72,4203.42
CR4,22861.97,8497.34
CR44,36.59,12.88
CR5,11987.97,4256.74
CR6,4357.4,1269.4
CR7,16683.99,5990.56
CR8,12936.08,4293.5
CR9,1826.55,525.89
CR90,217.25,80.98
CT1,12337.45,3067.83
CT10,11095.65,2609.16
CT11,13679.47,3650.32
CT12,7965.37,2284.28
CT13,3867.55,807.45
CT14,16392.16,3610.71
CT15,5773.28,1398.59
CT16,9246.04,2492.5
CT17,9180.03,2703.29
CT18,5916.09,1727.82
CT19,11630.6,3540.51
CT2,11134.2,2599.57
CT20,11213.12,2561.98
CT21,8119.2,1563.06
CT3,8195.59,2482.35
CT4,7261.11,1998.63
CT5,14848.35,3452.48
CT50,94.76,18.82
CT6,17596.11,4404.68
CT7,5827.08,1063.87
CT8,3618.32,835.01
CT9,20036.4,5711.85
CV1,12314.6,3073.83
CV10,23548.89,7413.68
CV11,17494.75,4837.02
CV12,13739.82,3744.14
CV13,4724.48,1160.57
CV2,27520.4,9150.22
CV21,17011.25,5057.12
CV22,15836.53,4978.21
CV23,10850.97,3428.29
CV3,28166.83,8928.28
CV31,13801.71,3693.59
CV32,14350.48,3468.14
CV33,3871.32,1252.25
CV34,15551.08,4573.93
CV35,11282.63,3095.35
CV36,4806.54,1061.33
CV37,20274.55,5024.24
CV4,12877.69,3680.13
CV47,8320.46,2319.76
CV5,20348.84,5107.41
CV6,35019.24,12544.36
CV7,11915.78,3414.26
CV8,13505.33,3441.16
CV9,9594.98,2572.55
CW1,19089.88,5548.85
CW10,7176.32,1913.05
CW11,11981.9,3218.6
CW12,14887.08,3841.45
CW2,18908.95,5213.16
CW3,4216.39,955.63
CW4,4462.15,1217.69
CW5,14458.6,3605.74
CW6,5645.79,1431.4
CW7,14567.2,4325.23
CW8,17151.55,4842.81
CW9,14830.6,3979.37
CW98,13.2,2.23
DA1,25295.61,9514.13
DA10,4460.98,1822.08
DA11,15838.87,5647.92
DA12,19265.07,6556.19
DA13,5852.2,1565.44
DA14,9898.65,2832.46
DA15,11448.1,3652.78
DA16,13912.38,4851.89
DA17,7525.07,2714.82
DA18,1906.42,659.9
DA2,9613.01,3199.9
DA3,6702.22,1780.01
DA4,3908.66,1095.31
DA5,8883.52,2841.29
DA6,4235.19,1383.28
DA7,14196.54,4500.3
DA8,14287.09,5697.4
DA9,6168.38,2158.6
DD1,5914.75,616.63
DD10,10206.96,2346.25
DD11,13594.2,3069.33
DD2,20320.54,4505.05
DD3,17960.54,3853.44
DD4,20278.9,5037.07
DD5,14884.14,3700.27
DD6,4317.03,996.22
DD7,5752.0,1333.0
DD8,13684.3,2902.68
DD9,5147.97,1117.27
DE1,7985.44,1268.16
DE11,20046.52,5738.09
DE12,9403.49,2529.18
DE13,18374.0,5089.22
DE14,13712.25,4578.62
DE15,10880.52,2921.71
DE21,25010.43,6947.31
DE22,21163.2,5476.16
DE23,22228.7,8678.08
DE24,24160.47,7645.54
DE3,7907.78,2120.8
DE4,15802.54,3377.46
DE45,3735.72,710.2
DE5,10282.52,2492.59
DE55,23889.56,6172.99
DE56,17564.19,4289.74
DE6,11153.24,2675.34
DE65,10092.77,3003.58
DE7,22594.82,5944.9
DE72,8897.12,2114.06
DE73,8917.65,2871.6
DE74,5833.57,1399.52
DE75,8317.41,2135.08
DE99,4.27,1.0
DG1,12966.76,2794.96
DG10,1902.02,366.67
DG11,6140.37,1283.74
DG12,6026.0,1364.32
DG13,1365.0,258.0
DG14,591.0,100.57
DG16,1855.71,410.29
DG2,11107.63,2553.57
DG3,2245.05,444.29
DG4,2119.76,497.91
DG5,2591.29,469.74
DG6,2498.78,431.78
DG7,5689.84,1087.57
DG8,6099.76,1064.5
DG9,7410.86,1527.18
DH1,19212.87,4170.29
DH2,13927.34,3498.64
DH3,12270.54,3066.27
DH4,15099.79,4196.16
DH5,9392.0,2562.56
DH6,15614.31,4054.72
DH7,19393.89,4946.83
DH8,18165.7,4859.84
DH9,17408.85,4474.84
DH97,5.69,1.01
DH98,10.88,2.22
DH99,20.64,4.5
DL1,22163.6,6026.15
DL10,8278.24,1913.91
DL11,2230.17,415.84
DL12,5826.63,1174.31
DL13,6529.08,1417.33
DL14,17289.44,4480.7
DL15,10475.45,2795.69
DL16,10216.55,2732.49
DL17,8715.11,1947.29
DL2,8342.26,2244.33
DL3,19551.22,4846.65
DL4,4783.64,1166.14
DL5,12985.47,3479.63
DL6,7060.65,1650.16
DL7,6837.57,1525.25
DL8,8967.21,1737.14
DL9,4610.55,1838.51
DL98,97.16,20.58
DN1,5524.73,1202.53
DN10,5832.88,1352.31
DN11,13034.77,3502.41
DN12,10734.16,3034.6
DN14,21329.12,5792.0
DN15,15607.98,4293.59
DN16,14345.7,4221.41
DN17,15645.81,4247.51
DN18,5722.55,1408.68
DN19,2826.9,685.86
DN2,10290.13,3027.81
DN20,8435.58,1934.03
DN21,17652.76,4495.07
DN22,16097.23,3887.37
DN3,13469.9,3482.07
DN31,5105.88,1351.7
DN32,12219.98,3587.72
DN33,8699.87,2665.33
DN34,8280.64,2318.8
DN35,15060.14,3776.52
DN36,8993.9,2056.04
DN37,9373.05,2204.04
DN38,1253.14,329.79
DN39,1216.89,304.99
DN4,23370.72,6578.97
DN40,5350.4,1430.39
DN41,2605.48,723.12
DN5,17663.97,4787.5
DN6,13201.33,3864.65
DN7,9486.96,2691.28
DN8,8013.35,2294.24
DN9,9099.79,2499.01
DT1,9998.7,2336.44
DT10,5344.85,1070.92
DT11,12739.77,3018.61
DT2,11437.04,2523.16
DT3,10941.39,2381.57
DT4,17554.95,3818.02
DT5,5690.49,1355.08
DT6,10469.21,1879.55
DT7,2578.42,448.32
DT8,2778.92,510.32
DT9,9926.75,2031.7
DY1,14241.31,4723.29
DY10,15572.63,3980.17
DY11,14180.3,3684.62
DY12,5773.93,1105.21
DY13,10130.9,2333.1
DY14,4195.77,933.46
DY2,14062.9,4715.59
DY3,15485.37,4024.41
DY4,19040.67,6647.9
DY5,18588.02,5475.72
DY6,12389.56,3191.27
DY7,3629.69,750.88
DY8,22469.49,5690.37
DY9,13136.78,3883.69
E1,27341.97,7596.66
E10,16650.25,5772.03
E11,22091.06,6901.92
E12,12397.5,5913.36
E13,16711.54,6795.65
E14,43374.78,11660.34
E15,21346.23,6173.98
E16,23902.36,7561.37
E17,41608.21,14856.13
E18,8191.67,2695.06
E1W,6698.34,1366.43
E2,19630.76,5030.04
E20,4502.48,1070.38
E3,26524.43,7703.24
E4,24794.77,8386.68
E5,18723.05,5904.27
E6,24432.94,11303.35
E7,16399.79,6951.4
E8,18920.98,4345.28
E9,16547.32,4855.31
E98,366.26,55.73
EC1A,587.75,61.51
EC1M,955.07,127.03
EC1N,1079.47,180.79
EC1P,212.88,46.74
EC1R,2055.34,365.22
EC1V,7061.6,1404.77
EC1Y,1867.16,317.08
EC2A,1474.86,161.31
EC2M,257.79,28.25
EC2N,48.43,2.46
EC2P,74.46,14.68
EC2R,71.74,4.28
EC2V,562.23,51.04
EC2Y,1163.81,110.68
EC3A,142.89,23.85
EC3M,71.76,3.18
EC3N,333.67,62.43
EC3P,17.0,3.57
EC3R,78.03,3.93
EC3V,71.75,3.34
EC4A,244.9,11.95
EC4M,118.79,5.75
EC4N,64.57,3.49
EC4P,43.83,9.62
EC4R,52.92,2.5
EC4V,118.15,5.56
EC4Y,286.37,13.66
EH1,2944.98,163.83
EH10,14778.8,3576.37
EH11,21370.28,3391.46
EH12,18649.27,4382.84
EH13,6556.02,1815.18
EH14,18073.96,4655.26
EH15,10004.09,2467.54
EH16,15439.17,3755.7
EH17,10004.06,2775.08
EH18,889.34,250.8
EH19,6685.38,2093.61
EH2,424.44,26.59
EH20,3215.33,770.72
EH21,12773.24,3267.16
EH22,14799.19,4218.11
EH23,4365.88,1472.85
EH24,954.46,312.32
EH25,1822.19,541.27
EH26,7622.96,1936.61
EH27,1063.16,295.99
EH28,1435.71,480.97
EH29,2254.8,916.92
EH3,13261.94,1430.5
EH30,4565.18,1353.99
EH31,1320.84,321.5
EH32,8985.95,2286.79
EH33,6244.79,1859.31
EH34,1084.2,311.94
EH35,1228.56,334.6
EH36,165.0,34.0
EH37,717.26,188.23
EH38,179.0,49.24
EH39,4656.29,1241.75
EH4,25179.23,6727.23
EH40,1028.81,249.85
EH41,6267.55,1707.57
EH42,5512.0,1719.0
EH43,432.98,86.12
EH44,1688.97,375.59
EH45,5249.07,1311.94
EH46,1469.71,427.85
EH47,12756.4,3226.76
EH48,17238.1,5087.86
EH49,7130.29,1867.88
EH5,10590.59,2678.03
EH51,6990.71,1724.4
EH52,9571.82,2697.82
EH53,5325.22,1498.08
EH54,23232.19,6877.48
EH55,3931.39,1051.85
EH6,22483.43,3553.9
EH7,19599.87,2613.0
EH8,11380.89,1537.53
EH9,9284.14,1989.7
EN1,17940.85,6716.94
EN10,7143.65,2438.54
EN11,9238.94,2877.27
EN2,13308.42,4296.99
EN3,20958.55,9192.37
EN4,10413.46,3651.54
EN5,16389.91,5055.47
EN6,12159.95,3544.9
EN7,8264.98,2719.9
EN8,16082.92,5226.86
EN9,10863.12,3219.75
EX1,11336.88,3040.16
EX10,8385.1,1439.55
EX11,4001.53,1089.65
EX12,4956.27,755.55
EX13,5986.93,1303.91
EX14,9844.83,2191.76
EX15,9961.36,2783.38
EX16,14374.9,3596.1
EX17,8855.08,2261.38
EX18,1570.74,330.37
EX19,1616.52,313.42
EX2,19023.44,4808.76
EX20,9569.31,2342.84
EX21,2127.93,415.58
EX22,5371.17,1250.11
EX23,7385.92,1745.91
EX24,1788.89,321.73
EX3,2520.1,535.73
EX31,12396.54,3048.21
EX32,10642.46,2846.8
EX33,4419.11,1123.32
EX34,7414.67,1677.59
EX35,758.53,104.08
EX36,4508.49,1079.61
EX37,1583.6,349.95
EX38,3672.5,896.91
EX39,17853.66,3910.16
EX4,22822.23,5310.54
EX5,10865.7,3296.51
EX6,6701.16,1628.96
EX7,6710.28,1340.01
EX8,16971.32,3806.12
EX9,3329.38,550.89
FK1,13441.9,2938.31
FK10,17267.95,4362.47
FK11,1259.63,379.53
FK12,2481.15,505.25
FK13,2986.1,589.46
FK14,1867.36,477.03
FK15,4418.99,1273.05
FK16,1046.14,325.46
FK17,1716.54,365.95
FK18,101.0,17.0
FK19,250.57,38.22
FK2,22306.29,6008.48
FK20,158.17,25.51
FK21,465.66,76.66
FK3,8197.0,1664.0
FK4,5658.23,1545.38
FK5,8939.89,2613.25
FK6,6433.35,1672.64
FK7,14122.39,3503.52
FK8,9202.52,1770.97
FK9,5154.34,1253.04
FY1,15141.95,3729.53
FY2,11231.83,2652.31
FY3,14649.87,4146.18
FY4,20648.39,5169.21
FY5,21081.81,4525.4
FY6,13325.9,2866.23
FY7,11651.75,3071.79
FY8,21869.92,4162.52
G1,4134.81,177.13
G11,12241.21,1461.3
G12,11989.85,1780.54
G13,15654.5,3531.94
G14,9029.0,2203.0
G15,7410.0,2220.0
G2,1572.63,141.72
G20,16630.83,3146.52
G21,12520.21,2928.46
G22,8811.32,2095.58
G23,3203.97,821.82
G3,9509.23,1287.5
G31,13844.95,2317.65
G32,17879.84,3921.86
G33,19200.58,5597.27
G34,3802.94,957.38
G4,5797.81,531.22
G40,6912.84,1587.8
G41,14917.51,2916.02
G42,15089.54,2992.17
G43,8439.99,1961.18
G44,12617.15,2845.13
G45,7071.22,1960.47
G46,11124.15,3188.89
G5,6671.91,1226.28
G51,12902.03,2480.0
G52,13275.68,3067.56
G53,13947.64,4259.51
G60,2319.25,448.0
G61,11576.66,3567.95
G62,5965.5,1497.16
G63,4082.49,1082.52
G64,11356.68,3042.24
G65,6527.24,1565.96
G66,17695.2,4663.15
G67,15364.43,3731.63
G68,7698.71,2479.17
G69,15067.35,4197.9
G71,13722.94,3748.05
G72,22518.0,6966.51
G73,15283.37,3214.0
G74,17848.4,4023.43
G75,17459.38,4793.63
G76,9130.06,3069.94
G77,11212.12,4139.99
G78,11084.27,2915.27
G81,18475.17,4327.95
G82,12504.75,3067.03
G83,10832.99,2526.96
G84,9494.48,2086.71
GL1,16665.68,4503.44
GL10,6795.49,1783.24
GL11,8362.82,2163.38
GL12,6416.75,1934.65
GL13,2617.54,644.85
GL14,6770.93,1656.04
GL15,9694.33,2342.6
GL16,6335.52,1451.72
GL17,5279.07,1313.47
GL18,3872.86,906.2
GL19,3662.95,855.55
GL2,25011.87,7763.85
GL20,12898.03,3300.64
GL3,14615.55,4220.6
GL4,20344.26,5796.88
GL5,13608.7,3400.37
GL50,10637.58,1599.88
GL51,23257.21,6304.5
GL52,21425.97,5785.64
GL53,8867.64,2537.1
GL54,11293.71,2675.1
GL55,2816.12,573.63
GL56,4895.05,1059.96
GL6,11422.6,2780.31
GL7,20262.85,4915.97
GL8,4305.47,995.58
GL9,941.99,238.54
GU1,13853.5,3788.35
GU10,10022.52,3262.31
GU11,10359.16,3402.15
GU12,13481.46,4061.23
GU14,22737.54,7079.74
GU15,14139.66,4369.83
GU16,9580.0,3047.73
GU17,4616.55,1374.87
GU18,2851.64,751.18
GU19,2611.43,782.61
GU2,11045.48,3176.47
GU20,1821.99,516.52
GU21,19943.66,6629.76
GU22,14523.18,4589.75
GU23,2820.46,753.1
GU24,7074.19,2518.55
GU25,2354.09,754.24
GU26,3320.05,880.41
GU27,7481.82,2248.22
GU28,2925.96,652.36
GU29,4653.31,1006.88
GU3,4665.51,1272.68
GU30,4248.16,1264.7
GU31,4644.66,1263.92
GU32,5777.17,1453.18
GU33,3588.61,961.76
GU34,14496.42,3869.47
GU35,9702.01,2802.32
GU4,6873.93,2097.87
GU46,6034.59,1696.91
GU47,7597.35,2371.05
GU5,4436.3,1273.43
GU51,10310.99,3313.06
GU52,7177.74,2488.66
GU6,6699.11,1669.83
GU7,10040.8,3046.89
GU8,7178.61,2128.44
GU9,12929.13,3804.4
HA0,16678.61,6590.7
HA1,16107.4,5460.19
HA2,20298.11,7808.26
HA3,24662.35,8862.23
HA4,20703.27,6959.73
HA5,17590.57,6021.86
HA6,9186.35,2864.27
HA7,13526.46,4560.75
HA8,23960.3,9122.09
HA9,18571.6,6592.19
HD1,9428.77,2772.41
HD2,11684.02,3956.23
HD3,14072.26,3987.53
HD4,13075.29,3639.34
HD5,13485.09,3731.07
HD6,12076.51,3040.54
HD7,10211.57,2734.26
HD8,14111.13,3839.07
HD9,15535.53,4208.29
HG1,16425.31,3515.03
HG2,13866.87,3940.35
HG3,12482.53,3388.65
HG4,11335.2,2746.54
HG5,8355.74,2144.91
HP1,11546.79,3585.35
HP10,8246.58,2514.04
HP11,6447.38,2062.82
HP12,8442.1,3047.14
HP13,17411.69,5990.41
HP14,7005.16,2011.34
HP15,7011.86,2034.33
HP16,5007.22,1462.49
HP17,4527.46,1315.07
HP18,8521.95,3314.63
HP19,10256.58,3637.33
HP2,16789.52,5633.84
HP20,7266.64,2178.99
HP21,13880.53,4372.38
HP22,12259.4,3977.72
HP23,7638.37,2240.18
HP27,5906.35,1540.21
HP3,13591.18,4367.37
HP4,10458.85,3263.24
HP5,10951.08,3446.5
HP6,5787.61,2018.31
HP7,4635.76,1553.91
HP8,2837.25,927.88
HP9,6930.01,2332.19
HR1,14927.09,3702.67
HR2,16336.9,4671.83
HR3,3647.41,730.08
HR4,13664.96,3279.7
HR5,2331.57,463.28
HR6,9403.67,2114.5
HR7,3372.36,715.03
HR8,6409.52,1326.44
HR9,9709.68,2061.89
HS1,2528.03,404.63
HS2,6422.97,1382.37
HS3,639.0,96.0
HS4,145.0,21.0
HS5,124.0,19.0
HS6,807.0,113.0
HS7,586.0,142.0
HS8,879.0,177.0
HS9,604.0,129.0
HU1,2085.36,233.71
HU10,8883.31,2281.91
HU11,5784.8,1224.56
HU12,11223.08,2576.13
HU13,6750.62,1843.98
HU14,3685.5,1046.16
HU15,10275.98,2945.93
HU16,7267.57,1580.22
HU17,19701.25,4626.88
HU18,3771.15,751.31
HU19,3132.31,676.26
HU2,2500.69,468.76
HU20,365.8,92.08
HU3,13581.41,3871.32
HU4,10421.05,2833.11
HU5,22529.37,5456.22
HU6,14065.58,4402.79
HU7,19802.68,6718.76
HU8,14795.33,4237.32
HU9,18015.79,5474.82
HX1,9099.55,3291.51
HX2,16040.62,4822.47
HX3,21073.54,5823.28
HX4,5520.0,1575.46
HX5,4569.46,1303.29
HX6,8368.35,2286.9
HX7,6136.42,1416.24
IG1,21357.68,9993.4
IG10,13276.35,4310.61
IG11,21454.74,10123.56
IG2,9606.2,4169.01
IG3,11874.55,5495.78
IG4,2919.63,1184.51
IG5,5771.31,2287.37
IG6,11220.5,4384.91
IG7,8851.44,3277.47
IG8,15471.65,5377.6
IG9,5435.32,1699.31
IP1,18376.54,5158.64
IP10,1631.0,352.84
IP11,14079.61,2932.5
IP12,10708.13,2438.09
IP13,8958.38,2190.19
IP14,18010.22,4681.22
IP15,1062.27,141.55
IP16,3348.68,660.53
IP17,5813.66,1190.88
IP18,1963.36,294.0
IP19,4857.87,896.56
IP2,13862.91,4108.17
IP20,3831.74,868.21
IP21,5085.53,1100.12
IP22,10277.54,2299.63
IP23,3318.88,756.15
IP24,12116.08,3645.07
IP25,9065.4,2082.6
IP26,3964.1,1045.45
IP27,8621.88,2300.61
IP28,12762.27,3676.67
IP29,3927.51,956.28
IP3,14740.22,4519.49
IP30,6304.74,1540.78
IP31,8707.45,2139.78
IP32,7572.34,2262.03
IP33,12090.46,2326.57
IP4,15811.99,4633.24
IP5,8180.3,2479.07
IP6,7744.61,1827.47
IP7,7071.22,1796.62
IP8,4899.82,1160.88
IP9,5085.42,1188.19
IP98,90.88,19.32
IV1,1524.07,259.55
IV10,1258.64,275.53
IV11,415.0,93.0
IV12,6002.84,1181.92
IV13,269.0,75.0
IV14,938.18,236.3
IV15,2717.91,584.91
IV16,740.86,184.86
IV17,3102.14,881.91
IV18,2726.0,613.23
IV19,2215.28,519.94
IV2,23902.06,6180.92
IV20,1417.06,296.82
IV21,550.0,72.0
IV22,731.0,93.78
IV23,376.25,61.13
IV24,699.02,104.7
IV25,1245.0,223.0
IV26,925.03,185.68
IV27,1754.63,246.53
IV28,240.0,30.0
IV3,10046.87,2082.53
IV30,16108.0,4026.0
IV31,3203.0,768.0
IV32,2319.07,501.06
IV36,7521.2,1687.26
IV4,2150.24,512.03
IV40,1236.07,206.01
IV41,215.0,46.0
IV42,203.85,36.72
IV43,124.75,24.14
IV44,132.37,24.15
IV45,151.67,23.67
IV46,50.96,11.19
IV47,292.16,47.63
IV48,33.0,4.0
IV49,583.4,76.14
IV5,601.0,153.0
IV51,2568.45,523.43
IV52,169.0,36.0
IV53,63.0,14.0
IV54,698.0,95.0
IV55,655.0,86.0
IV56,140.55,11.71
IV6,2106.31,503.07
IV63,1201.98,218.29
IV7,2734.45,667.55
IV8,404.0,106.0
IV9,614.0,152.0
KA1,13955.94,3139.06
KA10,7776.08,1587.09
KA11,9503.85,2630.7
KA12,8725.39,2001.67
KA13,7751.94,1983.67
KA14,270.55,54.06
KA15,3204.44,698.04
KA16,1350.0,249.55
KA17,1805.0,407.0
KA18,9370.0,2334.0
KA19,3305.18,688.23
KA2,2962.03,682.49
KA20,4297.28,1026.67
KA21,5748.0,1456.8
KA22,5294.05,1123.45
KA23,2521.23,492.93
KA24,2809.0,621.2
KA25,3353.0,789.67
KA26,4923.74,950.68
KA27,2257.0,369.0
KA28,747.0,76.0
KA29,760.72,151.62
KA3,17565.36,4903.63
KA30,5787.0,955.47
KA4,2362.92,529.65
KA5,4416.82,1007.08
KA6,8368.5,2099.01
KA7,13209.4,2775.48
KA8,9202.54,2020.34
KA9,7400.85,1609.61
KT1,9577.75,2761.38
KT10,8427.46,3068.45
KT11,6252.78,2156.08
KT12,16392.01,5620.18
KT13,9397.54,3039.42
KT14,5748.57,1826.63
KT15,12484.49,3897.11
KT16,8620.47,2381.18
KT17,10205.98,3350.5
KT18,7547.97,2269.99
KT19,14477.55,5260.6
KT2,13011.73,4785.35
KT20,8415.08,2510.18
KT21,5446.8,1771.47
KT22,10565.89,3018.12
KT23,4803.62,1241.68
KT24,3659.65,1129.61
KT3,14941.02,5424.32
KT4,11359.75,3856.51
KT5,8032.73,2462.58
KT6,13977.82,4096.74
KT7,4087.84,1627.93
KT8,8401.72,2721.39
KT9,8544.0,2977.82
KW1,5124.0,1149.0
KW10,762.0,126.0
KW11,57.36,9.29
KW12,770.0,164.0
KW13,48.0,15.0
KW14,5950.0,1153.0
KW15,4348.0,906.0
KW16,1858.37,314.78
KW17,4415.63,926.22
KW2,38.0,10.0
KW3,497.0,91.0
KW5,148.0,26.0
KW6,179.0,16.0
KW7,53.0,6.04
KW8,444.64,64.68
KW9,887.0,140.0
KY1,13319.06,2852.6
KY10,4384.67,804.67
KY11,28345.06,8218.36
KY12,18963.84,4256.36
KY13,5343.24,1407.08
KY14,3084.55,680.83
KY15,9650.0,2021.81
KY16,9199.97,1647.78
KY2,14146.07,3613.73
KY3,5300.11,1239.96
KY4,10340.61,2647.02
KY5,9184.06,2408.62
KY6,8305.22,2039.41
KY7,11933.61,2906.05
KY8,16777.27,3763.83
KY9,959.33,177.33
L1,5112.87,312.24
L10,6386.63,1824.8
L11,12131.5,4494.33
L12,12938.16,3638.86
L13,13606.6,3617.92
L14,11873.0,3758.49
L15,11733.27,2764.88
L16,5438.8,1683.94
L17,11138.9,1958.68
L18,10216.03,2757.81
L19,10239.19,2992.8
L2,1326.78,48.96
L20,15225.47,4212.05
L21,11402.53,3148.54
L22,5856.05,1354.59
L23,13214.9,3414.52
L24,7800.16,2509.36
L25,15664.91,3833.43
L26,6338.71,1843.03
L27,2733.27,783.37
L28,3029.64,813.53
L29,289.73,83.58
L3,5898.92,608.31
L30,8527.98,2340.26
L31,13085.4,3291.07
L32,8993.29,2714.46
L33,8044.85,2839.96
L34,6377.05,1646.57
L35,13052.67,3674.21
L36,17967.06,5328.89
L37,10011.61,2398.8
L38,1173.66,254.01
L39,11628.57,2699.14
L4,18334.72,5173.63
L40,8699.46,2241.72
L5,6609.12,1645.71
L6,10791.39,2769.24
L67,51.57,16.81
L68,8.21,2.93
L69,966.48,99.25
L7,8047.42,1796.81
L70,138.79,24.45
L71,133.9,29.48
L72,320.33,111.43
L74,431.06,25.76
L75,167.78,33.49
L8,15164.56,3827.71
L80,12.27,3.74
L9,13453.66,3758.43
LA1,22079.1,5606.74
LA10,1559.07,283.59
LA11,4664.26,730.78
LA12,9455.3,1960.94
LA13,8392.23,2292.46
LA14,17770.02,4219.92
LA15,3435.6,816.16
LA16,1394.57,311.38
LA17,518.0,104.89
LA18,3663.67,814.97
LA19,444.91,86.63
LA2,9212.12,2122.14
LA20,560.7,115.98
LA21,441.28,78.89
LA22,2100.94,346.48
LA23,3957.91,741.04
LA3,11107.37,3050.94
LA4,11858.54,2748.91
LA5,7371.9,1534.44
LA6,5936.01,1273.24
LA7,2213.09,472.28
LA8,4074.18,853.16
LA9,14461.1,3299.46
LD1,5102.5,1013.41
LD2,2864.65,606.42
LD3,8499.9,1898.0
LD4,394.32,68.07
LD5,481.97,82.63
LD6,1302.92,264.37
LD7,2129.72,397.71
LD8,2003.37,369.23
LE1,6979.76,1491.7
LE10,23377.92,6342.44
LE11,24303.21,6175.05
LE12,29116.82,8179.65
LE13,12069.34,3194.26
LE14,7836.7,1902.41
LE15,14635.84,3572.05
LE16,16254.58,4292.78
LE17,9856.47,2806.18
LE18,14328.57,3972.59
LE19,7262.07,2194.36
LE2,43921.91,13900.67
LE21,97.19,12.43
LE3,41714.64,13770.52
LE4,38387.46,13716.42
LE41,90.44,37.33
LE5,31080.93,13272.14
LE6,5050.16,1394.85
LE65,7311.83,2122.22
LE67,27617.05,7626.73
LE7,21410.02,6239.04
LE8,16948.24,4986.47
LE87,180.81,33.92
LE9,25250.42,7063.96
LE94,44.5,11.3
LE95,11.8,4.87
LL11,16628.0,4765.57
LL12,12173.25,3196.77
LL13,14960.91,4387.7
LL14,14272.15,4217.47
LL15,4886.78,1199.83
LL16,6581.89,1695.95
LL17,2457.72,586.47
LL18,18274.82,4932.33
LL19,9118.95,2140.11
LL20,3556.35,777.0
LL21,2808.15,662.63
LL22,8501.38,1751.83
LL23,1865.76,454.8
LL24,942.39,201.83
LL25,233.34,44.94
LL26,1956.73,490.93
LL27,379.89,88.16
LL28,6267.27,1322.89
LL29,9011.71,2480.17
LL30,9984.95,1934.77
LL31,4639.63,1207.02
LL32,2915.19,661.88
LL33,1797.0,435.5
LL34,2027.22,477.46
LL35,486.96,67.84
LL36,2162.12,349.66
LL37,242.82,35.13
LL38,285.31,41.28
LL39,115.34,16.69
LL40,1930.92,378.76
LL41,2802.19,684.75
LL42,1017.3,223.77
LL43,196.0,31.05
LL44,364.0,57.67
LL45,378.0,59.89
LL46,723.15,113.29
LL47,383.69,59.82
LL48,1105.98,260.79
LL49,1907.49,366.08
LL51,369.79,80.73
LL52,1205.37,243.28
LL53,7020.55,1570.04
LL54,4995.69,1320.26
LL55,9299.46,2571.4
LL56,1045.82,258.39
LL57,10220.9,2689.21
LL58,1795.53,348.37
LL59,2422.58,519.65
LL60,1170.01,320.6
LL61,2780.58,656.05
LL62,804.38,175.62
LL63,629.65,122.17
LL64,336.89,63.21
LL65,10652.0,2839.85
LL66,199.54,43.34
LL67,588.23,115.36
LL68,2633.62,600.53
LL69,334.5,68.03
LL70,177.96,35.32
LL71,740.5,189.96
LL72,372.2,72.49
LL73,111.26,21.11
LL74,992.61,151.77
LL75,616.8,122.44
LL76,97.7,12.27
LL77,3087.88,868.21
LL78,276.53,48.0
LN1,13256.36,2766.86
LN10,2722.82,473.42
LN11,13681.7,3097.26
LN12,6492.72,882.14
LN13,3662.1,746.17
LN2,17834.24,4905.43
LN3,4542.66,1133.11
LN4,17017.83,4434.8
LN5,15280.23,3664.66
LN6,26859.34,7542.34
LN7,2817.5,663.87
LN8,7916.01,1714.52
LN9,4840.52,1046.24
LS1,2793.56,224.69
LS10,16498.86,5353.93
LS11,16497.42,5185.73
LS12,19202.4,5353.82
LS13,16649.94,4757.62
LS14,16467.26,5395.29
LS15,15833.81,4078.59
LS16,15981.8,4436.02
LS17,18739.89,5728.02
LS18,9144.34,2805.52
LS19,9132.24,2551.44
LS2,3433.37,405.61
LS20,5541.46,1693.88
LS21,8509.44,2169.62
LS22,7435.6,1770.3
LS23,4063.25,1110.68
LS24,5419.85,1501.05
LS25,18531.51,5181.78
LS26,13904.85,3965.02
LS27,17243.03,4566.88
LS28,17924.59,5099.49
LS29,14775.77,3830.39
LS3,1485.07,193.11
LS4,4225.83,598.88
LS5,4140.95,1076.2
LS6,17451.18,2656.88
LS7,13689.2,3631.74
LS8,19131.37,6965.85
LS88,237.04,61.23
LS9,18499.33,5988.38
LS98,25.01,3.75
LS99,22.22,5.74
LU1,18557.1,6579.56
LU2,24010.11,7882.52
LU3,22570.32,8993.49
LU4,18375.83,7942.13
LU5,16538.55,5530.67
LU6,14525.64,4109.52
LU7,25659.63,7997.51
M1,5503.23,197.43
M11,9385.36,3550.32
M12,6915.44,2994.93
M13,6503.66,2358.15
M14,17801.58,4809.89
M15,10234.56,1534.12
M16,14652.38,4577.93
M17,1015.66,330.52
M18,10286.5,4145.61
M19,13843.04,5017.29
M2,631.89,27.73
M20,21361.76,4855.13
M21,12163.23,3337.88
M22,18165.37,6357.19
M23,14266.52,4565.42
M24,21950.14,6900.15
M25,12432.22,3937.28
M26,15890.22,4803.78
M27,17741.51,5334.18
M28,19278.14,5822.83
M29,10205.8,3034.02
M3,8446.98,591.3
M30,18017.57,4979.09
M31,3324.74,1151.84
M32,11537.37,3663.86
M33,25646.45,8496.7
M34,21088.79,5795.08
M35,9433.6,2592.91
M38,6104.32,2275.64
M4,7655.2,510.03
M40,19203.39,6502.42
M41,17217.61,5040.26
M43,10463.9,3048.7
M44,8246.62,2562.53
M45,10302.54,3087.22
M46,10359.27,2928.63
M5,10056.97,1980.73
M50,4088.78,443.55
M6,15081.98,3928.66
M60,749.45,41.69
M61,425.15,20.89
M7,12462.23,4266.92
M8,11681.88,4915.57
M9,17622.45,6404.35
M90,501.8,172.29
M99,88.58,2.74
ME1,14053.27,4213.47
ME10,20114.12,6578.05
ME11,1529.47,494.96
ME12,16682.53,4921.04
ME13,12422.55,3352.26
ME14,14458.67,4280.1
ME15,21229.52,7035.19
ME16,14231.23,4381.26
ME17,10275.58,2845.97
ME18,3030.99,793.09
ME19,9814.69,3592.27
ME2,16794.79,5689.76
ME20,8923.92,2737.83
ME3,12021.4,3723.96
ME4,13432.49,4786.52
ME5,20559.41,6687.59
ME6,5032.14,1621.9
ME7,20309.21,6792.83
ME8,21075.33,6181.49
ME9,10049.7,3156.02
MK1,1085.58,318.23
MK10,9004.94,4360.54
MK11,4605.9,1387.1
MK12,5388.16,1895.72
MK13,7947.41,2474.19
MK14,8120.07,2501.03
MK15,3411.04,899.84
MK16,8096.93,2364.93
MK17,8834.17,2552.36
MK18,13995.95,4181.15
MK19,5335.49,1669.76
MK2,5795.73,2126.98
MK3,10951.61,3642.53
MK4,9059.32,3831.98
MK40,15618.07,4719.07
MK41,18146.5,5358.03
MK42,21584.89,7646.83
MK43,16932.93,5705.19
MK44,7300.57,1956.7
MK45,20360.14,6117.18
MK46,3988.59,1103.83
MK5,6166.03,2256.33
MK6,10646.68,3908.96
MK7,5450.27,1892.62
MK77,215.34,67.44
MK8,5496.55,2311.3
MK9,2321.12,428.41
ML1,25924.51,7328.69
ML10,4854.83,1430.39
ML11,15673.07,3677.53
ML12,4009.24,866.17
ML2,18089.16,4522.29
ML3,24632.52,6132.97
ML4,10098.37,2457.27
ML5,20295.08,5323.61
ML6,23873.69,6544.02
ML7,6871.91,1681.4
ML8,8954.0,2229.0
ML9,10750.65,2735.64
N1,41692.54,9067.51
N10,10932.71,3684.0
N11,12615.49,4280.05
N12,12362.59,3951.3
N13,12044.94,3984.9
N14,11939.3,4167.88
N15,17898.6,5577.99
N16,25928.22,8029.14
N17,25699.02,8859.43
N18,11713.42,4942.63
N19,14910.83,3495.36
N1C,946.7,222.27
N1P,800.37,118.17
N2,9935.46,3169.98
N20,7703.09,2459.11
N21,9195.97,3111.07
N22,17497.6,5207.46
N3,10606.39,3287.57
N4,23186.9,5448.36
N5,11275.51,2561.4
N6,8712.07,2065.07
N7,22013.82,4775.86
N8,17304.75,4394.29
N81,46.86,11.94
N9,18622.36,7387.96
NE1,3920.66,249.82
NE10,15915.8,4100.4
NE11,7760.62,1954.29
NE12,16844.6,4462.45
NE13,8568.9,2557.45
NE15,15156.99,4243.33
NE16,11119.73,2788.07
NE17,2272.1,475.25
NE18,430.53,123.28
NE19,978.9,190.4
NE2,10478.8,1182.04
NE20,5251.52,1378.29
NE21,7978.35,2034.16
NE22,8455.51,2095.34
NE23,18048.96,4564.99
NE24,18240.61,4894.81
NE25,13551.62,3461.87
NE26,8461.0,2393.94
NE27,7225.48,2512.92
NE28,22042.07,5849.51
NE29,16854.34,4196.23
NE3,23256.93,6359.39
NE30,10240.19,2231.56
NE31,10255.83,3047.82
NE32,10848.2,2829.76
NE33,13068.27,2700.81
NE34,23785.34,6615.52
NE35,2900.86,764.8
NE36,3013.52,798.17
NE37,8719.11,2410.16
NE38,13859.78,3691.34
NE39,3853.73,916.43
NE4,14611.65,5147.02
NE40,7067.58,1759.86
NE41,1002.69,250.29
NE42,5444.13,1449.14
NE43,2028.46,486.44
NE44,406.9,89.66
NE45,1707.14,303.25
NE46,7313.58,1593.04
NE47,3389.94,704.14
NE48,1916.54,385.16
NE49,2093.62,439.75
NE5,21789.99,6187.17
NE6,23061.21,5284.6
NE61,15786.67,3722.11
NE62,4038.87,919.03
NE63,13164.81,3470.4
NE64,2704.73,597.78
NE65,9239.64,1802.17
NE66,8383.4,1698.0
NE67,592.86,87.24
NE68,769.78,104.82
NE69,243.25,40.24
NE7,6283.83,1805.52
NE70,858.62,145.61
NE71,1590.22,234.1
NE8,13837.51,3102.5
NE85,33.23,9.25
NE88,53.63,15.3
NE9,16824.62,4414.04
NE92,207.79,48.41
NE98,138.28,46.24
NE99,508.05,23.91
NG1,6384.31,598.68
NG10,21252.11,5560.26
NG11,16418.21,4559.99
NG12,15673.83,4256.8
NG13,9695.52,2650.06
NG14,8291.86,2104.58
NG15,19601.19,5552.67
NG16,28106.47,6993.83
NG17,32256.31,8980.74
NG18,20406.47,5618.83
NG19,23167.95,6240.21
NG2,25346.58,7305.59
NG20,11666.48,3319.6
NG21,10550.21,3056.38
NG22,12124.47,3056.99
NG23,7695.29,1768.13
NG24,21553.05,5631.25
NG25,3983.74,932.2
NG3,21482.89,5834.18
NG31,20488.92,5882.57
NG32,6037.29,1353.78
NG33,4489.77,1057.15
NG34,19217.88,4866.46
NG4,18568.1,5040.93
NG5,38609.59,10868.61
NG6,16551.92,5005.02
NG7,19435.74,4587.46
NG8,25288.91,9171.45
NG80,149.22,29.73
NG9,30686.7,7697.15
NG90,257.05,50.31
NN1,14646.05,3916.89
NN10,17482.13,5116.52
NN11,17733.86,5016.59
NN12,11163.33,3101.91
NN13,8971.67,2646.14
NN14,18533.81,5244.8
NN15,17150.61,5424.14
NN16,14382.54,4337.25
NN17,13903.21,4438.48
NN18,15337.96,5679.31
NN2,17294.24,5130.81
NN29,5021.48,1291.31
NN3,29919.29,9925.62
NN4,19948.77,7354.07
NN5,18635.42,6238.22
NN6,16073.88,4573.43
NN7,13048.74,3618.89
NN8,22855.35,7260.64
NN9,12170.34,3367.06
NP10,11204.07,3730.62
NP11,15804.05,4207.64
NP12,14495.16,4162.47
NP13,8897.45,2286.91
NP15,3678.37,739.74
NP16,10184.17,2599.85
NP18,7169.02,1927.4
NP19,23592.94,7498.25
NP20,23037.79,6554.61
NP22,9801.62,2600.99
NP23,14342.18,3859.16
NP24,2024.32,578.56
NP25,7033.36,1694.57
NP26,9913.1,2686.11
NP4,19612.3,5448.7
NP44,21144.19,5926.95
NP7,12314.66,2877.9
NP8,2375.08,497.39
NR1,13876.95,2552.28
NR10,9745.2,2549.7
NR11,9220.47,1931.62
NR12,9916.04,1883.21
NR13,12640.42,3178.53
NR14,11834.06,3113.97
NR15,6744.61,1661.37
NR16,5167.8,1272.73
NR17,7670.57,1970.95
NR18,9112.0,2630.0
NR19,9186.45,2379.11
NR2,13797.22,2580.54
NR20,8532.44,1993.07
NR21,7501.31,1577.07
NR22,462.08,83.25
NR23,1524.07,267.07
NR24,2042.82,447.12
NR25,4282.27,646.57
NR26,3816.58,642.26
NR27,5805.68,906.84
NR28,8299.51,1719.33
NR29,9297.81,1849.01
NR3,16107.86,3760.27
NR30,14253.04,3675.16
NR31,22615.16,5976.45
NR32,18103.71,4509.64
NR33,17826.13,4116.33
NR34,10006.63,2152.08
NR35,5089.26,1096.25
NR4,9843.21,2697.82
NR5,12620.21,3598.57
NR6,11484.75,2812.69
NR7,15056.08,3825.29
NR8,9397.71,2825.09
NR9,7947.38,2095.11
NR99,110.43,8.87
NW1,23163.61,4953.15
NW10,36437.31,12257.87
NW11,12539.01,3849.02
NW1W,738.72,204.47
NW2,27419.06,8171.04
NW26,402.4,133.25
NW3,22398.02,5625.57
NW4,12545.37,3977.42
NW5,13128.57,3379.26
NW6,29811.85,7262.65
NW7,10619.48,3773.5
NW8,14139.01,3493.68
NW9,27823.16,9682.15
OL1,10062.14,4082.5
OL10,12566.09,3897.44
OL11,17782.78,6121.04
OL12,18756.95,6028.97
OL13,7194.51,2155.31
OL14,7213.62,1904.95
OL15,6555.73,1737.12
OL16,16091.1,5812.28
OL2,18181.88,4774.91
OL3,6794.22,1726.73
OL4,17193.34,6157.28
OL5,5189.79,1528.48
OL6,12915.43,4054.79
OL7,7474.35,2389.83
OL8,14696.56,6365.19
OL9,16174.33,5969.22
OX1,6786.8,1519.9
OX10,11716.84,3547.69
OX11,18167.25,5954.61
OX12,12508.82,3483.0
OX13,6335.13,2092.17
OX14,19236.99,5291.95
OX15,8733.38,2534.69
OX16,21837.25,6450.08
OX17,8097.76,2203.01
OX18,10841.47,3315.93
OX2,15774.02,4137.58
OX20,2735.42,757.88
OX25,5058.58,1739.13
OX26,15169.64,4874.39
OX27,3194.47,978.97
OX28,11924.24,3192.95
OX29,11589.0,3175.19
OX3,17180.59,5102.19
OX33,3493.73,849.38
OX39,3540.89,1124.25
OX4,23941.44,6780.39
OX44,3283.6,856.25
OX49,1780.41,465.15
OX5,9804.9,2491.67
OX7,10614.38,2614.97
OX9,6769.14,1968.08
PA1,12378.13,2120.31
PA10,1824.51,374.16
PA11,2521.14,687.11
PA12,1565.0,343.0
PA13,1998.0,461.95
PA14,7182.73,1718.71
PA15,9282.98,1922.98
PA16,12690.31,3144.19
PA17,1063.0,158.53
PA18,959.75,221.48
PA19,5413.62,990.34
PA2,19386.67,4314.05
PA20,3325.0,498.0
PA21,455.0,64.0
PA22,161.0,23.0
PA23,6082.0,1078.5
PA24,222.0,26.0
PA25,36.0,3.27
PA26,69.0,10.0
PA27,366.0,52.23
PA28,3498.0,646.0
PA29,1127.0,186.0
PA3,11926.58,3104.07
PA30,691.49,132.33
PA31,2511.55,508.48
PA32,585.0,121.0
PA33,320.91,51.57
PA34,5079.0,1022.69
PA35,653.0,120.0
PA36,22.19,5.65
PA37,1514.0,375.31
PA38,413.23,72.23
PA4,12047.49,2766.92
PA41,87.0,15.0
PA42,526.35,94.27
PA43,435.65,97.73
PA44,122.85,22.59
PA45,63.15,6.41
PA46,85.0,16.0
PA47,89.0,14.0
PA48,151.22,29.88
PA49,85.78,12.12
PA5,10961.92,2588.86
PA6,2700.68,801.52
PA60,117.0,20.0
PA61,63.0,3.0
PA62,11.67,1.97
PA63,3.89,0.66
PA64,55.0,8.0
PA65,102.0,14.0
PA66,89.0,14.0
PA67,134.0,21.0
PA68,3.89,0.66
PA69,15.56,2.63
PA7,4153.04,1449.81
PA70,35.99,6.08
PA71,23.65,5.18
PA72,219.76,44.46
PA73,34.12,7.27
PA74,14.47,3.08
PA75,717.0,157.0
PA76,81.0,16.0
PA77,324.0,63.0
PA78,99.0,8.0
PA8,6301.77,1681.12
PA80,173.65,27.04
PA9,782.61,211.06
PE1,20771.15,8009.42
PE10,10831.2,3058.46
PE11,19562.17,5454.17
PE12,18507.95,4369.78
PE13,16025.49,4226.95
PE14,9821.74,2423.6
PE15,13489.03,3433.85
PE16,4854.09,1293.76
PE19,20482.82,5644.2
PE2,22412.33,7302.7
PE20,6584.49,1698.44
PE21,19493.18,6069.58
PE22,7466.14,1603.45
PE23,3910.09,846.81
PE24,5787.84,1034.23
PE25,10727.37,2391.21
PE26,5120.07,1326.57
PE27,9029.95,2252.36
PE28,21581.76,5978.45
PE29,13850.89,4182.8
PE3,12417.59,4307.26
PE30,19783.96,5765.99
PE31,9561.36,1570.7
PE32,7030.24,1549.07
PE33,6643.77,1694.43
PE34,6113.48,1579.56
PE35,127.59,24.18
PE36,3033.3,376.82
PE37,5599.09,1141.94
PE38,7405.61,1690.58
PE4,12545.3,3628.03
PE5,508.47,128.51
PE6,16875.77,4711.86
PE7,20965.4,7062.31
PE8,7811.44,2052.1
PE9,14878.47,3673.01
PH1,20845.97,4731.68
PH10,5366.7,1120.42
PH11,1649.91,303.17
PH12,947.31,184.82
PH13,1903.35,408.85
PH14,880.34,324.54
PH15,1625.68,341.0
PH16,1898.68,315.25
PH17,72.94,12.39
PH18,352.76,50.52
PH19,44.74,7.05
PH2,16440.11,3679.85
PH20,715.15,115.16
PH21,973.16,192.07
PH22,1598.69,351.68
PH23,362.69,84.45
PH24,335.31,57.55
PH25,395.0,67.0
PH26,1670.96,340.67
PH3,3276.99,815.42
PH30,2.97,0.52
PH31,256.3,51.52
PH32,346.66,53.41
PH33,5537.32,1292.69
PH34,495.0,118.0
PH35,154.36,28.73
PH36,621.71,127.29
PH37,69.0,15.0
PH38,88.04,7.11
PH39,207.8,41.21
PH4,437.18,127.27
PH40,116.72,22.21
PH41,445.5,98.46
PH42,53.0,10.12
PH43,15.0,2.87
PH44,8.0,1.53
PH49,491.77,98.77
PH5,377.67,93.33
PH50,494.03,74.27
PH6,1199.43,174.78
PH7,4109.63,924.02
PH8,900.66,193.63
PH9,424.63,83.4
PL1,13038.14,2732.17
PL10,1598.64,324.16
PL11,4701.47,1018.09
PL12,9651.9,2368.93
PL13,4610.91,809.95
PL14,11037.9,2598.85
PL15,8873.16,2159.47
PL16,782.72,188.02
PL17,4633.98,976.8
PL18,2391.91,478.13
PL19,7652.39,1626.38
PL2,14050.36,4057.25
PL20,5214.86,1107.17
PL21,7873.79,2194.6
PL22,1817.91,360.57
PL23,1461.37,255.97
PL24,4508.78,1165.96
PL25,12273.48,3091.33
PL26,11954.32,3082.97
PL27,5438.34,1315.56
PL28,1991.15,475.47
PL29,428.36,89.27
PL3,13229.14,3796.43
PL30,4828.38,1043.81
PL31,7028.46,1989.8
PL32,1970.19,523.34
PL33,896.91,202.13
PL34,885.17,158.7
PL35,573.99,97.9
PL4,14594.52,2729.59
PL5,19060.5,5699.4
PL6,18388.66,4992.51
PL7,13475.01,3759.44
PL8,2669.17,675.13
PL9,12803.45,3290.22
PL95,234.55,62.37
PO1,12624.92,3362.34
PO10,8624.81,2028.53
PO11,8186.0,1431.0
PO12,20849.59,5064.28
PO13,15227.12,4437.7
PO14,14410.44,3616.13
PO15,9864.0,2826.49
PO16,13756.4,3273.63
PO17,3131.48,815.82
PO18,6573.55,1597.46
PO19,14775.83,3193.85
PO2,17121.82,5394.39
PO20,15787.81,3529.48
PO21,18994.65,4181.7
PO22,14150.66,3465.44
PO3,8797.53,2677.56
PO30,13354.56,3435.12
PO31,6738.09,1609.62
PO32,4129.63,1032.34
PO33,14696.45,3260.77
PO34,980.12,143.46
PO35,1704.39,244.76
PO36,7648.8,1543.26
PO37,4410.92,760.13
PO38,5953.43,1025.49
PO39,1190.03,182.97
PO4,17937.48,4494.8
PO40,2828.47,451.38
PO41,1144.1,155.69
PO5,12624.25,2387.91
PO6,16942.16,5373.51
PO7,18954.56,4917.0
PO8,15004.55,3996.01
PO9,21113.49,6156.45
PR0,228.23,86.45
PR1,28273.69,8288.63
PR11,407.42,105.59
PR2,33941.12,9975.12
PR25,14161.5,3965.94
PR26,5861.22,1633.93
PR3,17747.75,4369.12
PR4,27958.11,7501.13
PR5,17774.72,4730.57
PR6,15803.58,4398.19
PR7,27673.4,8066.08
PR8,24233.4,6014.99
PR9,20660.72,4423.93
RG1,20083.55,4974.41
RG10,7456.76,2372.79
RG12,24227.35,7833.96
RG14,18341.46,5158.95
RG17,6785.19,1606.93
RG18,7730.42,2559.11
RG19,7197.7,2211.57
RG2,17051.06,6199.02
RG20,7978.48,2250.88
RG21,12164.03,3217.75
RG22,17573.15,5520.1
RG23,5548.85,1538.62
RG24,16285.91,5452.18
RG25,3861.97,1041.41
RG26,10033.81,2887.0
RG27,10059.86,3157.69
RG28,2709.6,805.45
RG29,2845.57,826.93
RG30,19253.95,6420.43
RG31,11465.05,3445.93
RG4,16413.87,5227.07
RG40,14089.72,4477.12
RG41,12270.23,4391.92
RG42,11800.73,3816.0
RG45,5575.8,1720.61
RG5,10974.05,3686.06
RG6,14206.9,4952.9
RG7,14149.67,4397.07
RG8,8061.12,2303.07
RG9,10267.96,2677.74
RH1,20544.66,6793.96
RH10,29019.21,9635.16
RH11,22400.02,7795.15
RH12,22403.38,6392.33
RH13,16162.15,4542.18
RH14,7123.63,2103.76
RH15,14277.35,4279.93
RH16,16586.51,5107.39
RH17,7999.17,2447.94
RH18,1825.53,532.41
RH19,14938.53,4092.05
RH2,10960.53,3757.67
RH20,11462.18,2518.23
RH3,1755.64,447.99
RH4,7075.48,1917.74
RH5,6891.23,1700.76
RH6,14194.22,4575.47
RH7,3372.24,975.8
RH77,105.05,32.69
RH8,6230.0,1976.38
RH9,2462.71,754.03
RM1,9563.44,3032.35
RM10,14482.65,6308.03
RM11,12630.69,3880.65
RM12,14269.08,4200.5
RM13,12119.75,4275.64
RM14,10994.69,3347.82
RM15,12169.64,4695.06
RM16,16117.11,6303.05
RM17,11422.91,4162.06
RM18,6981.38,3009.74
RM19,2822.01,1133.89
RM2,5511.4,1661.28
RM20,2895.86,1258.38
RM3,18263.08,6684.13
RM4,1794.34,494.78
RM5,8057.45,2923.99
RM6,12583.79,5721.49
RM7,11885.67,4462.44
RM8,16501.99,7753.03
RM9,14285.01,6334.7
S1,4252.87,397.24
S10,17311.18,3886.53
S11,14023.63,3739.46
S12,15436.29,3865.79
S13,13815.37,3822.76
S14,4258.56,1339.83
S17,7116.95,1973.7
S18,11116.03,2770.02
S2,18266.69,5163.49
S20,13584.34,3354.68
S21,9100.86,2356.79
S25,8940.52,2450.48
S26,11166.91,3184.05
S3,6642.74,1214.14
S32,2563.76,534.92
S33,2174.25,406.56
S35,17717.83,4357.4
S36,12630.98,3419.79
S4,4852.51,1920.46
S40,16619.8,3760.63
S41,17210.42,4101.49
S42,13463.54,3106.21
S43,18236.75,4826.63
S44,10091.93,2502.17
S45,6754.01,1624.66
S49,78.98,23.13
S5,25606.82,8895.89
S6,26487.13,6303.46
S60,17583.49,5235.75
S61,15442.82,3970.12
S62,8882.21,2459.55
S63,18315.71,5583.12
S64,14230.79,3866.32
S65,14557.64,4418.05
S66,19887.7,5495.91
S7,6527.0,1863.87
S70,18954.88,4944.35
S71,20901.95,5961.31
S72,11110.2,3184.38
S73,12663.06,3567.86
S74,8233.84,2190.9
S75,19938.4,4980.16
S8,20629.84,5548.17
S80,13862.09,3652.05
S81,16742.59,4556.3
S9,10758.02,3888.85
S95,109.42,27.6
S96,94.78,33.54
S97,255.91,83.33
S98,336.34,146.43
S99,57.32,25.29
SA1,22739.82,5081.88
SA10,13401.6,3619.68
SA11,16339.2,4134.71
SA12,14479.43,3948.1
SA13,8438.84,2256.73
SA14,15077.57,4302.42
SA15,16183.68,4410.09
SA16,3810.68,841.66
SA17,4649.05,1148.64
SA18,13107.36,3473.86
SA19,4408.5,922.42
SA2,15310.08,3558.54
SA20,1458.04,283.91
SA3,11595.68,2529.6
SA31,7819.2,2046.13
SA32,3211.47,705.31
SA33,5462.02,1220.51
SA34,2251.87,520.49
SA35,366.67,81.68
SA36,124.75,28.02
SA37,525.49,126.36
SA38,1756.59,371.07
SA39,1098.08,231.36
SA4,19678.51,5525.97
SA40,1148.8,257.72
SA41,975.23,211.02
SA42,1027.68,194.9
SA43,5885.03,1254.5
SA44,5341.39,1040.97
SA45,648.5,127.08
SA46,1183.54,203.96
SA47,513.66,101.59
SA48,3711.04,819.17
SA5,15949.03,4835.9
SA6,14218.61,3793.29
SA61,6509.4,1781.93
SA62,9131.21,2075.71
SA63,675.85,160.81
SA64,1151.17,265.7
SA65,2052.1,428.53
SA66,1271.81,324.32
SA67,3493.9,791.65
SA68,1761.54,373.44
SA69,1658.48,285.62
SA7,6463.85,1986.4
SA70,4050.63,865.24
SA71,4900.17,1152.25
SA72,4771.68,1247.72
SA73,9554.54,2501.78
SA8,5645.86,1563.63
SA80,38.55,11.01
SA9,7107.61,1773.01
SA99,415.0,67.86
SE1,32367.61,5985.9
SE10,18179.87,4592.23
SE11,10352.49,2140.83
SE12,11492.03,3931.12
SE13,19978.5,5400.01
SE14,10485.56,2791.93
SE15,27276.7,7731.11
SE16,23715.58,5501.82
SE17,15117.79,3719.16
SE18,32853.08,10920.17
SE19,13108.04,3820.3
SE1P,751.97,141.29
SE2,10257.65,3954.02
SE20,11070.91,3239.3
SE21,5884.88,2027.4
SE22,12749.33,3881.11
SE23,14163.26,4443.07
SE24,7412.09,2114.3
SE25,15668.2,5118.8
SE26,13285.67,4191.05
SE27,9112.17,2949.33
SE28,10702.98,4480.21
SE3,15376.18,4232.11
SE4,11606.95,3584.68
SE5,20183.39,5360.5
SE6,22406.72,7554.86
SE7,8673.28,2962.71
SE8,13733.09,3372.3
SE9,26041.52,8731.56
SG1,22885.62,7272.43
SG10,884.97,257.48
SG11,3546.06,1092.48
SG12,13326.17,3780.58
SG13,7348.29,2373.02
SG14,8833.76,2545.54
SG15,2574.0,760.0
SG16,2873.45,942.2
SG17,5964.88,1941.34
SG18,12732.37,3732.32
SG19,10769.03,3059.29
SG2,16998.61,5444.89
SG3,2879.69,781.87
SG4,12700.28,3837.67
SG5,15247.82,4666.77
SG6,14752.47,4208.77
SG7,6127.63,1704.71
SG8,17060.71,4912.21
SG9,5083.0,1616.34
SK1,6723.37,1682.36
SK10,19098.45,4848.2
SK11,16462.18,3983.95
SK12,8418.78,2125.6
SK13,14800.66,4010.1
SK14,21545.9,6571.12
SK15,12477.84,3703.65
SK16,8532.19,2452.31
SK17,13953.7,3304.54
SK2,12932.96,3953.49
SK22,5523.52,1336.87
SK23,8112.44,2085.44
SK3,12464.27,3835.05
SK4,15457.64,4459.69
SK5,13825.94,4023.62
SK6,22526.99,5840.27
SK7,17554.73,5034.6
SK8,24710.23,7657.24
SK9,17125.97,4785.5
SL0,4561.84,1384.14
SL1,27321.35,11265.31
SL2,19312.9,8137.1
SL3,17639.85,7244.08
SL4,18544.14,5356.07
SL5,9856.04,3063.46
SL6,32765.62,10507.12
SL60,171.81,52.83
SL7,8789.37,2765.07
SL8,2861.8,750.5
SL9,8464.18,2774.51
SL95,303.83,127.74
SM1,17449.16,6242.4
SM2,12439.73,3880.47
SM3,8627.99,3059.83
SM4,14318.76,5141.38
SM5,15881.1,5916.61
SM6,15770.92,5507.63
SM7,7375.79,2215.89
SN1,13908.35,4392.02
SN10,14391.23,3438.66
SN11,10523.38,2886.73
SN12,12149.01,3301.08
SN13,7538.15,2185.87
SN14,11381.88,3313.14
SN15,15354.01,4061.17
SN16,6256.29,1732.23
SN2,18637.29,5839.63
SN25,17634.83,6802.85
SN26,771.67,265.57
SN3,22716.34,6586.4
SN38,871.77,249.56
SN4,12190.0,3219.35
SN5,15008.65,4502.4
SN6,9673.33,2522.23
SN7,6450.99,1869.92
SN8,10398.79,2575.54
SN9,3659.44,802.53
SN99,67.17,15.84
SO14,12181.06,2810.42
SO15,18656.36,4537.22
SO16,27924.63,8431.0
SO17,7723.68,1526.51
SO18,15966.6,4562.94
SO19,25041.36,7434.35
SO20,3489.04,882.77
SO21,8229.95,2540.33
SO22,11485.53,3419.59
SO23,10107.74,2378.14
SO24,4670.59,1101.64
SO25,4.9,1.37
SO30,14203.27,4294.76
SO31,20416.24,5769.02
SO32,9203.97,2682.18
SO40,17679.4,4779.48
SO41,14811.19,2852.56
SO42,1984.55,450.8
SO43,1606.62,305.76
SO45,15040.25,3721.12
SO50,21022.45,6371.88
SO51,13034.98,3190.14
SO52,3060.89,854.68
SO53,13141.14,4070.71
SO97,198.44,92.81
SP1,10085.32,2470.92
SP10,16574.29,4522.59
SP11,14723.92,4881.48
SP2,13394.06,3532.5
SP3,5108.64,1059.45
SP4,14843.39,5194.27
SP5,10002.65,2468.8
SP6,6213.65,1412.45
SP7,6736.45,1625.33
SP8,6440.37,1495.71
SP9,3880.47,1946.98
SR1,2805.56,416.64
SR2,13826.09,3689.78
SR3,17291.39,4533.52
SR4,17652.03,4976.05
SR5,16057.36,4494.62
SR6,13207.05,2878.59
SR7,13698.88,3749.13
SR8,16121.98,4384.48
SS0,18448.69,5279.53
SS1,13199.12,3476.38
SS11,7950.65,2229.03
SS12,7872.08,2466.98
SS13,9512.32,2857.14
SS14,11301.74,4199.07
SS15,13654.13,4673.18
SS16,13060.2,4221.26
SS17,13506.62,4155.69
SS2,15245.33,4647.7
SS22,30.85,9.34
SS3,12066.97,3511.84
SS4,9089.47,2545.75
SS5,9587.54,2481.1
SS6,13217.63,3856.03
SS7,20835.47,5683.66
SS8,16180.0,4110.0
SS9,22074.58,5975.76
SS99,1036.73,305.59
ST1,13665.25,3855.03
ST10,10920.8,2584.53
ST11,4081.58,962.94
ST12,1669.98,424.2
ST13,12856.85,3069.97
ST14,8820.87,2450.1
ST15,10272.11,2668.23
ST16,15182.45,4017.05
ST17,16625.8,4522.33
ST18,7546.9,1870.01
ST19,6567.76,1612.0
ST2,15227.44,4640.58
ST20,2951.08,617.0
ST21,2686.04,583.97
ST3,28949.17,8529.19
ST4,25754.11,6743.0
ST5,34723.23,9037.93
ST55,388.12,71.44
ST6,28774.9,8603.73
ST7,24176.01,6013.55
ST8,8779.72,2153.53
ST9,5112.88,1218.12
SW10,7911.29,1557.38
SW11,33868.6,7759.1
SW12,13528.25,3118.4
SW13,6805.69,2128.47
SW14,6869.38,2532.66
SW15,25797.05,6859.76
SW16,33285.36,10294.3
SW17,26666.58,6546.57
SW18,27623.29,7297.11
SW19,32671.8,9705.82
SW1A,339.21,36.01
SW1E,459.29,69.99
SW1H,523.22,81.63
SW1P,6340.76,1157.85
SW1V,10630.34,1777.08
SW1W,3677.43,613.67
SW1X,2444.75,441.16
SW1Y,269.6,22.56
SW2,23419.94,5522.72
SW20,12095.02,4010.22
SW3,9380.18,1635.48
SW4,18682.88,3562.99
SW5,7217.86,1158.61
SW6,29395.74,6976.37
SW7,7029.49,1251.44
SW8,17406.59,3450.61
SW9,20472.84,4336.8
SW95,308.99,44.58
SY1,12535.97,3130.61
SY10,6956.75,1660.37
SY11,12052.86,3047.09
SY12,3712.91,834.93
SY13,8916.21,2083.41
SY14,2895.95,734.1
SY15,2358.85,499.77
SY16,7224.29,1813.66
SY17,1575.13,333.9
SY18,2229.49,441.0
SY19,445.2,88.24
SY2,8246.46,1966.55
SY20,3061.47,645.17
SY21,7684.94,1754.46
SY22,3817.9,877.8
SY23,11320.3,2404.81
SY24,1907.52,429.54
SY25,1904.64,395.2
SY3,15274.01,3824.59
SY4,11120.14,2808.91
SY5,9489.56,2384.35
SY6,3266.63,532.11
SY7,4810.68,963.0
SY8,8643.72,1611.14
SY9,1323.21,264.06
SY99,35.12,2.16
TA1,19135.9,4771.32
TA10,4540.37,979.37
TA11,4412.87,1001.35
TA12,2687.86,544.29
TA13,2016.39,427.73
TA14,1403.01,325.62
TA15,403.05,97.97
TA16,804.79,174.21
TA17,297.19,59.71
TA18,4982.21,1056.57
TA19,5466.6,1182.07
TA2,13315.65,3843.68
TA20,9725.32,2307.8
TA21,9304.68,2294.55
TA22,1246.11,193.13
TA23,2711.18,503.02
TA24,8914.41,1477.74
TA3,6328.79,1497.1
TA4,8833.03,2068.54
TA5,5388.75,1286.96
TA6,22150.75,6502.83
TA7,6859.15,1537.83
TA8,7657.44,1404.29
TA9,5951.83,1539.24
TD1,8913.02,1946.79
TD10,497.0,115.0
TD11,3671.65,842.55
TD12,2258.31,357.9
TD13,394.35,83.42
TD14,3115.0,709.0
TD15,8077.68,1736.53
TD2,1221.7,359.28
TD3,438.14,125.96
TD4,1072.61,250.52
TD5,5603.49,1007.19
TD6,3909.33,836.57
TD7,3554.03,665.57
TD8,2929.33,608.33
TD9,8822.09,1706.74
TF1,17876.68,5277.4
TF10,8793.75,2270.21
TF11,5622.04,1561.41
TF12,2412.15,603.77
TF13,1773.79,382.89
TF2,17057.86,5076.32
TF3,9651.42,3379.38
TF4,9599.1,3047.6
TF5,1807.3,494.36
TF6,2883.54,705.74
TF7,7904.26,2526.81
TF8,1463.73,286.43
TF9,10968.15,2774.62
TN1,5714.93,1519.23
TN10,6815.74,2052.97
TN11,6263.75,1938.8
TN12,12647.1,3728.38
TN13,9730.71,3471.09
TN14,6965.9,2208.27
TN15,10624.43,3174.87
TN16,7786.64,2291.33
TN17,5616.82,1576.89
TN18,2887.1,790.61
TN19,2007.82,503.63
TN2,12370.64,3859.6
TN20,1592.53,371.76
TN21,7496.94,1804.65
TN22,11530.74,3056.78
TN23,17501.28,6384.48
TN24,13500.52,4329.8
TN25,8131.87,2489.61
TN26,5131.6,1261.62
TN27,6033.68,1550.6
TN28,3785.64,748.32
TN29,5883.53,1133.51
TN3,4776.37,1487.03
TN30,4616.04,935.02
TN31,6616.53,1330.18
TN32,2170.5,563.19
TN33,5176.74,1336.02
TN34,13941.08,3319.87
TN35,7583.04,2039.64
TN36,1072.01,169.99
TN37,9421.09,2394.76
TN38,12370.11,3291.94
TN39,12272.19,2315.34
TN4,13061.34,4170.99
TN40,8757.58,1698.28
TN5,3822.02,1003.93
TN6,10478.22,2722.21
TN7,904.22,229.99
TN8,6172.3,1851.57
TN9,7897.19,2442.68
TQ1,16104.87,3275.48
TQ10,1693.83,387.56
TQ11,1851.23,482.71
TQ12,25182.49,6486.38
TQ13,11026.2,2516.69
TQ14,9187.54,1795.18
TQ2,15400.19,4258.77
TQ3,13827.42,3513.94
TQ4,9867.94,2029.02
TQ5,8965.85,1610.54
TQ6,3884.09,645.26
TQ7,7713.21,1644.03
TQ8,983.26,144.31
TQ9,8793.18,2087.48
TR1,10439.44,2640.51
TR10,4728.63,1137.38
TR11,13231.14,2806.32
TR12,4124.56,929.69
TR13,8918.97,2372.02
TR14,12110.09,3223.21
TR15,9337.85,2520.4
TR16,7668.92,1947.28
TR17,777.05,145.05
TR18,9668.85,1957.45
TR19,4143.06,814.81
TR2,4686.54,1051.67
TR20,4423.93,965.45
TR21,722.87,140.45
TR22,9.92,1.93
TR23,9.92,1.93
TR24,178.48,34.67
TR25,29.75,5.78
TR26,5145.16,1026.95
TR27,6974.0,1788.94
TR3,5533.2,1234.49
TR4,5507.79,1542.96
TR5,1806.8,490.89
TR6,1741.06,426.85
TR7,9660.45,2294.61
TR8,5173.63,1526.94
TR9,3305.1,940.47
TS1,6341.25,1616.43
TS10,16604.84,4427.01
TS11,5447.69,1226.68
TS12,10274.2,2492.69
TS13,4592.71,1097.02
TS14,8345.66,2007.81
TS15,6228.76,1597.66
TS16,4607.4,1343.99
TS17,18971.26,6504.79
TS18,11081.65,3234.93
TS19,15991.74,4646.9
TS2,553.36,93.16
TS20,9172.35,2219.36
TS21,5931.01,1592.16
TS22,4520.81,1149.59
TS23,12338.75,3429.69
TS24,10324.53,2864.0
TS25,17079.37,4646.23
TS26,10709.86,2932.52
TS27,5477.21,1403.0
TS28,2449.92,696.51
TS29,2820.35,745.57
TS3,12840.82,4358.65
TS4,7667.54,2567.02
TS5,16885.68,5195.21
TS6,13663.08,3814.42
TS7,10238.1,2611.86
TS8,9791.63,2614.45
TS9,6021.29,1166.97
TW1,11763.65,3704.91
TW10,8393.93,2780.64
TW11,10317.9,3226.11
TW12,9983.3,3156.91
TW13,14115.35,5596.23
TW14,10920.33,4175.87
TW15,11953.78,3809.19
TW16,8820.57,2925.13
TW17,6284.97,1692.72
TW18,11527.98,3347.89
TW19,6935.65,2366.25
TW2,12240.83,4401.9
TW20,9335.87,2444.52
TW3,15781.94,6462.45
TW4,10242.57,4274.4
TW5,9755.71,4097.39
TW6,882.62,295.24
TW7,15500.35,5599.82
TW8,10886.78,3146.88
TW9,10114.06,2928.65
UB1,12561.96,5329.38
UB10,14234.27,5075.86
UB11,264.56,96.4
UB18,395.65,181.86
UB2,11021.52,4868.07
UB3,16987.02,7216.97
UB4,14223.08,6284.78
UB5,17159.28,7097.49
UB6,18581.37,6608.35
UB7,12735.99,5044.22
UB8,13767.66,4457.92
UB9,6564.21,1855.54
W10,14829.33,3968.08
W11,14090.43,3046.78
W12,20868.33,5284.84
W13,12980.45,3935.87
W14,16372.13,3160.15
W1A,150.04,32.25
W1B,360.25,47.68
W1C,174.84,22.41
W1D,989.26,71.58
W1F,629.2,68.07
W1G,1325.79,196.59
W1H,3121.27,413.85
W1J,553.93,58.82
W1K,1019.9,131.81
W1S,419.16,48.34
W1T,2029.58,194.22
W1U,2566.29,362.0
W1W,1546.63,178.03
W2,20961.58,3787.57
W3,22640.7,6408.13
W4,20231.5,5465.3
W5,21559.23,5948.34
W6,16082.58,3501.24
W7,11784.37,4413.56
W8,7940.28,1818.98
W9,16077.86,3756.97
WA1,10752.9,2795.8
WA10,18505.27,4696.79
WA11,17664.45,4483.22
WA12,11308.27,3320.79
WA13,5611.47,1764.8
WA14,13119.79,4246.43
WA15,16908.66,5973.78
WA16,10572.26,2844.62
WA2,18045.96,5198.46
WA3,21424.32,5791.51
WA4,22088.28,5969.57
WA5,25133.46,7744.32
WA55,48.45,14.69
WA6,8891.48,2142.77
WA7,27736.89,7837.88
WA8,27658.49,8042.53
WA88,210.39,66.03
WA9,22532.03,6745.27
WC1A,449.93,54.71
WC1B,642.18,53.25
WC1E,293.35,30.54
WC1H,2419.51,369.48
WC1N,2310.53,410.12
WC1R,214.44,23.57
WC1V,260.61,26.59
WC1X,2726.66,520.98
WC2A,305.38,30.47
WC2B,696.17,81.15
WC2E,519.55,52.37
WC2H,1111.1,118.85
WC2N,317.26,25.06
WC2R,323.85,34.24
WD17,8727.07,2732.95
WD18,10249.64,3813.71
WD19,11462.06,3923.78
WD23,11180.43,3594.18
WD24,9124.53,3243.91
WD25,12157.42,4395.99
WD3,16984.1,5591.14
WD4,5040.24,1516.48
WD5,4713.57,1484.34
WD6,16317.06,5865.54
WD7,4940.58,1668.48
WD99,60.67,26.88
WF1,17441.43,4806.96
WF10,22312.47,6561.35
WF11,7984.18,2098.78
WF12,13301.66,4624.16
WF13,10061.65,4220.27
WF14,9052.98,2386.55
WF15,7429.26,2177.57
WF16,5211.51,1755.03
WF17,16973.91,5787.53
WF2,22538.9,6490.56
WF3,14715.2,4410.06
WF4,19536.2,5240.47
WF5,10121.14,2767.83
WF6,9572.22,2640.73
WF7,9815.98,2803.93
WF8,15829.1,4390.3
WF9,17606.87,5053.88
WF90,28.23,6.62
WN1,10141.42,2502.29
WN2,22914.59,6565.82
WN3,12823.36,3844.03
WN4,12036.29,3118.68
WN5,19329.43,5538.72
WN6,17455.9,4727.53
WN7,22436.88,6298.53
WN8,19794.71,5849.42
WR1,5387.88,840.76
WR10,8679.77,1904.1
WR11,20391.23,5310.03
WR12,2863.47,480.92
WR13,4069.2,859.31
WR14,15701.96,3501.17
WR15,3007.55,661.2
WR2,13341.76,3368.95
WR3,9491.91,2617.28
WR4,11313.29,3646.53
WR5,14335.18,4232.08
WR6,5371.97,1261.4
WR7,2559.46,632.57
WR8,3922.07,819.87
WR9,14613.1,3904.04
WR99,51.81,12.92
WS1,10444.42,3957.61
WS10,19665.97,7171.03
WS11,19152.85,5263.42
WS12,15665.92,4427.31
WS13,13476.29,3594.93
WS14,7392.8,1934.92
WS15,16752.44,4467.02
WS2,15198.2,5882.13
WS3,21752.93,6958.68
WS4,7187.77,2008.89
WS5,8066.44,2890.34
WS6,7339.71,1835.38
WS7,12852.16,3359.73
WS8,6893.84,2048.42
WS9,11968.93,3114.67
WV1,7675.8,2374.0
WV10,22527.32,7840.83
WV11,14684.91,4314.2
WV12,10608.01,3122.93
WV13,9233.78,3116.85
WV14,20367.44,6779.91
WV15,3808.38,829.45
WV16,7672.48,1714.88
WV2,7116.0,2746.97
WV3,12426.27,3607.22
WV4,14095.4,4340.38
WV5,6211.61,1495.66
WV6,18346.86,5200.23
WV7,2527.74,589.52
WV8,6724.28,1907.99
WV9,3129.44,723.22
WV98,1186.18,343.97
WV99,525.33,148.29
YO1,3236.81,279.43
YO10,10450.41,2256.42
YO11,12146.2,2418.07
YO12,17929.49,4455.06
YO13,4872.52,1044.64
YO14,5492.51,955.72
YO15,6610.15,1072.41
YO16,11927.15,2541.84
YO17,10311.63,2513.97
YO18,5381.41,1004.2
YO19,5629.5,1543.4
YO21,6330.39,1124.84
YO22,4164.23,898.3
YO23,8637.24,2102.46
YO24,13510.44,3438.67
YO25,15459.28,3431.47
YO26,13291.56,3755.99
YO30,11151.73,2923.19
YO31,12772.94,2821.62
YO32,12485.14,3184.14
YO41,4804.89,1268.96
YO42,7436.74,1817.97
YO43,5851.14,1541.97
YO51,2824.48,673.56
YO60,1968.49,409.54
YO61,6439.58,1454.87
YO62,5444.54,1036.68
YO7,9386.74,2287.26
YO8,20692.0,5706.07
YO90,41.25,1.75
YO91,23.69,5.9
ZE1,4015.13,838.52
ZE2,6379.08,1611.02
ZE3,199.79,45.46
