name,country,share
AB10,Scotland,1.0
AB11,Scotland,1.0
AB12,Scotland,1.0
AB13,Scotland,1.0
AB14,Scotland,1.0
AB15,Scotland,1.0
AB16,Scotland,1.0
AB21,Scotland,1.0
AB22,Scotland,1.0
AB23,Scotland,1.0
AB24,Scotland,1.0
AB25,Scotland,1.0
AB30,Scotland,1.0
AB31,Scotland,1.0
AB32,Scotland,1.0
AB33,Scotland,1.0
AB34,Scotland,1.0
AB35,Scotland,1.0
AB36,Scotland,1.0
AB37,Scotland,1.0
AB38,Scotland,1.0
AB39,Scotland,1.0
AB41,Scotland,1.0
AB42,Scotland,1.0
AB43,Scotland,1.0
AB44,Scotland,1.0
AB45,Scotland,1.0
AB51,Scotland,1.0
AB52,Scotland,1.0
AB53,Scotland,1.0
AB54,Scotland,1.0
AB55,Scotland,1.0
AB56,Scotland,1.0
AL1,England,1.0
AL2,England,1.0
AL3,England,1.0
AL4,England,1.0
AL5,England,1.0
AL6,England,1.0
AL7,England,1.0
AL8,England,1.0
AL9,England,1.0
AL10,England,1.0
B1,England,1.0
B2,England,1.0
B3,England,1.0
B4,England,1.0
B5,England,1.0
B6,England,1.0
B7,England,1.0
B8,England,1.0
B9,England,1.0
B10,England,1.0
B11,England,1.0
B12,England,1.0
B13,England,1.0
B14,England,1.0
B15,England,1.0
B16,England,1.0
B17,England,1.0
B18,England,1.0
B19,England,1.0
B20,England,1.0
B21,England,1.0
B23,England,1.0
B24,England,1.0
B25,England,1.0
B26,England,1.0
B27,England,1.0
B28,England,1.0
B29,England,1.0
B30,England,1.0
B31,England,1.0
B32,England,1.0
B33,England,1.0
B34,England,1.0
B35,England,1.0
B36,England,1.0
B37,England,1.0
B38,England,1.0
B40,England,1.0
B42,England,1.0
B43,England,1.0
B44,England,1.0
B45,England,1.0
B46,England,1.0
B47,England,1.0
B48,England,1.0
B49,England,1.0
B50,England,1.0
B60,England,1.0
B61,England,1.0
B62,England,1.0
B63,England,1.0
B64,England,1.0
B65,England,1.0
B66,England,1.0
B67,England,1.0
B68,England,1.0
B69,England,1.0
B70,England,1.0
B71,England,1.0
B72,England,1.0
B73,England,1.0
B74,England,1.0
B75,England,1.0
B76,England,1.0
B77,England,1.0
B78,England,1.0
B79,England,1.0
B80,England,1.0
B90,England,1.0
B91,England,1.0
B92,England,1.0
B93,England,1.0
B94,England,1.0
B95,England,1.0
B96,England,1.0
B97,England,1.0
B98,England,1.0
BA1,England,1.0
BA2,England,1.0
BA3,England,1.0
BA4,England,1.0
BA5,England,1.0
BA6,England,1.0
BA7,England,1.0
BA8,England,1.0
BA9,England,1.0
BA10,England,1.0
BA11,England,1.0
BA12,England,1.0
BA13,England,1.0
BA14,England,1.0
BA15,England,1.0
BA16,England,1.0
BA20,England,1.0
BA21,England,1.0
BA22,England,1.0
BB1,England,1.0
BB2,England,1.0
BB3,England,1.0
BB4,England,1.0
BB5,England,1.0
BB6,England,1.0
BB7,England,1.0
BB8,England,1.0
BB9,England,1.0
BB10,England,1.0
BB11,England,1.0
BB12,England,1.0
BB18,England,1.0
BD1,England,1.0
BD2,England,1.0
BD3,England,1.0
BD4,England,1.0
BD5,England,1.0
BD6,England,1.0
BD7,England,1.0
BD8,England,1.0
BD9,England,1.0
BD10,England,1.0
BD11,England,1.0
BD12,England,1.0
BD13,England,1.0
BD14,England,1.0
BD15,England,1.0
BD16,England,1.0
BD17,England,1.0
BD18,England,1.0
BD19,England,1.0
BD20,England,1.0
BD21,England,1.0
BD22,England,1.0
BD23,England,1.0
BD24,England,1.0
BH1,England,1.0
BH2,England,1.0
BH3,England,1.0
BH4,England,1.0
BH5,England,1.0
BH6,England,1.0
BH7,England,1.0
BH8,England,1.0
BH9,England,1.0
BH10,England,1.0
BH11,England,1.0
BH12,England,1.0
BH13,England,1.0
BH14,England,1.0
BH15,England,1.0
BH16,England,1.0
BH17,England,1.0
BH18,England,1.0
BH19,England,1.0
BH20,England,1.0
BH21,England,1.0
BH22,England,1.0
BH23,England,1.0
BH24,England,1.0
BH25,England,1.0
BH31,England,1.0
BL0,England,1.0
BL1,England,1.0
BL2,England,1.0
BL3,England,1.0
BL4,England,1.0
BL5,England,1.0
BL6,England,1.0
BL7,England,1.0
BL8,England,1.0
BL9,England,1.0
BN1,England,1.0
BN2,England,1.0
BN3,England,1.0
BN5,England,1.0
BN6,England,1.0
BN7,England,1.0
BN8,England,1.0
BN9,England,1.0
BN10,England,1.0
BN11,England,1.0
BN12,England,1.0
BN13,England,1.0
BN14,England,1.0
BN15,England,1.0
BN16,England,1.0
BN17,England,1.0
BN18,England,1.0
BN20,England,1.0
BN21,England,1.0
BN22,England,1.0
BN23,England,1.0
BN24,England,1.0
BN25,England,1.0
BN26,England,1.0
BN27,England,1.0
BN41,England,1.0
BN42,England,1.0
BN43,England,1.0
BN44,England,1.0
BN45,England,1.0
BR1,England,1.0
BR2,England,1.0
BR3,England,1.0
BR4,England,1.0
BR5,England,1.0
BR6,England,1.0
BR7,England,1.0
BR8,England,1.0
BS1,England,1.0
BS2,England,1.0
BS3,England,1.0
BS4,England,1.0
BS5,England,1.0
BS6,England,1.0
BS7,England,1.0
BS8,England,1.0
BS9,England,1.0
BS10,England,1.0
BS11,England,1.0
BS13,England,1.0
BS14,England,1.0
BS15,England,1.0
BS16,England,1.0
BS20,England,0.5015
BS21,England,1.0
BS22,England,1.0
BS23,England,1.0
BS24,England,1.0
BS25,England,1.0
BS26,England,1.0
BS27,England,1.0
BS28,England,1.0
BS29,England,1.0
BS30,England,1.0
BS31,England,1.0
BS32,England,1.0
BS34,England,1.0
BS35,England,1.0
BS36,England,1.0
BS37,England,1.0
BS39,England,1.0
BS40,England,1.0
BS41,England,1.0
BS48,England,1.0
BS49,England,1.0
CA1,England,1.0
CA2,England,1.0
CA3,England,1.0
CA4,England,1.0
CA5,England,1.0
CA6,England,0.9872
CA7,England,1.0
CA8,England,1.0
CA9,England,1.0
CA10,England,1.0
CA11,England,1.0
CA12,England,1.0
CA13,England,1.0
CA14,England,1.0
CA15,England,1.0
CA16,England,1.0
CA17,England,1.0
CA18,England,1.0
CA19,England,1.0
CA20,England,1.0
CA21,England,1.0
CA22,England,1.0
CA23,England,1.0
CA24,England,1.0
CA25,England,1.0
CA26,England,1.0
CA27,England,1.0
CA28,England,1.0
CB1,England,1.0
CB2,England,1.0
CB3,England,1.0
CB4,England,1.0
CB5,England,1.0
CB6,England,1.0
CB7,England,1.0
CB8,England,1.0
CB9,England,1.0
CB10,England,1.0
CB11,England,1.0
CB21,England,1.0
CB22,England,1.0
CB23,England,1.0
CB24,England,1.0
CB25,England,1.0
CF3,Wales,1.0
CF5,Wales,1.0
CF10,Wales,1.0
CF11,Wales,1.0
CF14,Wales,1.0
CF15,Wales,1.0
CF23,Wales,1.0
CF24,Wales,1.0
CF31,Wales,1.0
CF32,Wales,1.0
CF33,Wales,1.0
CF34,Wales,1.0
CF35,Wales,1.0
CF36,Wales,1.0
CF37,Wales,1.0
CF38,Wales,1.0
CF39,Wales,1.0
CF40,Wales,1.0
CF41,Wales,1.0
CF42,Wales,1.0
CF43,Wales,1.0
CF44,Wales,1.0
CF45,Wales,1.0
CF46,Wales,1.0
CF47,Wales,1.0
CF48,Wales,1.0
CF61,Wales,1.0
CF62,Wales,1.0
CF63,Wales,1.0
CF64,Wales,1.0
CF71,Wales,1.0
CF72,Wales,1.0
CF81,Wales,1.0
CF82,Wales,1.0
CF83,Wales,1.0
CH1,England,0.8107
CH2,England,1.0
CH3,England,0.9928
CH4,England,0.5444
CH5,Wales,0.9632
CH6,Wales,1.0
CH7,Wales,1.0
CH8,Wales,1.0
CH41,England,1.0
CH42,England,1.0
CH43,England,1.0
CH44,England,1.0
CH45,England,1.0
CH46,England,1.0
CH47,England,1.0
CH48,England,1.0
CH49,England,1.0
CH60,England,1.0
CH61,England,1.0
CH62,England,1.0
CH63,England,1.0
CH64,England,0.9122
CH65,England,1.0
CH66,England,1.0
CM0,England,1.0
CM1,England,1.0
CM2,England,1.0
CM3,England,1.0
CM4,England,1.0
CM5,England,1.0
CM6,England,1.0
CM7,England,1.0
CM8,England,1.0
CM9,England,1.0
CM11,England,1.0
CM12,England,1.0
CM13,England,1.0
CM14,England,1.0
CM15,England,1.0
CM16,England,1.0
CM17,England,1.0
CM18,England,1.0
CM19,England,1.0
CM20,England,1.0
CM21,England,1.0
CM22,England,1.0
CM23,England,1.0
CM24,England,1.0
CM77,England,1.0
CO1,England,1.0
CO2,England,1.0
CO3,England,1.0
CO4,England,1.0
CO5,England,1.0
CO6,England,1.0
CO7,England,1.0
CO8,England,1.0
CO9,England,1.0
CO10,England,1.0
CO11,England,1.0
CO12,England,1.0
CO13,England,1.0
CO14,England,1.0
CO15,England,1.0
CO16,England,1.0
CR0,England,1.0
CR2,England,1.0
CR3,England,1.0
CR4,England,1.0
CR5,England,1.0
CR6,England,1.0
CR7,England,1.0
CR8,England,1.0
CT1,England,1.0
CT2,England,1.0
CT3,England,1.0
CT4,England,1.0
CT5,England,1.0
CT6,England,1.0
CT7,England,1.0
CT8,England,1.0
CT9,England,1.0
CT10,England,1.0
CT11,England,1.0
CT12,England,1.0
CT13,England,1.0
CT14,England,1.0
CT15,England,1.0
CT16,England,1.0
CT17,England,1.0
CT18,England,1.0
CT19,England,1.0
CT20,England,1.0
CT21,England,1.0
CV1,England,1.0
CV2,England,1.0
CV3,England,1.0
CV4,England,1.0
CV5,England,1.0
CV6,England,1.0
CV7,England,1.0
CV8,England,1.0
CV9,England,1.0
CV10,England,1.0
CV11,England,1.0
CV12,England,1.0
CV13,England,1.0
CV21,England,1.0
CV22,England,1.0
CV23,England,1.0
CV31,England,1.0
CV32,England,1.0
CV33,England,1.0
CV34,England,1.0
CV35,England,1.0
CV36,England,1.0
CV37,England,1.0
CV47,England,1.0
CW1,England,1.0
CW2,England,1.0
CW3,England,1.0
CW4,England,1.0
CW5,England,1.0
CW6,England,1.0
CW7,England,1.0
CW8,England,1.0
CW9,England,1.0
CW10,England,1.0
CW11,England,1.0
CW12,England,1.0
DA1,England,1.0
DA2,England,1.0
DA3,England,1.0
DA4,England,1.0
DA5,England,1.0
DA6,England,1.0
DA7,England,1.0
DA8,England,1.0
DA9,England,1.0
DA10,England,1.0
DA11,England,1.0
DA12,England,1.0
DA13,England,1.0
DA14,England,1.0
DA15,England,1.0
DA16,England,1.0
DA17,England,1.0
DA18,England,1.0
DD1,Scotland,1.0
DD2,Scotland,1.0
DD3,Scotland,1.0
DD4,Scotland,1.0
DD5,Scotland,1.0
DD6,Scotland,1.0
DD7,Scotland,1.0
DD8,Scotland,1.0
DD9,Scotland,1.0
DD10,Scotland,1.0
DD11,Scotland,1.0
DE1,England,1.0
DE3,England,1.0
DE4,England,1.0
DE5,England,1.0
DE6,England,1.0
DE7,England,1.0
DE11,England,1.0
DE12,England,1.0
DE13,England,1.0
DE14,England,1.0
DE15,England,1.0
DE21,England,1.0
DE22,England,1.0
DE23,England,1.0
DE24,England,1.0
DE45,England,1.0
DE55,England,1.0
DE56,England,1.0
DE65,England,1.0
DE72,England,1.0
DE73,England,1.0
DE74,England,1.0
DE75,England,1.0
DG1,Scotland,1.0
DG2,Scotland,1.0
DG3,Scotland,1.0
DG4,Scotland,1.0
DG5,Scotland,1.0
DG6,Scotland,1.0
DG7,Scotland,1.0
DG8,Scotland,1.0
DG9,Scotland,1.0
DG10,Scotland,1.0
DG11,Scotland,1.0
DG12,Scotland,0.6182
DG13,Scotland,1.0
DG14,Scotland,0.9832
DG16,Scotland,0.7362
DH1,England,1.0
DH2,England,1.0
DH3,England,1.0
DH4,England,1.0
DH5,England,1.0
DH6,England,1.0
DH7,England,1.0
DH8,England,1.0
DH9,England,1.0
DL1,England,1.0
DL2,England,1.0
DL3,England,1.0
DL4,England,1.0
DL5,England,1.0
DL6,England,1.0
DL7,England,1.0
DL8,England,1.0
DL9,England,1.0
DL10,England,1.0
DL11,England,1.0
DL12,England,1.0
DL13,England,1.0
DL14,England,1.0
DL15,England,1.0
DL16,England,1.0
DL17,England,1.0
DN1,England,1.0
DN2,England,1.0
DN3,England,1.0
DN4,England,1.0
DN5,England,1.0
DN6,England,1.0
DN7,England,1.0
DN8,England,1.0
DN9,England,1.0
DN10,England,1.0
DN11,England,1.0
DN12,England,1.0
DN14,England,1.0
DN15,England,1.0
DN16,England,1.0
DN17,England,1.0
DN18,England,1.0
DN19,England,1.0
DN20,England,1.0
DN21,England,1.0
DN22,England,1.0
DN31,England,1.0
DN32,England,1.0
DN33,England,1.0
DN34,England,1.0
DN35,England,1.0
DN36,England,1.0
DN37,England,1.0
DN38,England,1.0
DN39,England,1.0
DN40,England,1.0
DN41,England,1.0
DT1,England,1.0
DT2,England,1.0
DT3,England,1.0
DT4,England,1.0
DT5,England,1.0
DT6,England,1.0
DT7,England,1.0
DT8,England,1.0
DT9,England,1.0
DT10,England,1.0
DT11,England,1.0
DY1,England,1.0
DY2,England,1.0
DY3,England,1.0
DY4,England,1.0
DY5,England,1.0
DY6,England,1.0
DY7,England,1.0
DY8,England,1.0
DY9,England,1.0
DY10,England,1.0
DY11,England,1.0
DY12,England,1.0
DY13,England,1.0
DY14,England,1.0
E1,England,1.0
E1W,England,1.0
E2,England,1.0
E3,England,1.0
E4,England,1.0
E5,England,1.0
E6,England,1.0
E7,England,1.0
E8,England,1.0
E9,England,1.0
E10,England,1.0
E11,England,1.0
E12,England,1.0
E13,England,1.0
E14,England,1.0
E15,England,1.0
E16,England,1.0
E17,England,1.0
E18,England,1.0
E20,England,1.0
EC1A,England,1.0
EC1M,England,1.0
EC1N,England,1.0
EC1R,England,1.0
EC1V,England,1.0
EC1Y,England,1.0
EC2A,England,1.0
EC2M,England,1.0
EC2N,England,1.0
EC2R,England,1.0
EC2V,England,1.0
EC2Y,England,1.0
EC3A,England,1.0
EC3M,England,1.0
EC3N,England,1.0
EC3R,England,1.0
EC3V,England,1.0
EC4A,England,1.0
EC4M,England,1.0
EC4N,England,1.0
EC4R,England,1.0
EC4V,England,1.0
EC4Y,England,1.0
EH1,Scotland,1.0
EH2,Scotland,1.0
EH3,Scotland,1.0
EH4,Scotland,1.0
EH5,Scotland,1.0
EH6,Scotland,1.0
EH7,Scotland,1.0
EH8,Scotland,1.0
EH9,Scotland,1.0
EH10,Scotland,1.0
EH11,Scotland,1.0
EH12,Scotland,1.0
EH13,Scotland,1.0
EH14,Scotland,1.0
EH15,Scotland,1.0
EH16,Scotland,1.0
EH17,Scotland,1.0
EH18,Scotland,1.0
EH19,Scotland,1.0
EH20,Scotland,1.0
EH21,Scotland,1.0
EH22,Scotland,1.0
EH23,Scotland,1.0
EH24,Scotland,1.0
EH25,Scotland,1.0
EH26,Scotland,1.0
EH27,Scotland,1.0
EH28,Scotland,1.0
EH29,Scotland,1.0
EH30,Scotland,1.0
EH31,Scotland,1.0
EH32,Scotland,1.0
EH33,Scotland,1.0
EH34,Scotland,1.0
EH35,Scotland,1.0
EH36,Scotland,1.0
EH37,Scotland,1.0
EH38,Scotland,1.0
EH39,Scotland,1.0
EH40,Scotland,1.0
EH41,Scotland,1.0
EH42,Scotland,1.0
EH43,Scotland,1.0
EH44,Scotland,1.0
EH45,Scotland,1.0
EH46,Scotland,1.0
EH47,Scotland,1.0
EH48,Scotland,1.0
EH49,Scotland,1.0
EH51,Scotland,1.0
EH52,Scotland,1.0
EH53,Scotland,1.0
EH54,Scotland,1.0
EH55,Scotland,1.0
EN1,England,1.0
EN2,England,1.0
EN3,England,1.0
EN4,England,1.0
EN5,England,1.0
EN6,England,1.0
EN7,England,1.0
EN8,England,1.0
EN9,England,1.0
EN10,England,1.0
EN11,England,1.0
EX1,England,1.0
EX2,England,1.0
EX3,England,1.0
EX4,England,1.0
EX5,England,1.0
EX6,England,1.0
EX7,England,1.0
EX8,England,1.0
EX9,England,1.0
EX10,England,1.0
EX11,England,1.0
EX12,England,1.0
EX13,England,1.0
EX14,England,1.0
EX15,England,1.0
EX16,England,1.0
EX17,England,1.0
EX18,England,1.0
EX19,England,1.0
EX20,England,1.0
EX21,England,1.0
EX22,England,1.0
EX23,England,1.0
EX24,England,1.0
EX31,England,1.0
EX32,England,1.0
EX33,England,1.0
EX34,England,1.0
EX35,England,1.0
EX36,England,1.0
EX37,England,1.0
EX38,England,1.0
EX39,England,1.0
FK1,Scotland,1.0
FK2,Scotland,1.0
FK3,Scotland,1.0
FK4,Scotland,1.0
FK5,Scotland,1.0
FK6,Scotland,1.0
FK7,Scotland,1.0
FK8,Scotland,1.0
FK9,Scotland,1.0
FK10,Scotland,1.0
FK11,Scotland,1.0
FK12,Scotland,1.0
FK13,Scotland,1.0
FK14,Scotland,1.0
FK15,Scotland,1.0
FK16,Scotland,1.0
FK17,Scotland,1.0
FK18,Scotland,1.0
FK19,Scotland,1.0
FK20,Scotland,1.0
FK21,Scotland,1.0
FY1,England,1.0
FY2,England,1.0
FY3,England,1.0
FY4,England,1.0
FY5,England,1.0
FY6,England,1.0
FY7,England,1.0
FY8,England,1.0
G1,Scotland,1.0
G2,Scotland,1.0
G3,Scotland,1.0
G4,Scotland,1.0
G5,Scotland,1.0
G11,Scotland,1.0
G12,Scotland,1.0
G13,Scotland,1.0
G14,Scotland,1.0
G15,Scotland,1.0
G20,Scotland,1.0
G21,Scotland,1.0
G22,Scotland,1.0
G23,Scotland,1.0
G31,Scotland,1.0
G32,Scotland,1.0
G33,Scotland,1.0
G34,Scotland,1.0
G40,Scotland,1.0
G41,Scotland,1.0
G42,Scotland,1.0
G43,Scotland,1.0
G44,Scotland,1.0
G45,Scotland,1.0
G46,Scotland,1.0
G51,Scotland,1.0
G52,Scotland,1.0
G53,Scotland,1.0
G60,Scotland,1.0
G61,Scotland,1.0
G62,Scotland,1.0
G63,Scotland,1.0
G64,Scotland,1.0
G65,Scotland,1.0
G66,Scotland,1.0
G67,Scotland,1.0
G68,Scotland,1.0
G69,Scotland,1.0
G71,Scotland,1.0
G72,Scotland,1.0
G73,Scotland,1.0
G74,Scotland,1.0
G75,Scotland,1.0
G76,Scotland,1.0
G77,Scotland,1.0
G78,Scotland,1.0
G81,Scotland,1.0
G82,Scotland,1.0
G83,Scotland,1.0
G84,Scotland,1.0
GL1,England,1.0
GL2,England,1.0
GL3,England,1.0
GL4,England,1.0
GL5,England,1.0
GL6,England,1.0
GL7,England,1.0
GL8,England,1.0
GL9,England,1.0
GL10,England,1.0
GL11,England,1.0
GL12,England,1.0
GL13,England,1.0
GL14,England,1.0
GL15,England,0.926
GL16,England,0.9631
GL17,England,1.0
GL18,England,1.0
GL19,England,1.0
GL20,England,1.0
GL50,England,1.0
GL51,England,1.0
GL52,England,1.0
GL53,England,1.0
GL54,England,1.0
GL55,England,1.0
GL56,England,1.0
GU1,England,1.0
GU2,England,1.0
GU3,England,1.0
GU4,England,1.0
GU5,England,1.0
GU6,England,1.0
GU7,England,1.0
GU8,England,1.0
GU9,England,1.0
GU10,England,1.0
GU11,England,1.0
GU12,England,1.0
GU14,England,1.0
GU15,England,1.0
GU16,England,1.0
GU17,England,1.0
GU18,England,1.0
GU19,England,1.0
GU20,England,1.0
GU21,England,1.0
GU22,England,1.0
GU23,England,1.0
GU24,England,1.0
GU25,England,1.0
GU26,England,1.0
GU27,England,1.0
GU28,England,1.0
GU29,England,1.0
GU30,England,1.0
GU31,England,1.0
GU32,England,1.0
GU33,England,1.0
GU34,England,1.0
GU35,England,1.0
GU46,England,1.0
GU47,England,1.0
GU51,England,1.0
GU52,England,1.0
HA0,England,1.0
HA1,England,1.0
HA2,England,1.0
HA3,England,1.0
HA4,England,1.0
HA5,England,1.0
HA6,England,1.0
HA7,England,1.0
HA8,England,1.0
HA9,England,1.0
HD1,England,1.0
HD2,England,1.0
HD3,England,1.0
HD4,England,1.0
HD5,England,1.0
HD6,England,1.0
HD7,England,1.0
HD8,England,1.0
HD9,England,1.0
HG1,England,1.0
HG2,England,1.0
HG3,England,1.0
HG4,England,1.0
HG5,England,1.0
HP1,England,1.0
HP2,England,1.0
HP3,England,1.0
HP4,England,1.0
HP5,England,1.0
HP6,England,1.0
HP7,England,1.0
HP8,England,1.0
HP9,England,1.0
HP10,England,1.0
HP11,England,1.0
HP12,England,1.0
HP13,England,1.0
HP14,England,1.0
HP15,England,1.0
HP16,England,1.0
HP17,England,1.0
HP18,England,1.0
HP19,England,1.0
HP20,England,1.0
HP21,England,1.0
HP22,England,1.0
HP23,England,1.0
HP27,England,1.0
HR1,England,1.0
HR2,England,0.99
HR3,England,0.6087
HR4,England,1.0
HR5,England,0.5673
HR6,England,0.9999
HR7,England,1.0
HR8,England,1.0
HR9,England,0.9921
HS1,Scotland,1.0
HS2,Scotland,1.0
HS3,Scotland,1.0
HS4,Scotland,1.0
HS5,Scotland,1.0
HS6,Scotland,1.0
HS7,Scotland,1.0
HS8,Scotland,1.0
HS9,Scotland,1.0
HU1,England,1.0
HU2,England,1.0
HU3,England,1.0
HU4,England,1.0
HU5,England,1.0
HU6,England,1.0
HU7,England,1.0
HU8,England,1.0
HU9,England,1.0
HU10,England,1.0
HU11,England,1.0
HU12,England,1.0
HU13,England,1.0
HU14,England,1.0
HU15,England,1.0
HU16,England,1.0
HU17,England,1.0
HU18,England,1.0
HU19,England,1.0
HU20,England,1.0
HX1,England,1.0
HX2,England,1.0
HX3,England,1.0
HX4,England,1.0
HX5,England,1.0
HX6,England,1.0
HX7,England,1.0
IG1,England,1.0
IG2,England,1.0
IG3,England,1.0
IG4,England,1.0
IG5,England,1.0
IG6,England,1.0
IG7,England,1.0
IG8,England,1.0
IG9,England,1.0
IG10,England,1.0
IG11,England,1.0
IP1,England,1.0
IP2,England,1.0
IP3,England,1.0
IP4,England,1.0
IP5,England,1.0
IP6,England,1.0
IP7,England,1.0
IP8,England,1.0
IP9,England,1.0
IP10,England,1.0
IP11,England,1.0
IP12,England,1.0
IP13,England,1.0
IP14,England,1.0
IP15,England,1.0
IP16,England,1.0
IP17,England,1.0
IP18,England,1.0
IP19,England,1.0
IP20,England,1.0
IP21,England,1.0
IP22,England,1.0
IP23,England,1.0
IP24,England,1.0
IP25,England,1.0
IP26,England,1.0
IP27,England,1.0
IP28,England,1.0
IP29,England,1.0
IP30,England,1.0
IP31,England,1.0
IP32,England,1.0
IP33,England,1.0
IV1,Scotland,1.0
IV2,Scotland,1.0
IV3,Scotland,1.0
IV4,Scotland,1.0
IV5,Scotland,1.0
IV6,Scotland,1.0
IV7,Scotland,1.0
IV8,Scotland,1.0
IV9,Scotland,1.0
IV10,Scotland,1.0
IV11,Scotland,1.0
IV12,Scotland,1.0
IV13,Scotland,1.0
IV14,Scotland,1.0
IV15,Scotland,1.0
IV16,Scotland,1.0
IV17,Scotland,1.0
IV18,Scotland,1.0
IV19,Scotland,1.0
IV20,Scotland,1.0
IV21,Scotland,1.0
IV22,Scotland,1.0
IV23,Scotland,1.0
IV24,Scotland,1.0
IV25,Scotland,1.0
IV26,Scotland,1.0
IV27,Scotland,1.0
IV28,Scotland,1.0
IV30,Scotland,1.0
IV31,Scotland,1.0
IV32,Scotland,1.0
IV36,Scotland,1.0
IV40,Scotland,1.0
IV41,Scotland,1.0
IV42,Scotland,1.0
IV43,Scotland,1.0
IV44,Scotland,1.0
IV45,Scotland,1.0
IV46,Scotland,1.0
IV47,Scotland,1.0
IV48,Scotland,1.0
IV49,Scotland,1.0
IV51,Scotland,1.0
IV52,Scotland,1.0
IV53,Scotland,1.0
IV54,Scotland,1.0
IV55,Scotland,1.0
IV56,Scotland,1.0
IV63,Scotland,1.0
KA1,Scotland,1.0
KA2,Scotland,1.0
KA3,Scotland,1.0
KA4,Scotland,1.0
KA5,Scotland,1.0
KA6,Scotland,1.0
KA7,Scotland,1.0
KA8,Scotland,1.0
KA9,Scotland,1.0
KA10,Scotland,1.0
KA11,Scotland,1.0
KA12,Scotland,1.0
KA13,Scotland,1.0
KA14,Scotland,1.0
KA15,Scotland,1.0
KA16,Scotland,1.0
KA17,Scotland,1.0
KA18,Scotland,1.0
KA19,Scotland,1.0
KA20,Scotland,1.0
KA21,Scotland,1.0
KA22,Scotland,1.0
KA23,Scotland,1.0
KA24,Scotland,1.0
KA25,Scotland,1.0
KA26,Scotland,1.0
KA27,Scotland,1.0
KA28,Scotland,1.0
KA29,Scotland,1.0
KA30,Scotland,1.0
KT1,England,1.0
KT2,England,1.0
KT3,England,1.0
KT4,England,1.0
KT5,England,1.0
KT6,England,1.0
KT7,England,1.0
KT8,England,1.0
KT9,England,1.0
KT10,England,1.0
KT11,England,1.0
KT12,England,1.0
KT13,England,1.0
KT14,England,1.0
KT15,England,1.0
KT16,England,1.0
KT17,England,1.0
KT18,England,1.0
KT19,England,1.0
KT20,England,1.0
KT21,England,1.0
KT22,England,1.0
KT23,England,1.0
KT24,England,1.0
KW1,Scotland,1.0
KW2,Scotland,1.0
KW3,Scotland,1.0
KW5,Scotland,1.0
KW6,Scotland,1.0
KW7,Scotland,1.0
KW8,Scotland,1.0
KW9,Scotland,1.0
KW10,Scotland,1.0
KW11,Scotland,1.0
KW12,Scotland,1.0
KW13,Scotland,1.0
KW14,Scotland,1.0
KW15,Scotland,1.0
KW16,Scotland,1.0
KW17,Scotland,1.0
KY1,Scotland,1.0
KY2,Scotland,1.0
KY3,Scotland,1.0
KY4,Scotland,1.0
KY5,Scotland,1.0
KY6,Scotland,1.0
KY7,Scotland,1.0
KY8,Scotland,1.0
KY9,Scotland,1.0
KY10,Scotland,1.0
KY11,Scotland,1.0
KY12,Scotland,1.0
KY13,Scotland,1.0
KY14,Scotland,1.0
KY15,Scotland,1.0
KY16,Scotland,1.0
L1,England,1.0
L2,England,1.0
L3,England,1.0
L4,England,1.0
L5,England,1.0
L6,England,1.0
L7,England,1.0
L8,England,1.0
L9,England,1.0
L10,England,1.0
L11,England,1.0
L12,England,1.0
L13,England,1.0
L14,England,1.0
L15,England,1.0
L16,England,1.0
L17,England,1.0
L18,England,1.0
L19,England,1.0
L20,England,1.0
L21,England,1.0
L22,England,1.0
L23,England,1.0
L24,England,1.0
L25,England,1.0
L26,England,1.0
L27,England,1.0
L28,England,1.0
L29,England,1.0
L30,England,1.0
L31,England,1.0
L32,England,1.0
L33,England,1.0
L34,England,1.0
L35,England,1.0
L36,England,1.0
L37,England,1.0
L38,England,1.0
L39,England,1.0
L40,England,1.0
LA1,England,1.0
LA2,England,1.0
LA3,England,1.0
LA4,England,1.0
LA5,England,1.0
LA6,England,1.0
LA7,England,1.0
LA8,England,1.0
LA9,England,1.0
LA10,England,1.0
LA11,England,1.0
LA12,England,1.0
LA13,England,1.0
LA14,England,1.0
LA15,England,1.0
LA16,England,1.0
LA17,England,1.0
LA18,England,1.0
LA19,England,1.0
LA20,England,1.0
LA21,England,1.0
LA22,England,1.0
LA23,England,1.0
LD1,Wales,1.0
LD2,Wales,1.0
LD3,Wales,1.0
LD4,Wales,1.0
LD5,Wales,1.0
LD6,Wales,1.0
LD7,Wales,0.746
LD8,Wales,0.7538
LE1,England,1.0
LE2,England,1.0
LE3,England,1.0
LE4,England,1.0
LE5,England,1.0
LE6,England,1.0
LE7,England,1.0
LE8,England,1.0
LE9,England,1.0
LE10,England,1.0
LE11,England,1.0
LE12,England,1.0
LE13,England,1.0
LE14,England,1.0
LE15,England,1.0
LE16,England,1.0
LE17,England,1.0
LE18,England,1.0
LE19,England,1.0
LE65,England,1.0
LE67,England,1.0
LL11,Wales,1.0
LL12,Wales,0.9732
LL13,Wales,0.9906
LL14,Wales,0.9731
LL15,Wales,1.0
LL16,Wales,1.0
LL17,Wales,1.0
LL18,Wales,1.0
LL19,Wales,1.0
LL20,Wales,1.0
LL21,Wales,1.0
LL22,Wales,1.0
LL23,Wales,1.0
LL24,Wales,1.0
LL25,Wales,1.0
LL26,Wales,1.0
LL27,Wales,1.0
LL28,Wales,1.0
LL29,Wales,1.0
LL30,Wales,1.0
LL31,Wales,1.0
LL32,Wales,1.0
LL33,Wales,1.0
LL34,Wales,1.0
LL35,Wales,1.0
LL36,Wales,1.0
LL37,Wales,1.0
LL38,Wales,1.0
LL39,Wales,1.0
LL40,Wales,1.0
LL41,Wales,1.0
LL42,Wales,1.0
LL43,Wales,1.0
LL44,Wales,1.0
LL45,Wales,1.0
LL46,Wales,1.0
LL47,Wales,1.0
LL48,Wales,1.0
LL49,Wales,1.0
LL51,Wales,1.0
LL52,Wales,1.0
LL53,Wales,1.0
LL54,Wales,1.0
LL55,Wales,1.0
LL56,Wales,1.0
LL57,Wales,1.0
LL58,Wales,1.0
LL59,Wales,1.0
LL60,Wales,1.0
LL61,Wales,1.0
LL62,Wales,1.0
LL63,Wales,1.0
LL64,Wales,1.0
LL65,Wales,1.0
LL66,Wales,1.0
LL67,Wales,1.0
LL68,Wales,1.0
LL69,Wales,1.0
LL70,Wales,1.0
LL71,Wales,1.0
LL72,Wales,1.0
LL73,Wales,1.0
LL74,Wales,1.0
LL75,Wales,1.0
LL76,Wales,1.0
LL77,Wales,1.0
LL78,Wales,1.0
LN1,England,1.0
LN2,England,1.0
LN3,England,1.0
LN4,England,1.0
LN5,England,1.0
LN6,England,1.0
LN7,England,1.0
LN8,England,1.0
LN9,England,1.0
LN10,England,1.0
LN11,England,1.0
LN12,England,1.0
LN13,England,1.0
LS1,England,1.0
LS2,England,1.0
LS3,England,1.0
LS4,England,1.0
LS5,England,1.0
LS6,England,1.0
LS7,England,1.0
LS8,England,1.0
LS9,England,1.0
LS10,England,1.0
LS11,England,1.0
LS12,England,1.0
LS13,England,1.0
LS14,England,1.0
LS15,England,1.0
LS16,England,1.0
LS17,England,1.0
LS18,England,1.0
LS19,England,1.0
LS20,England,1.0
LS21,England,1.0
LS22,England,1.0
LS23,England,1.0
LS24,England,1.0
LS25,England,1.0
LS26,England,1.0
LS27,England,1.0
LS28,England,1.0
LS29,England,1.0
LU1,England,1.0
LU2,England,1.0
LU3,England,1.0
LU4,England,1.0
LU5,England,1.0
LU6,England,1.0
LU7,England,1.0
M1,England,1.0
M2,England,1.0
M3,England,1.0
M4,England,1.0
M5,England,1.0
M6,England,1.0
M7,England,1.0
M8,England,1.0
M9,England,1.0
M11,England,1.0
M12,England,1.0
M13,England,1.0
M14,England,1.0
M15,England,1.0
M16,England,1.0
M17,England,1.0
M18,England,1.0
M19,England,1.0
M20,England,1.0
M21,England,1.0
M22,England,1.0
M23,England,1.0
M24,England,1.0
M25,England,1.0
M26,England,1.0
M27,England,1.0
M28,England,1.0
M29,England,1.0
M30,England,1.0
M31,England,1.0
M32,England,1.0
M33,England,1.0
M34,England,1.0
M35,England,1.0
M38,England,1.0
M40,England,1.0
M41,England,1.0
M43,England,1.0
M44,England,1.0
M45,England,1.0
M46,England,1.0
M50,England,1.0
M90,England,1.0
ME1,England,1.0
ME2,England,1.0
ME3,England,1.0
ME4,England,1.0
ME5,England,1.0
ME6,England,1.0
ME7,England,1.0
ME8,England,1.0
ME9,England,1.0
ME10,England,1.0
ME11,England,1.0
ME12,England,1.0
ME13,England,1.0
ME14,England,1.0
ME15,England,1.0
ME16,England,1.0
ME17,England,1.0
ME18,England,1.0
ME19,England,1.0
ME20,England,1.0
MK1,England,1.0
MK2,England,1.0
MK3,England,1.0
MK4,England,1.0
MK5,England,1.0
MK6,England,1.0
MK7,England,1.0
MK8,England,1.0
MK9,England,1.0
MK10,England,1.0
MK11,England,1.0
MK12,England,1.0
MK13,England,1.0
MK14,England,1.0
MK15,England,1.0
MK16,England,1.0
MK17,England,1.0
MK18,England,1.0
MK19,England,1.0
MK40,England,1.0
MK41,England,1.0
MK42,England,1.0
MK43,England,1.0
MK44,England,1.0
MK45,England,1.0
MK46,England,1.0
ML1,Scotland,1.0
ML2,Scotland,1.0
ML3,Scotland,1.0
ML4,Scotland,1.0
ML5,Scotland,1.0
ML6,Scotland,1.0
ML7,Scotland,1.0
ML8,Scotland,1.0
ML9,Scotland,1.0
ML10,Scotland,1.0
ML11,Scotland,1.0
ML12,Scotland,1.0
N1,England,1.0
N1C,England,1.0
N2,England,1.0
N3,England,1.0
N4,England,1.0
N5,England,1.0
N6,England,1.0
N7,England,1.0
N8,England,1.0
N9,England,1.0
N10,England,1.0
N11,England,1.0
N12,England,1.0
N13,England,1.0
N14,England,1.0
N15,England,1.0
N16,England,1.0
N17,England,1.0
N18,England,1.0
N19,England,1.0
N20,England,1.0
N21,England,1.0
N22,England,1.0
NE1,England,1.0
NE2,England,1.0
NE3,England,1.0
NE4,England,1.0
NE5,England,1.0
NE6,England,1.0
NE7,England,1.0
NE8,England,1.0
NE9,England,1.0
NE10,England,1.0
NE11,England,1.0
NE12,England,1.0
NE13,England,1.0
NE15,England,1.0
NE16,England,1.0
NE17,England,1.0
NE18,England,1.0
NE19,England,0.9907
NE20,England,1.0
NE21,England,1.0
NE22,England,1.0
NE23,England,1.0
NE24,England,1.0
NE25,England,1.0
NE26,England,1.0
NE27,England,1.0
NE28,England,1.0
NE29,England,1.0
NE30,England,1.0
NE31,England,1.0
NE32,England,1.0
NE33,England,1.0
NE34,England,1.0
NE35,England,1.0
NE36,England,1.0
NE37,England,1.0
NE38,England,1.0
NE39,England,1.0
NE40,England,1.0
NE41,England,1.0
NE42,England,1.0
NE43,England,1.0
NE44,England,1.0
NE45,England,1.0
NE46,England,1.0
NE47,England,1.0
NE48,England,0.9805
NE49,England,1.0
NE61,England,1.0
NE62,England,1.0
NE63,England,1.0
NE64,England,1.0
NE65,England,0.9475
NE66,England,1.0
NE67,England,1.0
NE68,England,1.0
NE69,England,1.0
NE70,England,1.0
NE71,England,0.9856
NG1,England,1.0
NG2,England,1.0
NG3,England,1.0
NG4,England,1.0
NG5,England,1.0
NG6,England,1.0
NG7,England,1.0
NG8,England,1.0
NG9,England,1.0
NG10,England,1.0
NG11,England,1.0
NG12,England,1.0
NG13,England,1.0
NG14,England,1.0
NG15,England,1.0
NG16,England,1.0
NG17,England,1.0
NG18,England,1.0
NG19,England,1.0
NG20,England,1.0
NG21,England,1.0
NG22,England,1.0
NG23,England,1.0
NG24,England,1.0
NG25,England,1.0
NG31,England,1.0
NG32,England,1.0
NG33,England,1.0
NG34,England,1.0
NG90,England,1.0
NN1,England,1.0
NN2,England,1.0
NN3,England,1.0
NN4,England,1.0
NN5,England,1.0
NN6,England,1.0
NN7,England,1.0
NN8,England,1.0
NN9,England,1.0
NN10,England,1.0
NN11,England,1.0
NN12,England,1.0
NN13,England,1.0
NN14,England,1.0
NN15,England,1.0
NN16,England,1.0
NN17,England,1.0
NN18,England,1.0
NN29,England,1.0
NP4,Wales,1.0
NP7,Wales,0.9826
NP8,Wales,1.0
NP10,Wales,1.0
NP11,Wales,1.0
NP12,Wales,1.0
NP13,Wales,1.0
NP15,Wales,1.0
NP16,Wales,0.7111
NP18,Wales,1.0
NP19,Wales,1.0
NP20,Wales,1.0
NP22,Wales,1.0
NP23,Wales,1.0
NP24,Wales,1.0
NP25,Wales,0.8652
NP26,Wales,1.0
NP44,Wales,1.0
NR1,England,1.0
NR2,England,1.0
NR3,England,1.0
NR4,England,1.0
NR5,England,1.0
NR6,England,1.0
NR7,England,1.0
NR8,England,1.0
NR9,England,1.0
NR10,England,1.0
NR11,England,1.0
NR12,England,1.0
NR13,England,1.0
NR14,England,1.0
NR15,England,1.0
NR16,England,1.0
NR17,England,1.0
NR18,England,1.0
NR19,England,1.0
NR20,England,1.0
NR21,England,1.0
NR22,England,1.0
NR23,England,1.0
NR24,England,1.0
NR25,England,1.0
NR26,England,1.0
NR27,England,1.0
NR28,England,1.0
NR29,England,1.0
NR30,England,1.0
NR31,England,1.0
NR32,England,1.0
NR33,England,1.0
NR34,England,1.0
NR35,England,1.0
NW1,England,1.0
NW2,England,1.0
NW3,England,1.0
NW4,England,1.0
NW5,England,1.0
NW6,England,1.0
NW7,England,1.0
NW8,England,1.0
NW9,England,1.0
NW10,England,1.0
NW11,England,1.0
OL1,England,1.0
OL2,England,1.0
OL3,England,1.0
OL4,England,1.0
OL5,England,1.0
OL6,England,1.0
OL7,England,1.0
OL8,England,1.0
OL9,England,1.0
OL10,England,1.0
OL11,England,1.0
OL12,England,1.0
OL13,England,1.0
OL14,England,1.0
OL15,England,1.0
OL16,England,1.0
OX1,England,1.0
OX2,England,1.0
OX3,England,1.0
OX4,England,1.0
OX5,England,1.0
OX7,England,1.0
OX9,England,1.0
OX10,England,1.0
OX11,England,1.0
OX12,England,1.0
OX13,England,1.0
OX14,England,1.0
OX15,England,1.0
OX16,England,1.0
OX17,England,1.0
OX18,England,1.0
OX20,England,1.0
OX25,England,1.0
OX26,England,1.0
OX27,England,1.0
OX28,England,1.0
OX29,England,1.0
OX33,England,1.0
OX39,England,1.0
OX44,England,1.0
OX49,England,1.0
PA1,Scotland,1.0
PA2,Scotland,1.0
PA3,Scotland,1.0
PA4,Scotland,1.0
PA5,Scotland,1.0
PA6,Scotland,1.0
PA7,Scotland,1.0
PA8,Scotland,1.0
PA9,Scotland,1.0
PA10,Scotland,1.0
PA11,Scotland,1.0
PA12,Scotland,1.0
PA13,Scotland,1.0
PA14,Scotland,1.0
PA15,Scotland,1.0
PA16,Scotland,1.0
PA17,Scotland,1.0
PA18,Scotland,1.0
PA19,Scotland,1.0
PA20,Scotland,1.0
PA21,Scotland,1.0
PA22,Scotland,1.0
PA23,Scotland,1.0
PA24,Scotland,1.0
PA25,Scotland,1.0
PA26,Scotland,1.0
PA27,Scotland,1.0
PA28,Scotland,1.0
PA29,Scotland,1.0
PA30,Scotland,1.0
PA31,Scotland,1.0
PA32,Scotland,1.0
PA33,Scotland,1.0
PA34,Scotland,1.0
PA35,Scotland,1.0
PA36,Scotland,1.0
PA37,Scotland,1.0
PA38,Scotland,1.0
PA41,Scotland,1.0
PA42,Scotland,1.0
PA43,Scotland,1.0
PA44,Scotland,1.0
PA45,Scotland,1.0
PA46,Scotland,1.0
PA47,Scotland,1.0
PA48,Scotland,1.0
PA49,Scotland,1.0
PA60,Scotland,1.0
PA61,Scotland,1.0
PA62,Scotland,1.0
PA63,Scotland,1.0
PA64,Scotland,1.0
PA65,Scotland,1.0
PA66,Scotland,1.0
PA67,Scotland,1.0
PA68,Scotland,1.0
PA69,Scotland,1.0
PA70,Scotland,1.0
PA71,Scotland,1.0
PA72,Scotland,1.0
PA73,Scotland,1.0
PA74,Scotland,1.0
PA75,Scotland,1.0
PA76,Scotland,1.0
PA77,Scotland,1.0
PA78,Scotland,1.0
PA80,Scotland,1.0
PE1,England,1.0
PE2,England,1.0
PE3,England,1.0
PE4,England,1.0
PE5,England,1.0
PE6,England,1.0
PE7,England,1.0
PE8,England,1.0
PE9,England,1.0
PE10,England,1.0
PE11,England,1.0
PE12,England,1.0
PE13,England,1.0
PE14,England,1.0
PE15,England,1.0
PE16,England,1.0
PE19,England,1.0
PE20,England,1.0
PE21,England,1.0
PE22,England,1.0
PE23,England,1.0
PE24,England,1.0
PE25,England,1.0
PE26,England,1.0
PE27,England,1.0
PE28,England,1.0
PE29,England,1.0
PE30,England,1.0
PE31,England,1.0
PE32,England,1.0
PE33,England,1.0
PE34,England,1.0
PE35,England,1.0
PE36,England,1.0
PE37,England,1.0
PE38,England,1.0
PH1,Scotland,1.0
PH2,Scotland,1.0
PH3,Scotland,1.0
PH4,Scotland,1.0
PH5,Scotland,1.0
PH6,Scotland,1.0
PH7,Scotland,1.0
PH8,Scotland,1.0
PH9,Scotland,1.0
PH10,Scotland,1.0
PH11,Scotland,1.0
PH12,Scotland,1.0
PH13,Scotland,1.0
PH14,Scotland,1.0
PH15,Scotland,1.0
PH16,Scotland,1.0
PH17,Scotland,1.0
PH18,Scotland,1.0
PH19,Scotland,1.0
PH20,Scotland,1.0
PH21,Scotland,1.0
PH22,Scotland,1.0
PH23,Scotland,1.0
PH24,Scotland,1.0
PH25,Scotland,1.0
PH26,Scotland,1.0
PH30,Scotland,1.0
PH31,Scotland,1.0
PH32,Scotland,1.0
PH33,Scotland,1.0
PH34,Scotland,1.0
PH35,Scotland,1.0
PH36,Scotland,1.0
PH37,Scotland,1.0
PH38,Scotland,1.0
PH39,Scotland,1.0
PH40,Scotland,1.0
PH41,Scotland,1.0
PH42,Scotland,1.0
PH43,Scotland,1.0
PH44,Scotland,1.0
PH49,Scotland,1.0
PH50,Scotland,1.0
PL1,England,1.0
PL2,England,1.0
PL3,England,1.0
PL4,England,1.0
PL5,England,1.0
PL6,England,1.0
PL7,England,1.0
PL8,England,1.0
PL9,England,1.0
PL10,England,1.0
PL11,England,1.0
PL12,England,1.0
PL13,England,1.0
PL14,England,1.0
PL15,England,1.0
PL16,England,1.0
PL17,England,1.0
PL18,England,1.0
PL19,England,1.0
PL20,England,1.0
PL21,England,1.0
PL22,England,1.0
PL23,England,1.0
PL24,England,1.0
PL25,England,1.0
PL26,England,1.0
PL27,England,1.0
PL28,England,1.0
PL29,England,1.0
PL30,England,1.0
PL31,England,1.0
PL32,England,1.0
PL33,England,1.0
PL34,England,1.0
PL35,England,1.0
PO1,England,1.0
PO2,England,1.0
PO3,England,1.0
PO4,England,1.0
PO5,England,1.0
PO6,England,1.0
PO7,England,1.0
PO8,England,1.0
PO9,England,1.0
PO10,England,1.0
PO11,England,1.0
PO12,England,1.0
PO13,England,1.0
PO14,England,1.0
PO15,England,1.0
PO16,England,1.0
PO17,England,1.0
PO18,England,1.0
PO19,England,1.0
PO20,England,1.0
PO21,England,1.0
PO22,England,1.0
PO30,England,1.0
PO31,England,1.0
PO32,England,1.0
PO33,England,1.0
PO34,England,1.0
PO35,England,1.0
PO36,England,1.0
PO37,England,1.0
PO38,England,1.0
PO39,England,1.0
PO40,England,1.0
PO41,England,1.0
PR1,England,1.0
PR2,England,1.0
PR3,England,1.0
PR4,England,1.0
PR5,England,1.0
PR6,England,1.0
PR7,England,1.0
PR8,England,1.0
PR9,England,1.0
PR25,England,1.0
PR26,England,1.0
RG1,England,1.0
RG2,England,1.0
RG4,England,1.0
RG5,England,1.0
RG6,England,1.0
RG7,England,1.0
RG8,England,1.0
RG9,England,1.0
RG10,England,1.0
RG12,England,1.0
RG14,England,1.0
RG17,England,1.0
RG18,England,1.0
RG19,England,1.0
RG20,England,1.0
RG21,England,1.0
RG22,England,1.0
RG23,England,1.0
RG24,England,1.0
RG25,England,1.0
RG26,England,1.0
RG27,England,1.0
RG28,England,1.0
RG29,England,1.0
RG30,England,1.0
RG31,England,1.0
RG40,England,1.0
RG41,England,1.0
RG42,England,1.0
RG45,England,1.0
RH1,England,1.0
RH2,England,1.0
RH3,England,1.0
RH4,England,1.0
RH5,England,1.0
RH6,England,1.0
RH7,England,1.0
RH8,England,1.0
RH9,England,1.0
RH10,England,1.0
RH11,England,1.0
RH12,England,1.0
RH13,England,1.0
RH14,England,1.0
RH15,England,1.0
RH16,England,1.0
RH17,England,1.0
RH18,England,1.0
RH19,England,1.0
RH20,England,1.0
RM1,England,1.0
RM2,England,1.0
RM3,England,1.0
RM4,England,1.0
RM5,England,1.0
RM6,England,1.0
RM7,England,1.0
RM8,England,1.0
RM9,England,1.0
RM10,England,1.0
RM11,England,1.0
RM12,England,1.0
RM13,England,1.0
RM14,England,1.0
RM15,England,1.0
RM16,England,1.0
RM17,England,1.0
RM18,England,1.0
RM19,England,1.0
RM20,England,1.0
S1,England,1.0
S2,England,1.0
S3,England,1.0
S4,England,1.0
S5,England,1.0
S6,England,1.0
S7,England,1.0
S8,England,1.0
S9,England,1.0
S10,England,1.0
S11,England,1.0
S12,England,1.0
S13,England,1.0
S14,England,1.0
S17,England,1.0
S18,England,1.0
S20,England,1.0
S21,England,1.0
S25,England,1.0
S26,England,1.0
S32,England,1.0
S33,England,1.0
S35,England,1.0
S36,England,1.0
S40,England,1.0
S41,England,1.0
S42,England,1.0
S43,England,1.0
S44,England,1.0
S45,England,1.0
S60,England,1.0
S61,England,1.0
S62,England,1.0
S63,England,1.0
S64,England,1.0
S65,England,1.0
S66,England,1.0
S70,England,1.0
S71,England,1.0
S72,England,1.0
S73,England,1.0
S74,England,1.0
S75,England,1.0
S80,England,1.0
S81,England,1.0
SA1,Wales,1.0
SA2,Wales,1.0
SA3,Wales,1.0
SA4,Wales,1.0
SA5,Wales,1.0
SA6,Wales,1.0
SA7,Wales,1.0
SA8,Wales,1.0
SA9,Wales,1.0
SA10,Wales,1.0
SA11,Wales,1.0
SA12,Wales,1.0
SA13,Wales,1.0
SA14,Wales,1.0
SA15,Wales,1.0
SA16,Wales,1.0
SA17,Wales,1.0
SA18,Wales,1.0
SA19,Wales,1.0
SA20,Wales,1.0
SA31,Wales,1.0
SA32,Wales,1.0
SA33,Wales,1.0
SA34,Wales,1.0
SA35,Wales,1.0
SA36,Wales,1.0
SA37,Wales,1.0
SA38,Wales,1.0
SA39,Wales,1.0
SA40,Wales,1.0
SA41,Wales,1.0
SA42,Wales,1.0
SA43,Wales,1.0
SA44,Wales,1.0
SA45,Wales,1.0
SA46,Wales,1.0
SA47,Wales,1.0
SA48,Wales,1.0
SA61,Wales,1.0
SA62,Wales,1.0
SA63,Wales,1.0
SA64,Wales,1.0
SA65,Wales,1.0
SA66,Wales,1.0
SA67,Wales,1.0
SA68,Wales,1.0
SA69,Wales,1.0
SA70,Wales,1.0
SA71,Wales,1.0
SA72,Wales,1.0
SA73,Wales,1.0
SE1,England,1.0
SE2,England,1.0
SE3,England,1.0
SE4,England,1.0
SE5,England,1.0
SE6,England,1.0
SE7,England,1.0
SE8,England,1.0
SE9,England,1.0
SE10,England,1.0
SE11,England,1.0
SE12,England,1.0
SE13,England,1.0
SE14,England,1.0
SE15,England,1.0
SE16,England,1.0
SE17,England,1.0
SE18,England,1.0
SE19,England,1.0
SE20,England,1.0
SE21,England,1.0
SE22,England,1.0
SE23,England,1.0
SE24,England,1.0
SE25,England,1.0
SE26,England,1.0
SE27,England,1.0
SE28,England,1.0
SG1,England,1.0
SG2,England,1.0
SG3,England,1.0
SG4,England,1.0
SG5,England,1.0
SG6,England,1.0
SG7,England,1.0
SG8,England,1.0
SG9,England,1.0
SG10,England,1.0
SG11,England,1.0
SG12,England,1.0
SG13,England,1.0
SG14,England,1.0
SG15,England,1.0
SG16,England,1.0
SG17,England,1.0
SG18,England,1.0
SG19,England,1.0
SK1,England,1.0
SK2,England,1.0
SK3,England,1.0
SK4,England,1.0
SK5,England,1.0
SK6,England,1.0
SK7,England,1.0
SK8,England,1.0
SK9,England,1.0
SK10,England,1.0
SK11,England,1.0
SK12,England,1.0
SK13,England,1.0
SK14,England,1.0
SK15,England,1.0
SK16,England,1.0
SK17,England,1.0
SK22,England,1.0
SK23,England,1.0
SL0,England,1.0
SL1,England,1.0
SL2,England,1.0
SL3,England,1.0
SL4,England,1.0
SL5,England,1.0
SL6,England,1.0
SL7,England,1.0
SL8,England,1.0
SL9,England,1.0
SM1,England,1.0
SM2,England,1.0
SM3,England,1.0
SM4,England,1.0
SM5,England,1.0
SM6,England,1.0
SM7,England,1.0
SN1,England,1.0
SN2,England,1.0
SN3,England,1.0
SN4,England,1.0
SN5,England,1.0
SN6,England,1.0
SN7,England,1.0
SN8,England,1.0
SN9,England,1.0
SN10,England,1.0
SN11,England,1.0
SN12,England,1.0
SN13,England,1.0
SN14,England,1.0
SN15,England,1.0
SN16,England,1.0
SN25,England,1.0
SN26,England,1.0
SO14,England,1.0
SO15,England,1.0
SO16,England,1.0
SO17,England,1.0
SO18,England,1.0
SO19,England,1.0
SO20,England,1.0
SO21,England,1.0
SO22,England,1.0
SO23,England,1.0
SO24,England,1.0
SO30,England,1.0
SO31,England,1.0
SO32,England,1.0
SO40,England,1.0
SO41,England,1.0
SO42,England,1.0
SO43,England,1.0
SO45,England,1.0
SO50,England,1.0
SO51,England,1.0
SO52,England,1.0
SO53,England,1.0
SP1,England,1.0
SP2,England,1.0
SP3,England,1.0
SP4,England,1.0
SP5,England,1.0
SP6,England,1.0
SP7,England,1.0
SP8,England,1.0
SP9,England,1.0
SP10,England,1.0
SP11,England,1.0
SR1,England,1.0
SR2,England,1.0
SR3,England,1.0
SR4,England,1.0
SR5,England,1.0
SR6,England,1.0
SR7,England,1.0
SR8,England,1.0
SS0,England,1.0
SS1,England,1.0
SS2,England,1.0
SS3,England,1.0
SS4,England,1.0
SS5,England,1.0
SS6,England,1.0
SS7,England,1.0
SS8,England,1.0
SS9,England,1.0
SS11,England,1.0
SS12,England,1.0
SS13,England,1.0
SS14,England,1.0
SS15,England,1.0
SS16,England,1.0
SS17,England,1.0
ST1,England,1.0
ST2,England,1.0
ST3,England,1.0
ST4,England,1.0
ST5,England,1.0
ST6,England,1.0
ST7,England,1.0
ST8,England,1.0
ST9,England,1.0
ST10,England,1.0
ST11,England,1.0
ST12,England,1.0
ST13,England,1.0
ST14,England,1.0
ST15,England,1.0
ST16,England,1.0
ST17,England,1.0
ST18,England,1.0
ST19,England,1.0
ST20,England,1.0
ST21,England,1.0
SW1A,England,1.0
SW1E,England,1.0
SW1H,England,1.0
SW1P,England,1.0
SW1V,England,1.0
SW1W,England,1.0
SW1X,England,1.0
SW1Y,England,1.0
SW2,England,1.0
SW3,England,1.0
SW4,England,1.0
SW5,England,1.0
SW6,England,1.0
SW7,England,1.0
SW8,England,1.0
SW9,England,1.0
SW10,England,1.0
SW11,England,1.0
SW12,England,1.0
SW13,England,1.0
SW14,England,1.0
SW15,England,1.0
SW16,England,1.0
SW17,England,1.0
SW18,England,1.0
SW19,England,1.0
SW20,England,1.0
SY1,England,1.0
SY2,England,1.0
SY3,England,1.0
SY4,England,0.9994
SY5,England,0.9528
SY6,England,1.0
SY7,England,0.979
SY8,England,1.0
SY9,England,0.9645
SY10,Wales,0.691
SY11,England,0.9846
SY12,England,0.9823
SY13,England,0.7593
SY14,England,0.873
SY15,Wales,0.6637
SY16,Wales,0.9946
SY17,Wales,1.0
SY18,Wales,1.0
SY19,Wales,1.0
SY20,Wales,1.0
SY21,Wales,0.9659
SY22,Wales,0.9819
SY23,Wales,1.0
SY24,Wales,1.0
SY25,Wales,1.0
TA1,England,1.0
TA2,England,1.0
TA3,England,1.0
TA4,England,1.0
TA5,England,1.0
TA6,England,1.0
TA7,England,1.0
TA8,England,1.0
TA9,England,1.0
TA10,England,1.0
TA11,England,1.0
TA12,England,1.0
TA13,England,1.0
TA14,England,1.0
TA15,England,1.0
TA16,England,1.0
TA17,England,1.0
TA18,England,1.0
TA19,England,1.0
TA20,England,1.0
TA21,England,1.0
TA22,England,1.0
TA23,England,1.0
TA24,England,1.0
TD1,Scotland,1.0
TD2,Scotland,1.0
TD3,Scotland,1.0
TD4,Scotland,1.0
TD5,Scotland,0.9801
TD6,Scotland,1.0
TD7,Scotland,1.0
TD8,Scotland,0.9851
TD9,Scotland,0.9549
TD10,Scotland,1.0
TD11,Scotland,1.0
TD12,England,0.641
TD13,Scotland,1.0
TD14,Scotland,1.0
TD15,England,0.6393
TF1,England,1.0
TF2,England,1.0
TF3,England,1.0
TF4,England,1.0
TF5,England,1.0
TF6,England,1.0
TF7,England,1.0
TF8,England,1.0
TF9,England,1.0
TF10,England,1.0
TF11,England,1.0
TF12,England,1.0
TF13,England,1.0
TN1,England,1.0
TN2,England,1.0
TN3,England,1.0
TN4,England,1.0
TN5,England,1.0
TN6,England,1.0
TN7,England,1.0
TN8,England,1.0
TN9,England,1.0
TN10,England,1.0
TN11,England,1.0
TN12,England,1.0
TN13,England,1.0
TN14,England,1.0
TN15,England,1.0
TN16,England,1.0
TN17,England,1.0
TN18,England,1.0
TN19,England,1.0
TN20,England,1.0
TN21,England,1.0
TN22,England,1.0
TN23,England,1.0
TN24,England,1.0
TN25,England,1.0
TN26,England,1.0
TN27,England,1.0
TN28,England,1.0
TN29,England,1.0
TN30,England,1.0
TN31,England,1.0
TN32,England,1.0
TN33,England,1.0
TN34,England,1.0
TN35,England,1.0
TN36,England,1.0
TN37,England,1.0
TN38,England,1.0
TN39,England,1.0
TN40,England,1.0
TQ1,England,1.0
TQ2,England,1.0
TQ3,England,1.0
TQ4,England,1.0
TQ5,England,1.0
TQ6,England,1.0
TQ7,England,1.0
TQ8,England,1.0
TQ9,England,1.0
TQ10,England,1.0
TQ11,England,1.0
TQ12,England,1.0
TQ13,England,1.0
TQ14,England,1.0
TR1,England,1.0
TR2,England,1.0
TR3,England,1.0
TR4,England,1.0
TR5,England,1.0
TR6,England,1.0
TR7,England,1.0
TR8,England,1.0
TR9,England,1.0
TR10,England,1.0
TR11,England,1.0
TR12,England,1.0
TR13,England,1.0
TR14,England,1.0
TR15,England,1.0
TR16,England,1.0
TR17,England,1.0
TR18,England,1.0
TR19,England,1.0
TR20,England,1.0
TR21,England,1.0
TR22,England,1.0
TR23,England,1.0
TR24,England,1.0
TR25,England,1.0
TR26,England,1.0
TR27,England,1.0
TS1,England,1.0
TS2,England,1.0
TS3,England,1.0
TS4,England,1.0
TS5,England,1.0
TS6,England,1.0
TS7,England,1.0
TS8,England,1.0
TS9,England,1.0
TS10,England,1.0
TS11,England,1.0
TS12,England,1.0
TS13,England,1.0
TS14,England,1.0
TS15,England,1.0
TS16,England,1.0
TS17,England,1.0
TS18,England,1.0
TS19,England,1.0
TS20,England,1.0
TS21,England,1.0
TS22,England,1.0
TS23,England,1.0
TS24,England,1.0
TS25,England,1.0
TS26,England,1.0
TS27,England,1.0
TS28,England,1.0
TS29,England,1.0
TW1,England,1.0
TW2,England,1.0
TW3,England,1.0
TW4,England,1.0
TW5,England,1.0
TW6,England,1.0
TW7,England,1.0
TW8,England,1.0
TW9,England,1.0
TW10,England,1.0
TW11,England,1.0
TW12,England,1.0
TW13,England,1.0
TW14,England,1.0
TW15,England,1.0
TW16,England,1.0
TW17,England,1.0
TW18,England,1.0
TW19,England,1.0
TW20,England,1.0
UB1,England,1.0
UB2,England,1.0
UB3,England,1.0
UB4,England,1.0
UB5,England,1.0
UB6,England,1.0
UB7,England,1.0
UB8,England,1.0
UB9,England,1.0
UB10,England,1.0
UB11,England,1.0
W1B,England,1.0
W1C,England,1.0
W1D,England,1.0
W1F,England,1.0
W1G,England,1.0
W1H,England,1.0
W1J,England,1.0
W1K,England,1.0
W1S,England,1.0
W1T,England,1.0
W1U,England,1.0
W1W,England,1.0
W2,England,1.0
W3,England,1.0
W4,England,1.0
W5,England,1.0
W6,England,1.0
W7,England,1.0
W8,England,1.0
W9,England,1.0
W10,England,1.0
W11,England,1.0
W12,England,1.0
W13,England,1.0
W14,England,1.0
WA1,England,1.0
WA2,England,1.0
WA3,England,1.0
WA4,England,1.0
WA5,England,1.0
WA6,England,1.0
WA7,England,1.0
WA8,England,1.0
WA9,England,1.0
WA10,England,1.0
WA11,England,1.0
WA12,England,1.0
WA13,England,1.0
WA14,England,1.0
WA15,England,1.0
WA16,England,1.0
WC1A,England,1.0
WC1B,England,1.0
WC1E,England,1.0
WC1H,England,1.0
WC1N,England,1.0
WC1R,England,1.0
WC1V,England,1.0
WC1X,England,1.0
WC2A,England,1.0
WC2B,England,1.0
WC2E,England,1.0
WC2H,England,1.0
WC2N,England,1.0
WC2R,England,1.0
WD3,England,1.0
WD4,England,1.0
WD5,England,1.0
WD6,England,1.0
WD7,England,1.0
WD17,England,1.0
WD18,England,1.0
WD19,England,1.0
WD23,England,1.0
WD24,England,1.0
WD25,England,1.0
WF1,England,1.0
WF2,England,1.0
WF3,England,1.0
WF4,England,1.0
WF5,England,1.0
WF6,England,1.0
WF7,England,1.0
WF8,England,1.0
WF9,England,1.0
WF10,England,1.0
WF11,England,1.0
WF12,England,1.0
WF13,England,1.0
WF14,England,1.0
WF15,England,1.0
WF16,England,1.0
WF17,England,1.0
WN1,England,1.0
WN2,England,1.0
WN3,England,1.0
WN4,England,1.0
WN5,England,1.0
WN6,England,1.0
WN7,England,1.0
WN8,England,1.0
WR1,England,1.0
WR2,England,1.0
WR3,England,1.0
WR4,England,1.0
WR5,England,1.0
WR6,England,1.0
WR7,England,1.0
WR8,England,1.0
WR9,England,1.0
WR10,England,1.0
WR11,England,1.0
WR12,England,1.0
WR13,England,1.0
WR14,England,1.0
WR15,England,1.0
WS1,England,1.0
WS2,England,1.0
WS3,England,1.0
WS4,England,1.0
WS5,England,1.0
WS6,England,1.0
WS7,England,1.0
WS8,England,1.0
WS9,England,1.0
WS10,England,1.0
WS11,England,1.0
WS12,England,1.0
WS13,England,1.0
WS14,England,1.0
WS15,England,1.0
WV1,England,1.0
WV2,England,1.0
WV3,England,1.0
WV4,England,1.0
WV5,England,1.0
WV6,England,1.0
WV7,England,1.0
WV8,England,1.0
WV9,England,1.0
WV10,England,1.0
WV11,England,1.0
WV12,England,1.0
WV13,England,1.0
WV14,England,1.0
WV15,England,1.0
WV16,England,1.0
YO1,England,1.0
YO7,England,1.0
YO8,England,1.0
YO10,England,1.0
YO11,England,1.0
YO12,England,1.0
YO13,England,1.0
YO14,England,1.0
YO15,England,1.0
YO16,England,1.0
YO17,England,1.0
YO18,England,1.0
YO19,England,1.0
YO21,England,1.0
YO22,England,1.0
YO23,England,1.0
YO24,England,1.0
YO25,England,1.0
YO26,England,1.0
YO30,England,1.0
YO31,England,1.0
YO32,England,1.0
YO41,England,1.0
YO42,England,1.0
YO43,England,1.0
YO51,England,1.0
YO60,England,1.0
YO61,England,1.0
YO62,England,1.0
ZE1,Scotland,1.0
ZE2,Scotland,1.0
ZE3,Scotland,1.0
