name,er_dc50_hi,er_dc100_hi,er_dc50_lo,er_dc100_lo,er_dc50_hi_m2,er_dc100_hi_m2,er_dc50_lo_m2,er_dc100_lo_m2
AB11 8,1.531e-05,0.0001119,1.096e-05,2.731e-05,312.9,2287.9,224.1,558.3
AB12 3,8.9e-07,1.917e-05,0.0,0.0,29.3,633.7,0.0,0.0
AB23 8,0.00542556,0.01891344,0.00496633,0.01374695,509170.7,1774963.1,466073.6,1290105.2
AB39 2,0.00013854,0.00073677,8.464e-05,0.00017738,8604.2,45758.6,5256.5,11016.3
AB39 3,5.31e-06,5.026e-05,3.66e-06,9.1e-06,982.1,9297.6,677.3,1682.5
AB41 6,0.00085419,0.00228485,0.0006346,0.00133596,70290.8,188018.9,52220.7,109935.2
AB41 8,3.6e-07,6.76e-06,0.0,3e-08,71.5,1331.3,0.0,6.1
AB42 0,4.44e-05,0.00064964,1.49e-05,4.159e-05,4065.5,59480.0,1364.6,3807.7
AB42 1,3.01e-06,8.433e-05,0.0,0.0,52.1,1461.1,0.0,0.0
AB42 3,0.00041986,0.00229037,0.00029072,0.0007347,52529.0,286552.5,36372.1,91920.1
AB43 6,6.294e-05,0.00037742,3.296e-05,8.643e-05,8930.4,53554.5,4677.0,12263.7
AB43 7,5.513e-05,0.0005469,2.752e-05,7.168e-05,5582.1,55381.0,2786.4,7258.1
AB43 8,0.00035651,0.00258758,0.00020715,0.0005528,38112.3,276620.8,22145.5,59095.8
AB43 9,0.0001244,0.00078872,9.085e-05,0.00023547,1869.3,11852.1,1365.3,3538.4
AB44 1,1.35e-06,4.297e-05,0.0,1e-08,11.0,350.5,0.0,0.0
AB45 1,0.00025028,0.00318718,2.922e-05,0.00010907,1444.2,18390.9,168.6,629.4
AB45 2,0.0001176,0.00095358,6.83e-05,0.00017848,17586.4,142596.3,10214.1,26689.8
AB45 3,4.642e-05,0.00027745,2.647e-05,6.917e-05,8512.8,50882.7,4855.4,12685.1
AB56 1,0.00106437,0.00354776,0.00067924,0.00152874,13181.3,43936.0,8411.8,18932.1
AB56 4,0.00095264,0.00270244,0.00083036,0.00176305,61108.0,173350.7,53264.1,113092.6
AB56 5,0.00039217,0.00189591,0.00027217,0.00070072,37239.6,180032.8,25845.3,66539.4
DD10 0,0.0002335,0.00186817,0.00013587,0.00035268,30034.9,240297.7,17476.3,45364.6
DD10 8,0.00611374,0.02028507,0.00532812,0.01340066,53950.4,179004.4,47017.7,118253.4
DD10 9,0.00056648,0.00259772,0.00037315,0.0009509,61337.8,281279.4,40404.6,102962.4
DD11 1,2.813e-05,0.00207751,1.586e-05,6.231e-05,222.5,16432.1,125.4,492.8
DD11 2,0.00023979,0.00227313,8.225e-05,0.00021706,15971.5,151402.8,5478.3,14457.5
DD11 5,0.00088014,0.0042717,0.00060211,0.00154466,61099.2,296539.7,41798.1,107229.7
DD5 1,2.421e-05,0.00020744,1.835e-05,4.698e-05,93.0,796.5,70.4,180.4
DD5 2,0.00111115,0.00399486,0.00104897,0.00285551,8815.3,31693.2,8322.0,22654.2
DD5 4,0.00058543,0.00384286,0.00023903,0.00070236,10181.0,66830.2,4157.0,12214.7
DD6 9,0.01038739,0.03548095,0.0092203,0.02477239,303426.2,1036434.3,269334.1,723626.5
DD7 6,0.00065598,0.00759314,0.0004145,0.00116223,24252.6,280732.0,15324.7,42969.6
DD7 7,0.00322531,0.01028921,0.00263129,0.00626239,179180.5,571612.5,146180.0,347904.1
DG1 4,3e-08,2.03e-06,1e-08,2e-08,4.4,329.1,1.4,3.7
DG12 5,0.00064047,0.00280118,0.00047355,0.0011553,64549.9,282319.2,47726.9,116437.5
DG12 6,0.00093656,0.0036724,0.00072603,0.00187324,54243.9,212699.1,42050.1,108495.0
DG2 8,0.00114195,0.00424576,0.00082325,0.00209525,376452.3,1399648.1,271389.7,690716.1
DG5 4,8.669e-05,0.00024052,2.344e-05,6.12e-05,11216.7,31122.0,3033.4,7919.2
DG6 4,6.05e-05,0.00018024,4.105e-05,8.339e-05,15369.7,45792.1,10430.2,21187.0
DG7 1,5.26e-05,0.00047117,1.637e-05,4.274e-05,8646.0,77445.1,2690.3,7025.8
DG7 2,2.938e-05,7.497e-05,8.84e-06,2.249e-05,10239.4,26126.5,3079.7,7836.8
DG8 0,1.697e-05,0.00021459,5.98e-06,1.516e-05,7903.2,99924.4,2786.6,7058.4
DG8 7,1.876e-05,0.00021605,7.99e-06,2.081e-05,4308.8,49631.8,1835.5,4780.0
DG8 8,0.00015789,0.00107947,8.038e-05,0.00022222,32079.3,219324.3,16332.0,45150.9
DG8 9,8.518e-05,0.00096946,4.333e-05,0.00011038,20917.8,238080.9,10642.0,27108.3
DG9 0,0.00034903,0.00165248,0.0002709,0.00066548,59308.9,280796.7,46032.2,113081.8
DG9 8,0.00188719,0.00663395,0.00159968,0.00416152,335458.3,1179220.5,284351.6,739732.3
DG9 9,0.00209516,0.01022436,0.00129618,0.00339015,607382.4,2964014.1,375757.7,982795.8
EH15 1,0.00163339,0.00688265,0.00027071,0.0007398,10580.7,44584.0,1753.6,4792.2
EH15 2,0.00178854,0.00798522,0.00069745,0.00174254,11404.1,50915.4,4447.1,11110.8
EH21 6,0.00460881,0.03953543,0.00162018,0.00420681,23787.8,204056.8,8362.3,21712.9
EH21 7,0.00022952,0.00180157,0.00010696,0.00027839,2333.8,18318.7,1087.6,2830.7
EH30 9,0.00094217,0.00541613,0.00066043,0.00168364,35917.8,206477.1,25177.1,64184.7
EH31 2,0.00350633,0.01062883,0.00229478,0.00548646,51624.3,156490.1,33786.4,80778.1
EH32 0,0.00161237,0.01261163,0.00073023,0.00165264,98113.6,767426.5,44434.7,100564.6
EH32 9,0.00284443,0.01479011,0.00135558,0.00310384,32598.7,169502.6,15535.6,35571.6
EH39 4,9.064e-05,0.0028051,2.921e-05,6.503e-05,1211.9,37508.0,390.6,869.5
EH39 5,0.0003703,0.00174052,0.00026866,0.00058431,45971.2,216079.3,33353.2,72540.5
EH4 5,0.00061037,0.00127129,0.00024274,0.000624,3974.7,8278.6,1580.7,4063.5
EH4 6,0.00132805,0.00853121,0.0005941,0.00140558,13340.5,85697.7,5967.8,14119.4
EH42 1,0.00055805,0.0025558,0.00046643,0.00123545,96777.3,443232.0,80889.0,214254.2
EH49 7,0.00074186,0.00602874,0.00036707,0.00095301,25025.0,203365.9,12382.4,32147.7
EH5 1,0.00043799,0.00145392,0.00024073,0.00046779,6295.4,20897.5,3460.1,6723.7
EH51 9,0.00121993,0.00595489,0.00046614,0.00123799,18684.5,91205.5,7139.4,18961.2
EH7 6,1.182e-05,0.00015956,0.0,0.0,32.1,433.7,0.0,0.0
G82 5,0.00054369,0.00414125,0.00025147,0.00066016,19726.1,150252.6,9123.8,23951.9
G83 7,1.191e-05,5.941e-05,8.58e-06,2.263e-05,3014.1,15040.8,2172.2,5729.0
G84 0,0.00015913,0.00072631,0.00011343,0.0002617,18344.8,83732.0,13077.2,30170.1
G84 7,9.97e-06,0.00043119,6.82e-06,1.128e-05,121.5,5257.7,83.1,137.6
G84 8,1.574e-05,0.00022071,5.09e-06,1.358e-05,635.0,8904.1,205.2,548.0
HS1 2,0.00028162,0.00157523,0.0001677,0.00044944,2323.9,12998.7,1383.8,3708.8
HS2 0,0.0001549,0.00094571,8.881e-05,0.00023608,117247.4,715816.2,67223.0,178693.3
HS2 9,3.049e-05,0.00017733,2.142e-05,5.889e-05,44992.3,261697.5,31617.1,86905.8
HS3 3,0.00013486,0.00060404,9.381e-05,0.00024874,117029.5,524162.4,81405.7,215844.1
HS5 3,2.919e-05,0.00026746,9.69e-06,2.452e-05,2529.5,23176.3,839.3,2124.6
HS6 5,0.00179338,0.00791916,0.00133329,0.00348392,1415580.9,6250887.2,1052411.8,2749986.6
HS7 5,0.00135038,0.00394195,0.00104652,0.00183207,226111.9,660053.5,175232.8,306767.4
HS8 5,0.00091251,0.00643442,0.00047544,0.00124639,547650.9,3861678.8,285337.9,748034.8
HS9 5,0.00018428,0.00091101,0.00012524,0.00032587,65521.2,323910.6,44527.7,115862.9
IV1 3,0.00021969,0.00106811,0.00015818,0.00040806,8091.9,39342.7,5826.5,15030.6
IV10 8,0.00080291,0.00192936,0.00056727,0.00093042,38189.2,91767.5,26981.3,44254.1
IV11 8,0.00151568,0.00303446,0.0006061,0.00144632,88219.0,176617.9,35277.4,84181.7
IV12 4,0.00234841,0.01096868,0.00148199,0.00346702,19931.4,93093.1,12577.9,29425.2
IV12 5,4.784e-05,0.00038849,1.276e-05,3.911e-05,18354.6,149063.3,4895.2,15008.2
IV16 9,2.543e-05,0.00021487,1.564e-05,4.136e-05,2248.5,19001.8,1382.8,3657.2
IV17 0,4.6e-07,6.41e-06,6e-08,2.9e-07,125.6,1762.6,17.8,79.4
IV18 0,0.00014244,0.00194189,5.286e-05,0.00016353,15691.4,213924.9,5823.6,18015.4
IV19 1,0.00111075,0.00580579,0.00075596,0.00195754,246630.6,1289115.1,167852.0,434651.7
IV2 7,0.00183935,0.01104509,0.00075675,0.00216623,225739.9,1355541.8,92874.3,265857.6
IV20 1,0.00112156,0.00574877,0.00067437,0.00159753,185355.3,950076.0,111450.3,264017.2
IV21 2,0.00027165,0.00113974,0.00018675,0.00047822,67656.0,283862.9,46511.8,119105.3
IV22 2,6.59e-05,0.00024871,4.958e-05,0.00011167,89984.3,339593.3,67699.3,152470.1
IV23 2,3.535e-05,0.0001153,2.853e-05,7.155e-05,43166.4,140784.7,34840.2,87359.9
IV24 3,0.00011776,0.00061049,8.151e-05,0.00020886,56120.8,290930.9,38845.3,99533.1
IV25 3,0.00159491,0.00936796,0.00097944,0.00262266,285698.2,1678089.7,175448.2,469799.2
IV26 2,2.972e-05,0.0001356,2.078e-05,4.985e-05,18809.0,85825.8,13149.7,31550.8
IV27 4,6.789e-05,0.00026121,5.116e-05,0.00012666,268737.7,1034018.8,202520.8,501386.2
IV3 8,0.00028076,0.00190776,0.00019103,0.00051895,26717.2,181544.5,18178.2,49384.0
IV30 5,0.00075625,0.00517167,0.00033008,0.00087186,63569.1,434721.9,27746.1,73287.3
IV30 8,0.00028416,0.00140851,0.00018033,0.00046067,63244.8,313490.4,40135.9,102529.7
IV31 6,0.00384985,0.01408079,0.00345019,0.00916127,189963.9,694790.8,170243.1,452046.1
IV32 7,0.00129425,0.00594954,0.00084193,0.00215217,144541.7,664444.0,94026.3,240353.8
IV36 2,0.00047808,0.00221232,0.00033253,0.00089714,169345.2,783639.1,117786.2,317780.0
IV36 3,0.00728789,0.02956345,0.00571909,0.01466699,377471.6,1531219.2,296216.3,759666.9
IV40 8,0.00015236,0.00045868,0.00012589,0.00028386,154252.9,464383.5,127453.2,287391.6
IV41 8,0.0006565,0.00261302,0.00052621,0.0012977,16183.5,64413.8,12971.7,31989.8
IV42 8,0.00016528,0.00084829,0.00013297,0.00035932,14529.9,74573.1,11689.4,31587.3
IV43 8,6.158e-05,0.00024098,4.597e-05,0.00010497,4675.6,18298.4,3490.5,7970.6
IV44 8,0.0002789,0.0010227,0.00023709,0.00053934,21858.3,80152.6,18581.8,42270.1
IV45 8,4.3e-06,3.853e-05,2.77e-06,7.15e-06,341.6,3063.3,220.2,568.2
IV46 8,2.473e-05,0.00010527,1.421e-05,2.993e-05,1013.4,4313.7,582.4,1226.2
IV47 8,6.11e-05,0.00018756,4.757e-05,0.00010717,20989.8,64437.2,16344.4,36818.1
IV48 8,0.00017378,0.00117627,0.00012894,0.00021744,2828.3,19144.8,2098.6,3539.1
IV49 9,0.00034624,0.00143048,0.00022028,0.00053447,95006.5,392511.9,60442.3,146653.8
IV5 7,0.00028922,0.00175675,0.00017289,0.00043262,9177.8,55747.8,5486.4,13728.6
IV51 9,5.622e-05,0.00024062,3.895e-05,9.76e-05,47143.6,201774.7,32661.8,81839.8
IV52 8,0.00018701,0.00082165,0.00013767,0.00035062,8391.9,36870.9,6178.0,15733.7
IV53 8,0.00017329,0.00056584,0.0001474,0.00037527,7894.7,25779.0,6715.4,17096.7
IV54 8,0.00010202,0.00034617,8.189e-05,0.00019109,77973.3,264579.4,62591.9,146053.1
IV55 8,1.286e-05,9.438e-05,7.88e-06,2.253e-05,6454.4,47378.1,3957.7,11308.1
IV56 8,1.726e-05,8.651e-05,1.301e-05,3.317e-05,1994.8,10000.5,1503.9,3835.0
IV6 7,4.079e-05,0.00012405,3.342e-05,7.5e-05,12491.8,37986.1,10232.3,22967.5
IV7 8,0.00021529,0.00109276,0.00014865,0.00039969,30721.0,155934.9,21212.7,57034.7
IV9 8,0.00088156,0.00231074,0.00032527,0.00060226,28312.8,74213.2,10446.7,19342.6
KA10 6,0.00060293,0.00580663,0.00022431,0.00054862,24871.9,239534.1,9253.3,22631.4
KA11 5,0.00140673,0.00978354,0.00071996,0.00184945,18154.4,126259.9,9291.3,23867.8
KA12 8,0.00078001,0.00531187,0.00038509,0.00096112,15856.3,107980.6,7828.3,19537.7
KA19 8,0.00023917,0.00127741,0.00012151,0.00029353,23493.7,125478.6,11936.0,28832.9
KA20 3,0.00456805,0.01427343,0.00378654,0.0095771,67917.7,212217.1,56298.1,142392.0
KA21 5,0.00072645,0.00364871,0.00050725,0.00127117,7054.5,35432.2,4925.8,12344.1
KA22 8,0.00063582,0.0047637,0.00028207,0.00070424,16031.0,120108.1,7111.8,17756.2
KA23 9,0.00070845,0.00397869,0.00045016,0.00115734,40896.5,229677.9,25986.4,66809.6
KA26 0,0.00058085,0.00172981,0.00053018,0.00130291,278893.3,830566.9,254567.0,625592.4
KA26 9,0.00038764,0.0019057,0.00022389,0.00054623,74387.7,365703.2,42963.9,104820.5
KA27 8,0.00023682,0.00095267,0.00016564,0.00042292,152054.8,611674.2,106348.7,271540.4
KA29 0,0.00029699,0.00126918,0.00019641,0.00050168,7361.1,31457.3,4868.0,12434.4
KA30 8,0.00026502,0.00095287,0.00021032,0.00054492,20007.8,71937.7,15878.5,41139.0
KA7 1,0.00058964,0.00668984,0.00011376,0.00028178,3187.1,36159.6,614.9,1523.1
KA7 2,3.9e-07,0.00183473,0.0,0.0,1.0,4770.6,0.0,0.0
KA7 4,0.00048476,0.00254878,0.00019914,0.00048517,28880.7,151851.4,11864.6,28905.5
KA8 8,0.00032757,0.00328924,0.00014297,0.00035847,1402.7,14085.6,612.2,1535.1
KA9 1,0.00110906,0.00724781,0.00032102,0.00079254,14902.3,97388.2,4313.5,10649.2
KA9 2,0.0,0.00017317,0.0,0.0,0.0,4074.2,0.0,0.0
KW1 4,0.00019601,0.00122509,0.00011032,0.00028573,64469.7,402937.0,36283.1,93979.1
KW10 6,0.00173038,0.0061681,0.00127978,0.00291788,122542.6,436813.1,90631.9,206639.1
KW14 7,0.00012824,0.00039108,9.882e-05,0.00019272,84452.4,257542.8,65074.4,126911.5
KW14 8,0.00239295,0.00487398,0.00234132,0.00445872,549848.4,1119936.1,537984.4,1024517.8
KW15 1,0.00062411,0.00315593,0.00038866,0.00096311,67282.9,340229.1,41900.0,103829.6
KW16 3,0.00055498,0.00240161,0.00039935,0.00102541,285784.7,1236689.5,205642.9,528027.8
KW17 2,0.00065442,0.00436422,0.00027549,0.00074891,1244604.5,8300083.8,523937.3,1424318.4
KW3 6,4.84e-06,3.181e-05,2.82e-06,7.77e-06,506.1,3327.8,295.1,812.5
KW5 6,7.878e-05,0.00034378,4.524e-05,0.00011319,9236.8,40307.9,5304.0,13271.5
KW6 6,4.794e-05,0.0002132,3.035e-05,7.303e-05,11524.8,51253.4,7295.1,17555.6
KW7 6,3.321e-05,0.00010233,2.833e-05,7.008e-05,2305.9,7104.5,1966.5,4865.6
KW8 6,0.00041121,0.00170678,0.00031685,0.00080147,129147.0,536043.8,99511.5,251716.2
KW9 6,0.00035523,0.00222716,0.00020237,0.00053723,63502.8,398133.9,36176.2,96036.7
KY1 1,0.00275459,0.00921479,0.00236798,0.00581054,29005.6,97031.0,24934.6,61184.5
KY1 2,0.00381494,0.00882659,0.00307326,0.00580191,52256.2,120904.8,42096.8,79473.3
KY1 4,0.00175972,0.0038008,0.00145665,0.0026285,58202.0,125710.0,48178.0,86936.4
KY10 2,4.811e-05,0.00043623,3.085e-05,7.982e-05,2171.6,19690.5,1392.5,3603.1
KY10 3,0.00041093,0.00348204,0.00014525,0.00038074,30373.2,257367.6,10735.8,28141.7
KY11 1,0.00021453,0.00051792,0.000162,0.00041545,2455.4,5927.9,1854.1,4755.1
KY11 3,0.00021186,0.00148166,0.00010679,0.00027275,4228.2,29570.1,2131.2,5443.3
KY11 9,0.00032925,0.00130127,0.00024216,0.00062393,4943.2,19536.5,3635.7,9367.3
KY16 0,0.01041749,0.03705759,0.009762,0.03085828,696398.5,2477262.4,652580.0,2062844.8
KY16 8,0.00032777,0.00148882,0.00016461,0.00040717,36427.6,165465.8,18294.7,45251.9
KY16 9,0.00429732,0.01517779,0.00358098,0.00830005,186685.6,659358.8,155566.4,360573.6
KY3 0,0.00065706,0.00315027,0.00046341,0.00106561,26024.0,124771.9,18354.3,42205.3
KY3 9,0.00058096,0.00192367,0.00039125,0.00087114,23368.0,77376.4,15737.6,35040.1
KY8 1,0.00133955,0.00484378,0.00094981,0.00226639,9881.6,35731.5,7006.6,16718.6
KY8 4,0.00104793,0.00668413,0.00056224,0.0014601,7002.4,44664.0,3757.0,9756.6
KY8 5,9.303e-05,0.00092165,3.811e-05,9.431e-05,6628.3,65663.5,2715.4,6719.2
KY8 6,0.00243804,0.01867982,0.00043099,0.00108164,49654.9,380447.1,8777.8,22029.4
KY9 1,0.00084525,0.00480175,0.00057404,0.00142028,53038.1,301302.4,36020.1,89120.6
PA14 6,0.00031243,0.00193755,0.00014894,0.00037473,7527.5,46683.0,3588.5,9028.7
PA16 0,0.00010228,0.00045542,7.919e-05,0.00017261,2800.8,12471.5,2168.5,4726.9
PA17 5,0.00013192,0.00052031,0.00011038,0.00028486,3970.6,15660.5,3322.2,8573.7
PA18 6,0.00010837,0.00035737,9.793e-05,0.00025984,1449.9,4781.3,1310.2,3476.3
PA19 1,0.00021494,0.00072093,0.00019915,0.00055444,4310.4,14457.2,3993.6,11118.5
PA20 0,0.00031041,0.00208907,0.0001575,0.00043183,37361.0,251443.5,18957.2,51976.2
PA20 9,6.85e-05,0.00050805,4.609e-05,0.00011986,7549.3,55990.7,5079.5,13209.5
PA21 2,7.252e-05,0.0007486,3.489e-05,9.652e-05,14793.0,152696.5,7117.5,19687.8
PA22 3,0.00016107,0.00062533,0.00012142,0.0003153,30420.7,118107.2,22933.2,59551.9
PA23 7,0.0006182,0.00196526,0.00050324,0.0011232,75188.1,239021.8,61205.3,136606.9
PA23 8,8.17e-05,0.0003205,5.866e-05,0.00015242,17268.1,67743.4,12399.4,32216.1
PA24 8,0.00016093,0.00052847,0.00013354,0.00030461,17899.8,58779.6,14852.9,33880.2
PA26 8,5.058e-05,0.00024384,3.156e-05,8.21e-05,6781.0,32691.3,4231.7,11006.9
PA27 8,5.612e-05,0.00022106,3.878e-05,9.038e-05,7203.7,28375.9,4977.5,11601.0
PA28 6,0.00029665,0.0011521,0.00023342,0.00058207,206548.4,802177.0,162526.7,405283.6
PA29 6,0.00046123,0.00129292,0.000334,0.00066901,290630.9,814690.1,210460.7,421552.6
PA30 8,0.00011743,0.00046273,8.81e-05,0.00022415,5757.3,22687.7,4319.7,10989.8
PA31 8,0.00011341,0.00057274,7.456e-05,0.00019541,90728.5,458208.0,59651.0,156331.4
PA32 8,5.712e-05,0.0002537,4.066e-05,0.00010735,14205.6,63096.5,10111.5,26698.5
PA34 4,0.00011149,0.00040996,8.675e-05,0.00020663,60055.4,220827.7,46727.2,111300.9
PA34 5,5.259e-05,0.0002899,2.869e-05,7.776e-05,7125.9,39279.2,3888.0,10536.3
PA35 1,0.00015172,0.00045959,0.00012954,0.00031019,64751.0,196138.3,55285.0,132376.7
PA37 1,0.000582,0.0030415,0.00039013,0.00099095,101591.0,530905.5,68099.0,172974.3
PA38 4,0.00030921,0.00141347,0.00021737,0.00056409,84367.3,385660.1,59309.7,153909.0
PA42 7,0.00098013,0.00305499,0.00090513,0.00237618,321934.0,1003446.9,297301.1,780483.3
PA43 7,0.00197714,0.00855954,0.00141859,0.00363978,92317.7,399667.7,66237.7,169951.1
PA44 7,0.00121261,0.00424581,0.00095524,0.00222065,265351.3,929092.1,209030.2,485935.6
PA45 7,0.00013725,0.00037779,0.00010731,0.00022425,11162.0,30724.0,8727.3,18237.7
PA46 7,0.00020742,0.0009749,0.00015927,0.00039808,34612.4,162683.4,26577.3,66429.2
PA47 7,9.193e-05,0.00039059,5.631e-05,0.00013013,5634.2,23938.2,3450.9,7975.4
PA48 7,1.965e-05,0.00015109,1.249e-05,2.632e-05,1149.1,8838.0,730.7,1539.7
PA49 7,0.00062613,0.00244485,0.00046123,0.00121018,36827.7,143800.3,27128.2,71180.1
PA60 7,0.00012498,0.00057011,9.245e-05,0.0002274,60494.5,275949.2,44748.6,110067.5
PA61 7,0.00059722,0.00262119,0.00037962,0.00092603,93116.6,408687.2,59189.5,144384.4
PA65 6,6.904e-05,0.00019555,6.582e-05,0.00017808,11582.7,32806.2,11041.9,29876.1
PA67 6,1.308e-05,5.405e-05,1.04e-05,2.137e-05,1585.3,6549.9,1260.4,2590.0
PA68 6,9.96e-06,7.728e-05,7.66e-06,2.081e-05,865.0,6712.1,665.5,1807.6
PA69 6,5.396e-05,0.00024237,3.979e-05,8.6e-05,2174.9,9769.7,1603.9,3466.5
PA7 5,0.00010215,0.00108771,2.184e-05,5.362e-05,1704.9,18153.2,364.5,895.0
PA70 6,3.3e-07,3.73e-06,1.7e-07,4.5e-07,69.5,782.1,35.8,95.0
PA71 6,0.00010859,0.00042285,9.349e-05,0.00022514,5933.7,23106.2,5108.9,12302.7
PA72 6,6.623e-05,0.00022622,5.522e-05,0.00013367,10173.8,34751.0,8483.2,20533.7
PA75 6,7e-07,2.751e-05,4e-07,9.8e-07,173.7,6780.4,99.6,242.2
PA77 6,0.00187521,0.00687465,0.00159327,0.00392528,453207.9,1661488.5,385066.4,948674.4
PA78 6,0.00140529,0.0046731,0.00127639,0.00344188,265023.5,881301.8,240715.3,649104.1
PA80 5,7.356e-05,0.0002835,5.482e-05,0.00013291,26180.0,100897.4,19509.3,47301.2
PH33 6,0.00019234,0.00056622,0.00016802,0.00037782,42134.5,124035.0,36805.9,82764.9
PH33 7,0.00020725,0.00071037,0.00017732,0.00041196,117651.7,403260.2,100660.2,233862.7
PH35 4,2.267e-05,6.267e-05,2.038e-05,4.811e-05,13880.4,38361.1,12477.0,29453.1
PH36 4,0.00014261,0.00045676,0.00012238,0.00030864,87549.0,280414.0,75131.9,189477.9
PH38 4,0.00016667,0.00043666,0.00014473,0.00031927,34180.1,89550.0,29681.6,65476.3
PH39 4,0.00017059,0.00069032,0.00011225,0.00027115,18284.9,73993.1,12031.3,29063.2
PH40 4,0.00018356,0.00064338,0.00013525,0.00033202,22861.2,80126.7,16844.4,41350.1
PH41 4,8.984e-05,0.00027702,7.724e-05,0.00016717,31856.3,98226.2,27388.7,59273.8
PH49 4,0.00010647,0.00035138,9.526e-05,0.00024253,40451.6,133506.6,36194.6,92148.2
PH50 4,3.64e-06,1.523e-05,2.76e-06,7.11e-06,718.6,3003.6,544.1,1402.2
TD13 5,9.878e-05,0.00071802,3.675e-05,9.234e-05,8346.4,60668.1,3104.8,7801.9
TD14 5,2.946e-05,0.00018066,1.546e-05,3.96e-05,5170.9,31713.2,2713.1,6951.8
ZE1 0,6.674e-05,0.00029678,4.698e-05,0.00012147,5644.2,25097.7,3973.1,10272.0
ZE2 9,0.00011918,0.00053575,9.161e-05,0.0002446,351996.2,1582386.2,270580.4,722436.0
ZE3 9,0.00054893,0.00304781,0.00037918,0.00106851,31717.3,176102.5,21909.3,61738.4
