name,f_high,f_low,f_top
AB10,0.068582,0.131909,0.036106
AB11,0.076697,0.100730,0.040378
AB12,0.004522,0.004792,0.002380
AB13,0.004579,0.006350,0.002411
AB14,0.034046,0.047620,0.017924
AB15,0.038264,0.057340,0.020145
AB16,0.000716,0.000993,0.000377
AB21,0.018667,0.027325,0.009827
AB22,0.010229,0.010842,0.005385
AB23,0.007182,0.007780,0.003781
AB24,0.003163,0.003427,0.001665
AB25,0.074999,0.098654,0.039484
AB30,0.031212,0.034799,0.016432
AB31,0.012856,0.022199,0.006768
AB32,0.004035,0.009797,0.002124
AB33,0.019070,0.023237,0.010040
AB34,0.036128,0.057404,0.019020
AB35,0.141942,0.315344,0.074727
AB36,0.052977,0.056149,0.027891
AB37,0.033173,0.035159,0.017464
AB38,0.113533,0.131282,0.059771
AB39,0.103880,0.106069,0.054689
AB41,0.012680,0.014137,0.006675
AB42,0.008399,0.009365,0.004422
AB43,0.007161,0.008725,0.003770
AB44,0.015451,0.016739,0.008135
AB45,0.021610,0.033113,0.011377
AB51,0.027796,0.041228,0.014633
AB52,0.050183,0.050970,0.026420
AB53,0.010785,0.011089,0.005678
AB54,0.020193,0.024981,0.010631
AB55,0.012527,0.015264,0.006595
AB56,0.026630,0.033023,0.014020
AL1,0.000063,0.001992,0.000045
AL2,0.020472,0.031448,0.015012
AL3,0.002172,0.004355,0.001102
AL4,0.002624,0.007799,0.002600
AL5,0.001022,0.001097,0.001003
AL6,0.000130,0.009915,0.000094
AL7,0.000079,0.000171,0.000057
AL8,0.000160,0.000346,0.000115
AL9,0.011491,0.023007,0.006913
AL10,0.000087,0.004075,0.000063
B1,0.000730,0.001497,0.000402
B2,0.001529,0.003135,0.000842
B3,0.001259,0.002580,0.000693
B4,0.012241,0.013555,0.011678
B5,0.122928,0.137337,0.101906
B6,0.094390,0.112264,0.079322
B7,0.043361,0.069032,0.021721
B8,0.008846,0.016019,0.000212
B9,0.030956,0.036625,0.005381
B10,0.000692,0.001420,0.000381
B11,0.000378,0.032337,0.000208
B12,0.016965,0.031891,0.016753
B13,0.000346,0.002226,0.000190
B14,0.002849,0.006991,0.000160
B15,0.002623,0.005272,0.000268
B16,0.000483,0.000990,0.000266
B17,0.009236,0.013193,0.003755
B18,0.009395,0.018816,0.002501
B19,0.009211,0.059841,0.006809
B20,0.004051,0.004486,0.000228
B21,0.004995,0.012258,0.002523
B23,0.002737,0.009173,0.001383
B24,0.000391,0.009377,0.000215
B25,0.000844,0.001730,0.000464
B26,0.008921,0.029807,0.007040
B27,0.005040,0.010106,0.000284
B28,0.000369,0.000757,0.000203
B29,0.005252,0.021698,0.003882
B30,0.015380,0.027445,0.005209
B31,0.006263,0.009070,0.006175
B32,0.000305,0.000624,0.000168
B33,0.003252,0.003602,0.003103
B34,0.000658,0.001350,0.000362
B35,0.204093,0.438224,0.000418
B36,0.075217,0.087529,0.061438
B37,0.000310,0.001999,0.000171
B38,0.000470,0.003025,0.000259
B40,0.007348,0.015067,0.004045
B42,0.005217,0.073693,0.000294
B43,0.000404,0.004374,0.000222
B44,0.000353,0.000723,0.000194
B45,0.004533,0.007678,0.002985
B46,0.021532,0.036773,0.006580
B47,0.012658,0.017518,0.012256
B48,0.005409,0.006463,0.004958
B49,0.057781,0.075789,0.005287
B50,0.005338,0.015074,0.004893
B60,0.009196,0.014589,0.005249
B61,0.017827,0.027584,0.012298
B62,0.000405,0.000830,0.000223
B63,0.002849,0.010827,0.002718
B64,0.002574,0.003076,0.002359
B65,0.002321,0.006554,0.000237
B66,0.002192,0.004405,0.002010
B67,0.000433,0.000888,0.000238
B68,0.008627,0.009022,0.008458
B69,0.011572,0.058322,0.010022
B70,0.001531,0.001829,0.001403
B71,0.007479,0.030711,0.000179
B72,0.000915,0.001876,0.000504
B73,0.022682,0.037307,0.016415
B74,0.000295,0.000606,0.000163
B75,0.000345,0.000707,0.000190
B76,0.002286,0.017630,0.002096
B77,0.006240,0.009486,0.001128
B78,0.014131,0.037469,0.003255
B79,0.008796,0.095292,0.003002
B80,0.005225,0.014753,0.004789
B90,0.002078,0.006033,0.001983
B91,0.002893,0.005801,0.001462
B92,0.020385,0.036770,0.013555
B93,0.000447,0.004837,0.000246
B94,0.006223,0.006891,0.003144
B95,0.058090,0.092046,0.051738
B96,0.014095,0.019507,0.013648
B97,0.001657,0.011427,0.000169
B98,0.006494,0.019214,0.003882
BA1,0.035338,0.102875,0.006312
BA2,0.052087,0.084572,0.013283
BA3,0.008245,0.017995,0.004871
BA4,0.022114,0.029772,0.019374
BA5,0.056040,0.075888,0.014428
BA6,0.044201,0.064782,0.011185
BA7,0.002205,0.013074,0.000888
BA8,0.010862,0.012617,0.009591
BA9,0.006546,0.018130,0.003148
BA10,0.033268,0.050714,0.021519
BA11,0.016642,0.031502,0.012977
BA12,0.013526,0.032218,0.009778
BA13,0.013078,0.019860,0.006466
BA14,0.005550,0.014002,0.002369
BA15,0.017645,0.037192,0.006645
BA16,0.006477,0.012732,0.005719
BA20,0.024651,0.036243,0.019734
BA21,0.003169,0.007502,0.001524
BA22,0.028961,0.038088,0.018738
BB1,0.001947,0.027354,0.000234
BB2,0.019988,0.046640,0.005306
BB3,0.027722,0.054540,0.016632
BB4,0.043630,0.115460,0.029819
BB5,0.008908,0.050908,0.003497
BB6,0.009031,0.031383,0.000777
BB7,0.043826,0.072769,0.026128
BB8,0.033720,0.048571,0.020740
BB9,0.043139,0.077402,0.027983
BB10,0.000562,0.040331,0.000336
BB11,0.017862,0.045784,0.012686
BB12,0.028938,0.051956,0.021626
BB18,0.047176,0.075775,0.029677
BD1,0.182591,0.200175,0.160444
BD2,0.005904,0.010271,0.004368
BD3,0.000700,0.001147,0.000449
BD4,0.000422,0.000692,0.000271
BD5,0.000671,0.001100,0.000431
BD6,0.000543,0.002215,0.000349
BD7,0.000637,0.002597,0.000409
BD8,0.005345,0.010458,0.003547
BD9,0.000747,0.001225,0.000479
BD10,0.006050,0.016011,0.005848
BD11,0.001247,0.002044,0.000800
BD12,0.008740,0.014010,0.002041
BD13,0.003501,0.008904,0.000270
BD14,0.005445,0.006457,0.004877
BD15,0.003053,0.007949,0.002734
BD16,0.017299,0.035621,0.012321
BD17,0.025601,0.052531,0.017571
BD18,0.007442,0.010553,0.005864
BD19,0.020527,0.045117,0.014620
BD20,0.029792,0.061635,0.016736
BD21,0.048063,0.079732,0.013272
BD22,0.007730,0.013486,0.006676
BD23,0.066910,0.098279,0.042710
BD24,0.041890,0.086257,0.021114
BH1,0.000458,0.001430,0.000306
BH2,0.000938,0.002933,0.000627
BH3,0.001606,0.005020,0.001074
BH4,0.001010,0.003156,0.000675
BH5,0.000910,0.002844,0.000608
BH6,0.004155,0.016230,0.004007
BH7,0.000795,0.005807,0.000532
BH8,0.005014,0.007350,0.000248
BH9,0.000354,0.001106,0.000237
BH10,0.023137,0.044892,0.019206
BH11,0.004217,0.008942,0.004068
BH12,0.000335,0.006650,0.000224
BH13,0.016901,0.024993,0.010194
BH14,0.000401,0.009628,0.000268
BH15,0.037846,0.078533,0.013967
BH16,0.002902,0.004094,0.000375
BH17,0.000541,0.003955,0.000362
BH18,0.000774,0.002421,0.000518
BH19,0.046940,0.047850,0.045009
BH20,0.011459,0.016339,0.011349
BH21,0.016717,0.099137,0.003559
BH22,0.004537,0.012252,0.004426
BH23,0.018913,0.115620,0.014334
BH24,0.032677,0.070670,0.028842
BH25,0.004106,0.006018,0.002738
BH31,0.003885,0.005480,0.003636
BL0,0.066353,0.066715,0.028039
BL1,0.016891,0.032624,0.016274
BL2,0.002840,0.003884,0.002747
BL3,0.002383,0.003984,0.000855
BL4,0.000340,0.000589,0.000213
BL5,0.000404,0.002111,0.000252
BL6,0.021350,0.048640,0.015224
BL7,0.006307,0.018223,0.006101
BL8,0.002328,0.006613,0.001200
BL9,0.033550,0.060981,0.016802
BN1,0.000240,0.000575,0.000162
BN2,0.015260,0.015572,0.015188
BN3,0.002365,0.002715,0.001579
BN5,0.004533,0.012886,0.004148
BN6,0.011750,0.017337,0.008371
BN7,0.035762,0.145068,0.011622
BN8,0.001928,0.008326,0.001764
BN9,0.134180,0.171078,0.029143
BN10,0.000650,0.001559,0.000439
BN11,0.067307,0.090477,0.067189
BN12,0.032352,0.035967,0.026397
BN13,0.001753,0.014040,0.000311
BN14,0.000473,0.001134,0.000319
BN15,0.009860,0.163342,0.007024
BN16,0.024552,0.028077,0.024436
BN17,0.032844,0.126752,0.024922
BN18,0.042975,0.060768,0.024136
BN20,0.000479,0.001149,0.000324
BN21,0.001580,0.002160,0.001445
BN22,0.007575,0.014127,0.007438
BN23,0.011902,0.012611,0.011738
BN24,0.041830,0.137731,0.041535
BN25,0.018439,0.093408,0.001398
BN26,0.006284,0.018451,0.004195
BN27,0.004074,0.006411,0.003031
BN41,0.019205,0.023115,0.018904
BN42,0.001525,0.007952,0.001031
BN43,0.031392,0.157107,0.017735
BN44,0.037116,0.060405,0.004445
BN45,0.005733,0.013756,0.003873
BR1,0.005662,0.008426,0.002055
BR2,0.058264,0.061373,0.057202
BR3,0.045429,0.070781,0.031845
BR4,0.008921,0.009223,0.008749
BR5,0.003582,0.006881,0.002453
BR6,0.002153,0.002256,0.002094
BR7,0.002996,0.003244,0.002855
BR8,0.000779,0.001013,0.000646
BS1,0.039834,0.432642,0.010027
BS2,0.064168,0.240129,0.027249
BS3,0.018142,0.053334,0.007460
BS4,0.015066,0.027662,0.008416
BS5,0.016508,0.034035,0.004744
BS6,0.005665,0.011742,0.005376
BS7,0.000451,0.001298,0.000174
BS8,0.001751,0.021904,0.001464
BS9,0.006107,0.008019,0.003576
BS10,0.020896,0.024318,0.015504
BS11,0.002356,0.013912,0.001971
BS13,0.011926,0.028078,0.010369
BS14,0.001845,0.002766,0.000189
BS15,0.012489,0.014818,0.012295
BS16,0.004644,0.010933,0.001557
BS20,0.012306,0.014301,0.007291
BS21,0.004810,0.017226,0.004491
BS22,0.004548,0.021941,0.000145
BS23,0.172707,0.344731,0.012164
BS24,0.020115,0.096696,0.011400
BS25,0.004586,0.010239,0.003836
BS26,0.013950,0.049963,0.008877
BS27,0.062458,0.122713,0.035933
BS28,0.028529,0.036059,0.023046
BS29,0.028141,0.064781,0.007350
BS30,0.005636,0.022017,0.004056
BS31,0.016395,0.050564,0.013188
BS32,0.000830,0.002388,0.000320
BS34,0.002753,0.003544,0.001328
BS35,0.009687,0.036896,0.006762
BS36,0.000699,0.003940,0.000269
BS37,0.010249,0.035649,0.004094
BS39,0.010050,0.012703,0.004959
BS40,0.022352,0.028745,0.019316
BS41,0.010986,0.018796,0.009950
BS48,0.003071,0.003955,0.002782
BS49,0.001003,0.047205,0.000386
CA1,0.001186,0.208648,0.000750
CA2,0.049871,0.165621,0.037047
CA3,0.010962,0.037314,0.004728
CA4,0.025760,0.037630,0.015104
CA5,0.026282,0.066303,0.020138
CA6,0.023793,0.044068,0.015813
CA7,0.038717,0.074283,0.027141
CA8,0.025082,0.039213,0.023039
CA9,0.014168,0.028901,0.007610
CA10,0.033631,0.058932,0.024740
CA11,0.020687,0.039659,0.010437
CA12,0.132002,0.204412,0.103614
CA13,0.089673,0.126471,0.036160
CA14,0.011491,0.047173,0.009713
CA15,0.048774,0.107906,0.031341
CA16,0.055357,0.079525,0.029795
CA17,0.023388,0.047225,0.018184
CA18,0.083930,0.103660,0.055366
CA19,0.008828,0.030281,0.005585
CA20,0.031816,0.068848,0.025782
CA21,0.048717,0.064293,0.043710
CA22,0.052031,0.069242,0.036942
CA23,0.040611,0.103921,0.037543
CA24,0.013394,0.028701,0.008474
CA25,0.011334,0.027203,0.010169
CA26,0.005712,0.012240,0.003614
CA27,0.010358,0.022196,0.006553
CA28,0.091428,0.110880,0.040671
CB1,0.002679,0.005063,0.002395
CB2,0.004998,0.011394,0.004469
CB3,0.016917,0.053724,0.011063
CB4,0.020400,0.044885,0.016805
CB5,0.008965,0.044912,0.001022
CB6,0.088970,0.095738,0.002470
CB7,0.053561,0.094229,0.014295
CB8,0.043685,0.048749,0.041508
CB9,0.003041,0.005747,0.000347
CB10,0.012503,0.043514,0.010081
CB11,0.006398,0.015880,0.004116
CB21,0.005723,0.008583,0.002885
CB22,0.033437,0.037146,0.031370
CB23,0.005175,0.007761,0.004867
CB24,0.072660,0.095341,0.054953
CB25,0.017509,0.043623,0.002992
CF3,0.001402,0.194505,0.000139
CF5,0.017647,0.094898,0.001485
CF10,0.005903,0.335864,0.003802
CF11,0.005506,0.819800,0.004002
CF14,0.002679,0.095261,0.002569
CF15,0.014213,0.044910,0.000251
CF23,0.030132,0.063097,0.002439
CF24,0.006140,0.054609,0.000126
CF31,0.000340,0.075817,0.000144
CF32,0.040916,0.067670,0.029643
CF33,0.013248,0.024873,0.006551
CF34,0.042670,0.105090,0.025942
CF35,0.032808,0.084676,0.030441
CF36,0.000728,0.107342,0.000308
CF37,0.011900,0.117880,0.003613
CF38,0.002814,0.010956,0.002434
CF39,0.014597,0.077476,0.001984
CF40,0.002709,0.018846,0.002343
CF41,0.050400,0.159408,0.038368
CF42,0.069057,0.204594,0.018976
CF43,0.001123,0.018690,0.000475
CF44,0.005202,0.037337,0.004048
CF45,0.005112,0.013489,0.004721
CF46,0.017181,0.035651,0.016701
CF47,0.044576,0.089896,0.020676
CF48,0.022891,0.086090,0.000171
CF61,0.021308,0.032465,0.004535
CF62,0.000336,0.002292,0.000142
CF63,0.002802,0.055974,0.000277
CF64,0.019122,0.044291,0.010087
CF71,0.014645,0.068312,0.007242
CF72,0.018043,0.039712,0.010453
CF81,0.003264,0.010209,0.000323
CF82,0.026071,0.095516,0.019341
CF83,0.026241,0.074672,0.004299
CH1,0.065934,0.095548,0.038717
CH2,0.007296,0.019474,0.007177
CH3,0.012695,0.019296,0.012604
CH4,0.011133,0.038771,0.002317
CH5,0.014997,0.165910,0.009686
CH6,0.079804,0.115926,0.017906
CH7,0.019342,0.034952,0.010319
CH8,0.013282,0.085799,0.008819
CH41,0.002868,0.007237,0.000166
CH42,0.000327,0.000892,0.000183
CH43,0.001306,0.003850,0.001197
CH44,0.000295,0.000805,0.000165
CH45,0.008124,0.008645,0.006687
CH46,0.000382,0.010959,0.000213
CH47,0.000649,0.021434,0.000363
CH48,0.000450,0.001227,0.000251
CH49,0.000335,0.000915,0.000187
CH60,0.002592,0.003433,0.000272
CH61,0.000530,0.001446,0.000296
CH62,0.005110,0.008008,0.002571
CH63,0.000278,0.000758,0.000155
CH64,0.007986,0.023863,0.003251
CH65,0.008829,0.011759,0.008705
CH66,0.002209,0.005575,0.002108
CM0,0.028670,0.034394,0.026669
CM1,0.008357,0.024854,0.004863
CM2,0.058953,0.093923,0.007070
CM3,0.007147,0.016805,0.004527
CM4,0.009607,0.012412,0.007058
CM5,0.000628,0.003390,0.000327
CM6,0.005338,0.007612,0.002170
CM7,0.010855,0.023963,0.004672
CM8,0.005918,0.009559,0.002405
CM9,0.053261,0.102636,0.036751
CM11,0.004882,0.009692,0.002453
CM12,0.006504,0.010962,0.004253
CM13,0.006095,0.006452,0.004478
CM14,0.002156,0.004255,0.001926
CM15,0.003789,0.009180,0.003562
CM16,0.008402,0.019930,0.003415
CM17,0.000521,0.000981,0.000271
CM18,0.000638,0.003443,0.000332
CM19,0.008090,0.013635,0.007754
CM20,0.002278,0.004496,0.000262
CM21,0.003929,0.019987,0.003511
CM22,0.011006,0.013197,0.009016
CM23,0.017323,0.044864,0.012936
CM24,0.011525,0.026441,0.011045
CM77,0.011079,0.013702,0.010792
CO1,0.017415,0.078020,0.000322
CO2,0.003495,0.006049,0.003342
CO3,0.007337,0.010152,0.001361
CO4,0.008670,0.011547,0.008548
CO5,0.017798,0.028510,0.013538
CO6,0.011030,0.018266,0.009914
CO7,0.032520,0.042598,0.026405
CO8,0.022877,0.032693,0.014979
CO9,0.026403,0.034463,0.009959
CO10,0.005616,0.017324,0.004323
CO11,0.009120,0.016707,0.005441
CO12,0.044176,0.130640,0.006509
CO13,0.002960,0.006158,0.002634
CO14,0.043361,0.064140,0.038973
CO15,0.015173,0.083451,0.003863
CO16,0.014840,0.052699,0.002617
CR0,0.021531,0.032295,0.019710
CR2,0.034786,0.040052,0.027602
CR3,0.012369,0.012649,0.000427
CR4,0.017134,0.052887,0.000361
CR5,0.000622,0.000925,0.000463
CR6,0.001621,0.002412,0.001206
CR7,0.000716,0.014159,0.000533
CR8,0.063764,0.072884,0.054773
CT1,0.059133,0.105322,0.049567
CT2,0.048875,0.058891,0.044626
CT3,0.018130,0.022479,0.014172
CT4,0.026195,0.045019,0.018688
CT5,0.044132,0.104408,0.027741
CT6,0.046403,0.053418,0.044363
CT7,0.003632,0.011773,0.003217
CT8,0.002396,0.004508,0.001630
CT9,0.017363,0.031293,0.005388
CT10,0.007614,0.008288,0.006000
CT11,0.003006,0.007110,0.002797
CT12,0.004243,0.008375,0.002288
CT13,0.077168,0.262754,0.023687
CT14,0.016519,0.072678,0.007922
CT15,0.002546,0.003350,0.002255
CT16,0.024272,0.076522,0.008393
CT17,0.023386,0.037338,0.017467
CT18,0.005467,0.006518,0.005085
CT19,0.039381,0.049384,0.025239
CT20,0.028860,0.034873,0.011218
CT21,0.068406,0.100676,0.050120
CV1,0.001635,0.116169,0.000155
CV2,0.003365,0.003647,0.001701
CV3,0.001683,0.001953,0.000859
CV4,0.001737,0.009639,0.000164
CV5,0.008945,0.023551,0.008875
CV6,0.000117,0.001676,0.000074
CV7,0.001461,0.006864,0.001381
CV8,0.007827,0.015875,0.007746
CV9,0.006150,0.015501,0.004582
CV10,0.000168,0.004318,0.000106
CV11,0.042398,0.117452,0.021766
CV12,0.004698,0.027404,0.003123
CV13,0.003038,0.003942,0.002872
CV21,0.004414,0.015355,0.002232
CV22,0.003749,0.007704,0.003673
CV23,0.006908,0.015129,0.004599
CV31,0.007778,0.076228,0.002659
CV32,0.011207,0.024808,0.010035
CV33,0.000488,0.007015,0.000309
CV34,0.045353,0.081434,0.027428
CV35,0.009278,0.013676,0.006179
CV36,0.005037,0.008161,0.002573
CV37,0.016476,0.032412,0.009890
CV47,0.003342,0.005415,0.003243
CW1,0.001906,0.012075,0.000046
CW2,0.003933,0.008949,0.001964
CW3,0.003054,0.006471,0.002903
CW4,0.003115,0.003782,0.002960
CW5,0.003147,0.009466,0.003091
CW6,0.000188,0.005947,0.000090
CW7,0.000124,0.001579,0.000060
CW8,0.003676,0.015526,0.002731
CW9,0.013119,0.061404,0.002053
CW10,0.004528,0.007188,0.002260
CW11,0.001368,0.004137,0.001300
CW12,0.018248,0.038531,0.009600
DA1,0.037351,0.122994,0.025463
DA2,0.002290,0.008690,0.002167
DA3,0.000521,0.001404,0.000343
DA4,0.012207,0.067055,0.008132
DA5,0.013901,0.025846,0.013758
DA6,0.000727,0.001958,0.000479
DA7,0.000284,0.000765,0.000187
DA8,0.000292,0.002357,0.000192
DA9,0.000532,0.001432,0.000350
DA10,0.000628,0.001694,0.000414
DA11,0.004890,0.005259,0.000143
DA12,0.011850,0.017480,0.008604
DA13,0.000470,0.001266,0.000309
DA14,0.010090,0.014594,0.009966
DA15,0.004443,0.017279,0.000249
DA16,0.005522,0.006068,0.003679
DA17,0.008950,0.015453,0.000344
DA18,0.002241,0.006040,0.001476
DD1,0.071407,0.090749,0.037593
DD2,0.007492,0.008395,0.003944
DD3,0.005704,0.005824,0.003003
DD4,0.002948,0.004791,0.001552
DD5,0.050119,0.060398,0.026386
DD6,0.006463,0.012172,0.003402
DD7,0.018730,0.034223,0.009861
DD8,0.015284,0.018716,0.008046
DD9,0.021354,0.032998,0.011242
DD10,0.019502,0.041500,0.010267
DD11,0.034597,0.040077,0.018214
DE1,0.065484,0.279312,0.000243
DE3,0.000749,0.001825,0.000308
DE4,0.029937,0.047206,0.022827
DE5,0.008458,0.009450,0.008051
DE6,0.010471,0.022389,0.010208
DE7,0.007388,0.009608,0.006318
DE11,0.000336,0.001764,0.000138
DE12,0.002321,0.008333,0.001963
DE13,0.010429,0.019000,0.008204
DE14,0.001857,0.036804,0.001570
DE15,0.005992,0.006905,0.005618
DE21,0.027266,0.088783,0.012021
DE22,0.003065,0.012664,0.000134
DE23,0.002145,0.003522,0.001044
DE24,0.061386,0.066834,0.004306
DE45,0.124940,0.176058,0.040700
DE55,0.001955,0.004039,0.000951
DE56,0.023391,0.049142,0.017685
DE65,0.020170,0.168502,0.012693
DE72,0.017892,0.061813,0.015302
DE73,0.011535,0.019722,0.005710
DE74,0.015129,0.041997,0.011712
DE75,0.001010,0.002462,0.000415
DG1,0.027201,0.044060,0.014320
DG2,0.024292,0.040143,0.012789
DG3,0.024507,0.029149,0.012902
DG4,0.025840,0.037954,0.013604
DG5,0.098435,0.112658,0.051823
DG6,0.042627,0.054462,0.022441
DG7,0.049325,0.061409,0.025968
DG8,0.076575,0.092275,0.040314
DG9,0.045940,0.060012,0.024186
DG10,0.123130,0.145742,0.064823
DG11,0.039118,0.047133,0.020594
DG12,0.039449,0.069269,0.020768
DG13,0.119845,0.185122,0.063094
DG14,0.020161,0.023430,0.010614
DG16,0.017578,0.019457,0.009254
DH1,0.014984,0.027447,0.011646
DH2,0.004315,0.004442,0.001513
DH3,0.020061,0.028130,0.020004
DH4,0.007359,0.014663,0.002166
DH5,0.007261,0.010925,0.001932
DH6,0.002044,0.004036,0.001051
DH7,0.011200,0.016024,0.007999
DH8,0.000866,0.002447,0.000834
DH9,0.000944,0.001844,0.000909
DL1,0.014934,0.030752,0.001743
DL2,0.017839,0.052165,0.006006
DL3,0.001090,0.004015,0.000996
DL4,0.010171,0.011159,0.003550
DL5,0.002839,0.019757,0.001434
DL6,0.039875,0.078402,0.028007
DL7,0.013982,0.032170,0.007006
DL8,0.017265,0.029478,0.013762
DL9,0.003018,0.003787,0.002760
DL10,0.019304,0.049404,0.009666
DL11,0.008971,0.032942,0.004510
DL12,0.003061,0.011711,0.002916
DL13,0.010465,0.029191,0.005244
DL14,0.012955,0.031079,0.007763
DL15,0.008623,0.014590,0.005711
DL16,0.005302,0.009096,0.005129
DL17,0.000426,0.002816,0.000234
DN1,0.004885,0.018010,0.001994
DN2,0.003382,0.009050,0.001380
DN3,0.082638,0.124392,0.007743
DN4,0.005267,0.020599,0.000609
DN5,0.141679,0.219933,0.019036
DN6,0.025205,0.157447,0.003220
DN7,0.426834,0.503424,0.272847
DN8,0.240589,0.361527,0.054847
DN9,0.012845,0.067660,0.009739
DN10,0.022415,0.064411,0.018666
DN11,0.005823,0.009701,0.004453
DN12,0.004618,0.022161,0.002802
DN14,0.460701,0.526961,0.233814
DN15,0.010277,0.019870,0.004951
DN16,0.002607,0.004340,0.001064
DN17,0.054800,0.129233,0.026201
DN18,0.180572,0.212812,0.093737
DN19,0.292405,0.333178,0.015049
DN20,0.036787,0.065234,0.026226
DN21,0.057337,0.140657,0.003535
DN22,0.032424,0.119460,0.014442
DN31,0.077233,0.344951,0.004233
DN32,0.194201,0.514862,0.001225
DN33,0.003453,0.005749,0.001409
DN34,0.004071,0.056161,0.001662
DN35,0.210628,0.333286,0.118411
DN36,0.047166,0.077130,0.017415
DN37,0.021835,0.090808,0.005550
DN38,0.016085,0.026781,0.006565
DN39,0.014876,0.024768,0.006071
DN40,0.063970,0.152967,0.041518
DN41,0.026944,0.082217,0.006979
DT1,0.004504,0.015578,0.004322
DT2,0.028206,0.035553,0.023737
DT3,0.031645,0.046384,0.022987
DT4,0.033408,0.045575,0.021571
DT5,0.038503,0.042991,0.038074
DT6,0.023988,0.099167,0.014635
DT7,0.028028,0.042811,0.020924
DT8,0.029746,0.063545,0.005192
DT9,0.006047,0.035468,0.003669
DT10,0.002980,0.005988,0.000618
DT11,0.021781,0.042645,0.011429
DY1,0.000229,0.000478,0.000112
DY2,0.000229,0.001812,0.000112
DY3,0.000209,0.001655,0.000102
DY4,0.013735,0.034785,0.000088
DY5,0.001259,0.001460,0.001164
DY6,0.002927,0.005875,0.000113
DY7,0.006050,0.028855,0.003020
DY8,0.009565,0.014006,0.007778
DY9,0.009614,0.012187,0.007158
DY10,0.014373,0.031804,0.002114
DY11,0.018574,0.024061,0.015838
DY12,0.008826,0.038155,0.003557
DY13,0.027625,0.061036,0.014530
DY14,0.005124,0.005426,0.003367
E1,0.000144,0.000612,0.000102
E1W,0.000600,0.008123,0.000424
E2,0.000226,0.000962,0.000160
E3,0.021607,0.027349,0.019839
E4,0.027508,0.052378,0.009604
E5,0.000331,0.016768,0.000234
E6,0.000237,0.321848,0.000168
E7,0.000400,0.001699,0.000282
E8,0.000300,0.001278,0.000212
E9,0.122196,0.132035,0.117698
E10,0.019139,0.080061,0.003673
E11,0.000261,0.001110,0.000185
E12,0.000536,0.206259,0.000379
E13,0.000372,0.044760,0.000263
E14,0.001224,0.001611,0.001189
E15,0.001515,0.027327,0.001437
E16,0.000208,0.025981,0.000147
E17,0.014511,0.036878,0.004208
E18,0.014172,0.032380,0.000414
E20,0.000872,0.011806,0.000616
EC1A,0.000059,0.000059,0.000059
EC1M,0.000042,0.000042,0.000042
EC1N,0.000044,0.000044,0.000044
EC1R,0.000027,0.000027,0.000027
EC1V,0.000015,0.000015,0.000015
EC1Y,0.000041,0.000041,0.000041
EC2A,0.000024,0.000024,0.000024
EC2M,0.000053,0.000053,0.000053
EC2N,0.000136,0.000136,0.000136
EC2R,0.000102,0.000102,0.000102
EC2V,0.000075,0.000075,0.000075
EC2Y,0.000079,0.000079,0.000079
EC3A,0.000103,0.000103,0.000103
EC3M,0.000084,0.000084,0.000084
EC3N,0.010716,0.010716,0.010716
EC3R,0.000080,0.000080,0.000080
EC3V,0.000082,0.000082,0.000082
EC4A,0.000065,0.000065,0.000065
EC4M,0.000073,0.000073,0.000073
EC4N,0.000099,0.000099,0.000099
EC4R,0.000118,0.000118,0.000118
EC4V,0.000063,0.000063,0.000063
EC4Y,0.000055,0.000055,0.000055
EH1,0.001247,0.002146,0.000656
EH2,0.002306,0.003971,0.001214
EH3,0.007872,0.050785,0.004145
EH4,0.008502,0.018127,0.004476
EH5,0.003633,0.004042,0.001913
EH6,0.014115,0.035988,0.007431
EH7,0.000508,0.053144,0.000267
EH8,0.000660,0.001137,0.000348
EH9,0.002628,0.006978,0.001383
EH10,0.000429,0.000738,0.000226
EH11,0.032445,0.086149,0.017081
EH12,0.067676,0.073088,0.035629
EH13,0.011033,0.044534,0.005808
EH14,0.013171,0.027227,0.006934
EH15,0.006935,0.040691,0.003651
EH16,0.009620,0.034064,0.005064
EH17,0.005460,0.005892,0.002875
EH18,0.010952,0.029083,0.005766
EH19,0.000825,0.001421,0.000435
EH20,0.001464,0.002521,0.000771
EH21,0.135785,0.151592,0.071486
EH22,0.003027,0.003266,0.001594
EH23,0.004251,0.005079,0.002238
EH24,0.003727,0.006418,0.001962
EH25,0.002278,0.003922,0.001199
EH26,0.002377,0.002839,0.001251
EH27,0.003925,0.006759,0.002067
EH28,0.008776,0.010483,0.004620
EH29,0.022918,0.038336,0.012066
EH30,0.004238,0.008159,0.002231
EH31,0.003024,0.005208,0.001592
EH32,0.014606,0.016816,0.007689
EH33,0.015200,0.015836,0.008002
EH34,0.003417,0.015142,0.001799
EH35,0.003968,0.006832,0.002089
EH36,0.011903,0.052753,0.006266
EH37,0.012009,0.014345,0.006322
EH38,0.011903,0.020495,0.006266
EH39,0.003184,0.003803,0.001676
EH40,0.015557,0.029947,0.008190
EH41,0.058606,0.076307,0.030854
EH42,0.014166,0.025423,0.007458
EH43,0.071680,0.077348,0.037737
EH44,0.218952,0.285083,0.115270
EH45,0.071062,0.111023,0.037411
EH46,0.026116,0.028181,0.013749
EH47,0.012360,0.017989,0.006507
EH48,0.002523,0.006001,0.001328
EH49,0.014574,0.033490,0.007673
EH51,0.064475,0.087808,0.033944
EH52,0.015799,0.021307,0.008318
EH53,0.001082,0.004796,0.000570
EH54,0.000397,0.012511,0.000209
EH55,0.001218,0.002097,0.000641
EN1,0.000247,0.001004,0.000144
EN2,0.001468,0.005888,0.001358
EN3,0.006238,0.062079,0.004141
EN4,0.014270,0.022383,0.008903
EN5,0.002185,0.008753,0.001110
EN6,0.008424,0.011544,0.008318
EN7,0.000415,0.007359,0.000242
EN8,0.016251,0.164449,0.008147
EN9,0.038996,0.098700,0.018808
EN10,0.013883,0.066725,0.000286
EN11,0.029722,0.042240,0.023048
EX1,0.004579,0.007916,0.004258
EX2,0.020487,0.208093,0.008918
EX3,0.037952,0.084389,0.032493
EX4,0.025612,0.102699,0.003158
EX5,0.032562,0.056484,0.019413
EX6,0.059437,0.110690,0.021083
EX7,0.053610,0.071157,0.047077
EX8,0.101860,0.146177,0.094191
EX9,0.057158,0.080785,0.047229
EX10,0.098543,0.112900,0.076266
EX11,0.065157,0.075938,0.050110
EX12,0.078666,0.107862,0.050471
EX13,0.030929,0.033846,0.027201
EX14,0.013242,0.024383,0.012966
EX15,0.042410,0.056370,0.016982
EX16,0.055243,0.134415,0.031092
EX17,0.014673,0.021386,0.007471
EX18,0.012986,0.016566,0.007122
EX19,0.011785,0.015035,0.010666
EX20,0.023467,0.041228,0.019431
EX21,0.005977,0.008538,0.005094
EX22,0.009333,0.012184,0.007297
EX23,0.027096,0.052707,0.026712
EX24,0.012090,0.015424,0.010941
EX31,0.044450,0.099251,0.016135
EX32,0.078097,0.132899,0.058187
EX33,0.088960,0.119943,0.067206
EX34,0.069296,0.075005,0.059816
EX35,0.037248,0.050995,0.019678
EX36,0.020669,0.027179,0.008306
EX37,0.012750,0.020811,0.006993
EX38,0.008793,0.011217,0.004823
EX39,0.027494,0.054239,0.014937
FK1,0.006755,0.008890,0.003556
FK2,0.039329,0.057736,0.020705
FK3,0.153844,0.436071,0.080993
FK4,0.007798,0.012937,0.004106
FK5,0.005828,0.007563,0.003068
FK6,0.029996,0.049004,0.015792
FK7,0.004497,0.006674,0.002367
FK8,0.073767,0.114499,0.038836
FK9,0.083377,0.270006,0.043895
FK10,0.022112,0.038694,0.011641
FK11,0.008175,0.187154,0.004304
FK12,0.057461,0.068191,0.030251
FK13,0.101309,0.124841,0.053336
FK14,0.009508,0.035443,0.005005
FK15,0.018646,0.037445,0.009816
FK16,0.008352,0.017310,0.004397
FK17,0.060058,0.086250,0.031618
FK18,0.063158,0.092588,0.033250
FK19,0.081922,0.121576,0.043129
FK20,0.018742,0.038841,0.009867
FK21,0.053076,0.064683,0.027943
FY1,0.007224,0.024743,0.002603
FY2,0.006365,0.027588,0.004204
FY3,0.004583,0.005871,0.003027
FY4,0.005906,0.016650,0.003917
FY5,0.079565,0.153587,0.054146
FY6,0.098835,0.172447,0.065864
FY7,0.014750,0.269762,0.000583
FY8,0.009275,0.019676,0.005099
G1,0.006386,0.020959,0.003362
G2,0.000831,0.001653,0.000438
G3,0.017853,0.022850,0.009399
G4,0.007614,0.011958,0.004008
G5,0.042962,0.113924,0.022618
G11,0.034884,0.047628,0.018365
G12,0.003569,0.004078,0.001879
G13,0.024220,0.038219,0.012751
G14,0.014436,0.017474,0.007600
G15,0.066834,0.069979,0.035185
G20,0.001795,0.002243,0.000945
G21,0.000538,0.001070,0.000283
G22,0.000772,0.001535,0.000406
G23,0.007961,0.009946,0.004191
G31,0.000510,0.001014,0.000268
G32,0.048678,0.054049,0.025627
G33,0.001194,0.001492,0.000629
G34,0.001500,0.002982,0.000789
G40,0.023874,0.089309,0.012569
G41,0.000412,0.042333,0.000217
G42,0.000528,0.124681,0.000278
G43,0.031861,0.119269,0.016774
G44,0.010075,0.101226,0.005304
G45,0.016576,0.026929,0.008727
G46,0.027369,0.056225,0.014409
G51,0.003563,0.005596,0.001876
G52,0.000452,0.003576,0.000238
G53,0.003108,0.083339,0.001636
G60,0.002163,0.010711,0.001139
G61,0.023037,0.025969,0.012128
G62,0.018405,0.023556,0.009689
G63,0.015125,0.018308,0.007963
G64,0.001737,0.003469,0.000914
G65,0.029729,0.030532,0.015651
G66,0.024077,0.040215,0.012676
G67,0.003863,0.007721,0.002034
G68,0.000978,0.001945,0.000515
G69,0.002333,0.002666,0.001228
G71,0.005827,0.013833,0.003068
G72,0.010331,0.015237,0.005439
G73,0.021924,0.057450,0.011542
G74,0.001447,0.001808,0.000762
G75,0.000377,0.000750,0.000198
G76,0.003687,0.008945,0.001941
G77,0.006250,0.009612,0.003290
G78,0.013096,0.014966,0.006895
G81,0.009394,0.017778,0.004945
G82,0.173470,0.204785,0.091326
G83,0.048002,0.091252,0.025271
G84,0.010870,0.015915,0.005723
GL1,0.122558,0.163190,0.018853
GL2,0.043528,0.064648,0.032596
GL3,0.005276,0.012268,0.002210
GL4,0.008289,0.023372,0.006370
GL5,0.031630,0.034654,0.023196
GL6,0.012179,0.017340,0.011009
GL7,0.043549,0.077228,0.023329
GL8,0.012991,0.013856,0.012411
GL9,0.003878,0.013801,0.002342
GL10,0.022521,0.023108,0.016256
GL11,0.005676,0.017489,0.005351
GL12,0.017579,0.028529,0.010964
GL13,0.013650,0.042054,0.012867
GL14,0.015587,0.020997,0.013618
GL15,0.031375,0.052654,0.022518
GL16,0.012862,0.013454,0.010488
GL17,0.038720,0.047715,0.029930
GL18,0.010379,0.017183,0.006825
GL19,0.030732,0.053582,0.027781
GL20,0.032086,0.055813,0.028826
GL50,0.018411,0.047980,0.006734
GL51,0.003529,0.011408,0.002759
GL52,0.011303,0.018082,0.009699
GL53,0.014011,0.037077,0.011076
GL54,0.025757,0.036337,0.019950
GL55,0.028079,0.032370,0.024115
GL56,0.012187,0.020240,0.004320
GU1,0.023595,0.051464,0.017170
GU2,0.006440,0.012924,0.006350
GU3,0.012441,0.015474,0.007562
GU4,0.008400,0.022787,0.006307
GU5,0.020371,0.033408,0.015287
GU6,0.047557,0.055026,0.036983
GU7,0.035715,0.055741,0.025152
GU8,0.010709,0.011123,0.007668
GU9,0.013962,0.056407,0.004416
GU10,0.011364,0.018717,0.009284
GU11,0.007744,0.008157,0.007657
GU12,0.020212,0.072799,0.015163
GU14,0.000190,0.020904,0.000145
GU15,0.005012,0.019493,0.004942
GU16,0.008509,0.030033,0.008414
GU17,0.038402,0.051819,0.038217
GU18,0.007718,0.021791,0.001180
GU19,0.052836,0.074897,0.042223
GU20,0.001545,0.003272,0.001180
GU21,0.000218,0.001334,0.000167
GU22,0.011301,0.031455,0.010134
GU23,0.025087,0.060658,0.011042
GU24,0.018877,0.034125,0.016927
GU25,0.001117,0.006831,0.000853
GU26,0.000863,0.001828,0.000659
GU27,0.000414,0.004182,0.000316
GU28,0.000697,0.001477,0.000533
GU29,0.009884,0.017512,0.005096
GU30,0.000802,0.004904,0.000613
GU31,0.000561,0.001189,0.000429
GU32,0.000470,0.019793,0.000359
GU33,0.006216,0.015277,0.003291
GU34,0.005222,0.012139,0.004337
GU35,0.006890,0.007257,0.006813
GU46,0.059692,0.091377,0.059526
GU47,0.036484,0.041938,0.024381
GU51,0.006663,0.018439,0.005319
GU52,0.011414,0.018544,0.004763
HA0,0.011258,0.029862,0.008671
HA1,0.000416,0.004263,0.000245
HA2,0.010982,0.028439,0.003410
HA3,0.001121,0.018613,0.000181
HA4,0.036279,0.076258,0.023560
HA5,0.033998,0.059696,0.015162
HA6,0.000533,0.002641,0.000314
HA7,0.043829,0.060090,0.030389
HA8,0.023089,0.063926,0.016352
HA9,0.022696,0.071881,0.010368
HD1,0.035703,0.113394,0.023327
HD2,0.017705,0.047925,0.009708
HD3,0.001929,0.014826,0.000356
HD4,0.015186,0.019830,0.006997
HD5,0.006030,0.025801,0.001721
HD6,0.054754,0.095727,0.036900
HD7,0.012184,0.032696,0.010282
HD8,0.023132,0.032302,0.012162
HD9,0.018699,0.033288,0.013563
HG1,0.000213,0.004148,0.000122
HG2,0.001620,0.002167,0.001513
HG3,0.013431,0.027041,0.007557
HG4,0.013092,0.075058,0.007056
HG5,0.015838,0.025791,0.009496
HP1,0.000194,0.000505,0.000145
HP2,0.000127,0.000330,0.000095
HP3,0.001470,0.009575,0.001429
HP4,0.008483,0.011531,0.008440
HP5,0.030517,0.043207,0.024957
HP6,0.000299,0.000780,0.000224
HP7,0.003048,0.038822,0.000254
HP8,0.004807,0.005663,0.004673
HP9,0.000228,0.000593,0.000171
HP10,0.000217,0.017926,0.000162
HP11,0.034602,0.086535,0.032390
HP12,0.000269,0.002862,0.000202
HP13,0.017587,0.017820,0.017551
HP14,0.000226,0.000589,0.000169
HP15,0.000286,0.000746,0.000215
HP16,0.000335,0.003562,0.000251
HP17,0.000321,0.000838,0.000241
HP18,0.010077,0.025920,0.001547
HP19,0.003595,0.025931,0.000158
HP20,0.002488,0.029481,0.002419
HP21,0.007128,0.042177,0.000130
HP22,0.003349,0.008923,0.003316
HP23,0.005492,0.007601,0.003679
HP27,0.002461,0.007276,0.000205
HR1,0.020973,0.029754,0.007740
HR2,0.017061,0.039368,0.012362
HR3,0.043731,0.089520,0.016380
HR4,0.058418,0.079235,0.034625
HR5,0.017125,0.037741,0.012568
HR6,0.037300,0.088402,0.033256
HR7,0.001702,0.009885,0.001032
HR8,0.006073,0.010270,0.003996
HR9,0.009019,0.019142,0.003973
HS1,0.026878,0.030783,0.014150
HS2,0.003423,0.006196,0.001802
HS3,0.013655,0.014303,0.007189
HS4,0.010720,0.012864,0.005644
HS5,0.009144,0.010972,0.004814
HS6,0.023109,0.023731,0.012166
HS7,0.035552,0.051893,0.018717
HS8,0.024072,0.024719,0.012673
HS9,0.004441,0.005329,0.002338
HU1,0.236565,0.847080,0.100577
HU2,0.026059,0.133747,0.008550
HU3,0.009432,0.116239,0.002218
HU4,0.096237,0.258460,0.083887
HU5,0.048857,0.054495,0.048477
HU6,0.134211,0.797238,0.082949
HU7,0.007978,0.015740,0.004820
HU8,0.037012,0.179349,0.000869
HU9,0.064760,0.601909,0.031038
HU10,0.047984,0.077250,0.043570
HU11,0.002421,0.013640,0.001511
HU12,0.062571,0.135136,0.009769
HU13,0.090616,0.178531,0.075774
HU14,0.016029,0.027458,0.010509
HU15,0.133221,0.141747,0.113833
HU16,0.008046,0.037593,0.007259
HU17,0.014783,0.034870,0.009045
HU18,0.010572,0.048259,0.009200
HU19,0.009741,0.085056,0.003122
HU20,0.019913,0.074469,0.012429
HX1,0.000629,0.000886,0.000419
HX2,0.006589,0.007651,0.005561
HX3,0.008657,0.008804,0.000930
HX4,0.012048,0.019062,0.009488
HX5,0.018092,0.041739,0.004411
HX6,0.032901,0.049293,0.030205
HX7,0.124504,0.173478,0.083930
IG1,0.032058,0.048945,0.028325
IG2,0.000818,0.004137,0.000381
IG3,0.028982,0.096465,0.020527
IG4,0.015038,0.024038,0.001032
IG5,0.001346,0.006809,0.000626
IG6,0.000603,0.003049,0.000280
IG7,0.000685,0.003465,0.000319
IG8,0.025522,0.064314,0.000212
IG9,0.001138,0.009046,0.000529
IG10,0.012998,0.031641,0.008569
IG11,0.029868,0.350148,0.007048
IP1,0.000205,0.000452,0.000157
IP2,0.000280,0.010301,0.000215
IP3,0.000262,0.001870,0.000201
IP4,0.000214,0.000473,0.000164
IP5,0.000430,0.000950,0.000330
IP6,0.016545,0.029383,0.010220
IP7,0.005837,0.010344,0.004383
IP8,0.016504,0.023034,0.008361
IP9,0.021923,0.022402,0.019874
IP10,0.000970,0.002142,0.000744
IP11,0.003326,0.055501,0.003277
IP12,0.049186,0.065752,0.038574
IP13,0.011123,0.021439,0.006871
IP14,0.011957,0.020204,0.010059
IP15,0.017892,0.052780,0.006455
IP16,0.006555,0.016213,0.000463
IP17,0.032706,0.047902,0.027237
IP18,0.023160,0.046456,0.023008
IP19,0.007016,0.019111,0.005268
IP20,0.012397,0.024919,0.012258
IP21,0.009546,0.013665,0.009460
IP22,0.003746,0.007541,0.003691
IP23,0.017722,0.024136,0.014730
IP24,0.010463,0.018428,0.007851
IP25,0.001870,0.005362,0.001797
IP26,0.006153,0.045943,0.003228
IP27,0.000384,0.029257,0.000295
IP28,0.004809,0.046279,0.003610
IP29,0.005158,0.010416,0.002706
IP30,0.006811,0.008829,0.003494
IP31,0.002740,0.006776,0.002681
IP32,0.000439,0.003133,0.000337
IP33,0.017583,0.045314,0.013192
IV1,0.017275,0.130171,0.009095
IV2,0.012248,0.037705,0.006448
IV3,0.009463,0.323958,0.004982
IV4,0.030737,0.052304,0.016182
IV5,0.007369,0.041680,0.003880
IV6,0.023357,0.037731,0.012297
IV7,0.013960,0.060137,0.007349
IV8,0.065225,0.086493,0.034338
IV9,0.082680,0.145214,0.043528
IV10,0.004479,0.015531,0.002358
IV11,0.007139,0.040377,0.003759
IV12,0.059454,0.075470,0.031300
IV13,0.011423,0.039603,0.006014
IV14,0.004913,0.017034,0.002587
IV15,0.015572,0.034163,0.008198
IV16,0.045486,0.060318,0.023947
IV17,0.037661,0.068607,0.019827
IV18,0.006840,0.012132,0.003601
IV19,0.006808,0.012075,0.003584
IV20,0.068528,0.134668,0.036078
IV21,0.022414,0.039756,0.011800
IV22,0.067967,0.079833,0.035782
IV23,0.036670,0.053494,0.019306
IV24,0.022414,0.039756,0.011800
IV25,0.022019,0.029198,0.011592
IV26,0.027919,0.052092,0.014699
IV27,0.042712,0.053455,0.022486
IV28,0.010879,0.037717,0.005727
IV30,0.010687,0.075172,0.005627
IV31,0.022736,0.026705,0.011969
IV32,0.023457,0.050443,0.012349
IV36,0.025737,0.209885,0.013550
IV40,0.031167,0.046043,0.016408
IV41,0.044149,0.078307,0.023243
IV42,0.016923,0.058672,0.008909
IV43,0.050238,0.089108,0.026449
IV44,0.015230,0.052804,0.008018
IV45,0.014739,0.051101,0.007760
IV46,0.019866,0.068875,0.010458
IV47,0.037357,0.066260,0.019667
IV48,0.020769,0.072006,0.010934
IV49,0.007253,0.041018,0.003818
IV51,0.013939,0.022517,0.007338
IV52,0.036423,0.089603,0.019175
IV53,0.046997,0.083359,0.024742
IV54,0.031100,0.058027,0.016373
IV55,0.019170,0.034002,0.010092
IV56,0.013438,0.046592,0.007075
IV63,0.072550,0.107687,0.038195
KA1,0.023785,0.069528,0.012522
KA2,0.006439,0.007795,0.003390
KA3,0.012153,0.014097,0.006398
KA4,0.008402,0.020867,0.004423
KA5,0.060389,0.061141,0.031793
KA6,0.034138,0.047614,0.017972
KA7,0.018474,0.041139,0.009726
KA8,0.008418,0.034810,0.004432
KA9,0.049390,0.054490,0.026002
KA10,0.066903,0.083489,0.035222
KA11,0.008236,0.010634,0.004336
KA12,0.055194,0.078500,0.029058
KA13,0.017931,0.026992,0.009440
KA14,0.150372,0.191264,0.079165
KA15,0.006161,0.011381,0.003244
KA16,0.074775,0.092985,0.039366
KA17,0.016171,0.018252,0.008513
KA18,0.024894,0.040083,0.013106
KA19,0.023083,0.033238,0.012152
KA20,0.012754,0.021079,0.006715
KA21,0.001503,0.039216,0.000791
KA22,0.004676,0.017566,0.002462
KA23,0.017169,0.023568,0.009039
KA24,0.014757,0.016124,0.007769
KA25,0.152380,0.182925,0.080222
KA26,0.035367,0.045879,0.018619
KA27,0.030706,0.060290,0.016166
KA28,0.006346,0.021134,0.003341
KA29,0.053153,0.091884,0.027983
KA30,0.044190,0.077072,0.023264
KT1,0.194126,0.401582,0.066985
KT2,0.055545,0.108800,0.006453
KT3,0.016056,0.097570,0.008650
KT4,0.011443,0.031520,0.008563
KT5,0.023070,0.042082,0.011432
KT6,0.016122,0.038265,0.010042
KT7,0.128242,0.405153,0.078681
KT8,0.099731,0.486822,0.048639
KT9,0.002227,0.008085,0.001013
KT10,0.027620,0.149916,0.009393
KT11,0.028400,0.032827,0.025575
KT12,0.038694,0.137080,0.007560
KT13,0.036116,0.075391,0.023836
KT14,0.049091,0.235065,0.025682
KT15,0.054005,0.116515,0.025629
KT16,0.217064,0.297446,0.101280
KT17,0.001245,0.003109,0.000567
KT18,0.001729,0.004317,0.000787
KT19,0.013555,0.042800,0.007409
KT20,0.001338,0.003341,0.000609
KT21,0.002261,0.008209,0.001029
KT22,0.020507,0.034635,0.015368
KT23,0.010005,0.013406,0.006189
KT24,0.035055,0.051014,0.023740
KW1,0.008711,0.014297,0.004586
KW2,0.008562,0.010577,0.004508
KW3,0.003364,0.004155,0.001771
KW5,0.005886,0.007271,0.003099
KW6,0.057589,0.085071,0.030318
KW7,0.047535,0.049307,0.025025
KW8,0.003248,0.004012,0.001710
KW9,0.013059,0.013546,0.006875
KW10,0.041407,0.041983,0.021799
KW11,0.007535,0.009307,0.003967
KW12,0.017737,0.018398,0.009338
KW13,0.008190,0.010117,0.004312
KW14,0.002578,0.004843,0.001357
KW15,0.000502,0.000620,0.000264
KW16,0.007521,0.007802,0.003960
KW17,0.016687,0.016863,0.008785
KY1,0.007847,0.019226,0.004131
KY2,0.000479,0.010252,0.000252
KY3,0.000818,0.003909,0.000430
KY4,0.004374,0.004636,0.002303
KY5,0.012259,0.012526,0.006454
KY6,0.004784,0.005069,0.002518
KY7,0.000360,0.000524,0.000189
KY8,0.011369,0.013519,0.005985
KY9,0.009427,0.017669,0.004963
KY10,0.045525,0.075717,0.023967
KY11,0.012546,0.016997,0.006605
KY12,0.023609,0.038095,0.012429
KY13,0.015074,0.024972,0.007936
KY14,0.073199,0.090854,0.038537
KY15,0.029228,0.035961,0.015387
KY16,0.018947,0.021992,0.009975
L1,0.000194,0.022446,0.000134
L2,0.006329,0.007312,0.000357
L3,0.057253,0.105447,0.051678
L4,0.003823,0.008982,0.001314
L5,0.000198,0.000575,0.000137
L6,0.000171,0.000497,0.000119
L7,0.000190,0.000553,0.000132
L8,0.000126,0.000366,0.000087
L9,0.004950,0.006823,0.003304
L10,0.003569,0.007402,0.003480
L11,0.000159,0.000463,0.000110
L12,0.003528,0.010570,0.003482
L13,0.000157,0.000455,0.000108
L14,0.000180,0.000525,0.000125
L15,0.000185,0.000537,0.000128
L16,0.008002,0.035470,0.004067
L17,0.000191,0.000555,0.000132
L18,0.000162,0.000472,0.000112
L19,0.002199,0.002541,0.002144
L20,0.001163,0.001344,0.001134
L21,0.000151,0.000438,0.000104
L22,0.000308,0.000895,0.000213
L23,0.000127,0.000370,0.000088
L24,0.002701,0.003121,0.002634
L25,0.001279,0.009704,0.000072
L26,0.023980,0.042896,0.023909
L27,0.000506,0.001473,0.000351
L28,0.000656,0.001909,0.000455
L29,0.002109,0.077564,0.001462
L30,0.000195,0.002770,0.000135
L31,0.013913,0.031691,0.005096
L32,0.000163,0.002320,0.000113
L33,0.000163,0.000473,0.000113
L34,0.006489,0.006844,0.004331
L35,0.001442,0.004315,0.000081
L36,0.000092,0.004408,0.000064
L37,0.010273,0.088779,0.004437
L38,0.000744,0.010569,0.000516
L39,0.009426,0.021619,0.004071
L40,0.005307,0.026216,0.003542
LA1,0.027881,0.064929,0.010273
LA2,0.042283,0.088706,0.032945
LA3,0.008868,0.033563,0.007264
LA4,0.050569,0.208356,0.020816
LA5,0.018294,0.024859,0.011120
LA6,0.053452,0.061979,0.048764
LA7,0.012280,0.029389,0.006857
LA8,0.036528,0.075179,0.022470
LA9,0.047213,0.139781,0.031512
LA10,0.032807,0.070219,0.027635
LA11,0.060578,0.085163,0.048755
LA12,0.029912,0.067195,0.020322
LA13,0.057704,0.094267,0.051453
LA14,0.004915,0.021823,0.002170
LA15,0.073411,0.118876,0.065546
LA16,0.058903,0.148802,0.034466
LA17,0.111079,0.134707,0.057590
LA18,0.040428,0.090639,0.039714
LA19,0.064170,0.096020,0.050551
LA20,0.063918,0.109829,0.052354
LA21,0.139604,0.173822,0.066810
LA22,0.121811,0.173546,0.108202
LA23,0.017800,0.029699,0.013285
LD1,0.017952,0.034458,0.012706
LD2,0.035972,0.073270,0.028443
LD3,0.022398,0.088720,0.013000
LD4,0.045842,0.122325,0.017463
LD5,0.039293,0.181773,0.025957
LD6,0.019221,0.033890,0.002702
LD7,0.035904,0.083134,0.025413
LD8,0.055122,0.078768,0.035058
LE1,0.000390,0.005697,0.000205
LE2,0.009872,0.018892,0.001528
LE3,0.022516,0.055797,0.014058
LE4,0.015738,0.098314,0.003300
LE5,0.020446,0.066223,0.007781
LE6,0.000948,0.002814,0.000497
LE7,0.031813,0.059777,0.021990
LE8,0.005901,0.026673,0.002396
LE9,0.006497,0.013191,0.004827
LE10,0.001122,0.001575,0.001013
LE11,0.040720,0.123033,0.020365
LE12,0.017219,0.046598,0.014615
LE13,0.014765,0.049068,0.005000
LE14,0.008965,0.016856,0.003059
LE15,0.003871,0.008878,0.003759
LE16,0.002152,0.022655,0.000129
LE17,0.000317,0.002169,0.000166
LE18,0.006135,0.008308,0.003077
LE19,0.000532,0.007764,0.000279
LE65,0.009059,0.031416,0.002415
LE67,0.010005,0.012305,0.007957
LL11,0.002760,0.008833,0.001042
LL12,0.004967,0.016784,0.003672
LL13,0.008167,0.048273,0.004154
LL14,0.007102,0.017226,0.006941
LL15,0.014191,0.092245,0.011631
LL16,0.041962,0.062834,0.037123
LL17,0.005894,0.230778,0.001252
LL18,0.005378,0.324342,0.004408
LL19,0.023943,0.286208,0.022009
LL20,0.024197,0.053969,0.021213
LL21,0.077390,0.113270,0.063820
LL22,0.008311,0.229024,0.003508
LL23,0.077035,0.257739,0.034185
LL24,0.054692,0.086457,0.034836
LL25,0.052021,0.106807,0.034560
LL26,0.074259,0.158361,0.059980
LL27,0.022506,0.078122,0.019932
LL28,0.009709,0.138866,0.002847
LL29,0.002443,0.013415,0.002164
LL30,0.000750,0.417552,0.000488
LL31,0.015153,0.081608,0.004444
LL32,0.060295,0.103986,0.045916
LL33,0.035056,0.125168,0.017922
LL34,0.041800,0.059882,0.021259
LL35,0.012696,0.026975,0.011244
LL36,0.051668,0.081058,0.043354
LL37,0.124757,0.169267,0.105259
LL38,0.096797,0.509792,0.049485
LL39,0.012446,0.080924,0.008090
LL40,0.028885,0.229080,0.020153
LL41,0.024510,0.088259,0.011151
LL42,0.171599,0.205759,0.098286
LL43,0.074158,0.130980,0.027990
LL44,0.006837,0.030367,0.004444
LL45,0.047100,0.150757,0.004264
LL46,0.022191,0.037107,0.002817
LL47,0.081872,0.166508,0.034560
LL48,0.019803,0.046341,0.001793
LL49,0.078209,0.308869,0.016745
LL51,0.022852,0.048554,0.020239
LL52,0.002712,0.023218,0.001763
LL53,0.018862,0.064745,0.013783
LL54,0.045682,0.073052,0.037902
LL55,0.028139,0.077137,0.018291
LL56,0.037079,0.086766,0.024633
LL57,0.036915,0.069495,0.026495
LL58,0.059739,0.082086,0.049357
LL59,0.006845,0.014544,0.006062
LL60,0.011426,0.024277,0.010119
LL61,0.024473,0.045872,0.023832
LL62,0.003517,0.095334,0.002286
LL63,0.011883,0.033248,0.010524
LL64,0.006223,0.027642,0.004045
LL65,0.039147,0.046305,0.012141
LL66,0.011557,0.075144,0.007512
LL67,0.006068,0.039450,0.003944
LL68,0.033407,0.059669,0.016990
LL69,0.008826,0.039201,0.005737
LL70,0.037135,0.078901,0.032888
LL71,0.014013,0.029774,0.002977
LL72,0.054460,0.096188,0.051805
LL73,0.014709,0.065335,0.009561
LL74,0.004854,0.021560,0.003155
LL75,0.018568,0.064450,0.016444
LL76,0.016738,0.074346,0.010880
LL77,0.013776,0.028285,0.001247
LL78,0.011557,0.051334,0.007512
LN1,0.053523,0.171671,0.029883
LN2,0.021134,0.039178,0.003045
LN3,0.049006,0.067323,0.046598
LN4,0.079089,0.103363,0.041623
LN5,0.107244,0.213927,0.001535
LN6,0.036798,0.111898,0.006440
LN7,0.011493,0.017508,0.008837
LN8,0.011926,0.043325,0.006501
LN9,0.013005,0.049472,0.001221
LN10,0.077662,0.098817,0.069784
LN11,0.087760,0.140719,0.052783
LN12,0.251089,0.939994,0.096435
LN13,0.012187,0.057291,0.007161
LS1,0.031208,0.163793,0.010564
LS2,0.053476,0.096303,0.011556
LS3,0.047451,0.148223,0.001369
LS4,0.076807,0.118858,0.005236
LS5,0.018950,0.042878,0.005145
LS6,0.003821,0.010082,0.002484
LS7,0.041159,0.056403,0.026391
LS8,0.002517,0.015861,0.001263
LS9,0.020218,0.060421,0.014519
LS10,0.010387,0.111944,0.006863
LS11,0.006934,0.068552,0.001291
LS12,0.008575,0.021409,0.004291
LS13,0.014777,0.023077,0.013477
LS14,0.001382,0.004946,0.001204
LS15,0.000353,0.000848,0.000181
LS16,0.001333,0.001827,0.000180
LS17,0.002687,0.003889,0.001747
LS18,0.013502,0.019930,0.007676
LS19,0.012864,0.022486,0.012558
LS20,0.019888,0.026654,0.019415
LS21,0.041185,0.079472,0.033099
LS22,0.007660,0.043694,0.005595
LS23,0.014443,0.023886,0.011276
LS24,0.178574,0.246118,0.057307
LS25,0.034466,0.081255,0.014795
LS26,0.004214,0.034958,0.001485
LS27,0.002134,0.003495,0.001976
LS28,0.002959,0.005165,0.002805
LS29,0.040644,0.072528,0.025168
LU1,0.005720,0.009297,0.000022
LU2,0.000090,0.001275,0.000019
LU3,0.003701,0.023083,0.001221
LU4,0.004210,0.011273,0.000026
LU5,0.004893,0.011094,0.000023
LU6,0.000134,0.003375,0.000029
LU7,0.009604,0.028081,0.003683
M1,0.030086,0.100417,0.001994
M2,0.001007,0.005231,0.000347
M3,0.014938,0.251418,0.014707
M4,0.009678,0.059600,0.003849
M5,0.000364,0.136344,0.000125
M6,0.001446,0.107164,0.001278
M7,0.040832,0.328422,0.000094
M8,0.005364,0.043416,0.002639
M9,0.002954,0.010215,0.002823
M11,0.001594,0.006716,0.000098
M12,0.002404,0.041748,0.000147
M13,0.002488,0.055470,0.000152
M14,0.075571,0.149879,0.020362
M15,0.009836,0.058741,0.000118
M16,0.036682,0.132931,0.002438
M17,0.001462,0.027869,0.000503
M18,0.000353,0.006718,0.000121
M19,0.001482,0.030602,0.000091
M20,0.013313,0.106846,0.007064
M21,0.023945,0.136474,0.005667
M22,0.020164,0.024250,0.003393
M23,0.006308,0.023125,0.001299
M24,0.002539,0.014305,0.001637
M25,0.001538,0.005214,0.000094
M26,0.024815,0.091374,0.011783
M27,0.000197,0.002841,0.000068
M28,0.007608,0.026967,0.005625
M29,0.002116,0.017608,0.001869
M30,0.003414,0.041534,0.003264
M31,0.000768,0.003988,0.000264
M32,0.001883,0.057468,0.001663
M33,0.009919,0.027461,0.007871
M34,0.000171,0.002474,0.000059
M35,0.000399,0.002071,0.000137
M38,0.000624,0.003241,0.000215
M40,0.015319,0.018141,0.011606
M41,0.005170,0.023909,0.002056
M43,0.000343,0.001782,0.000118
M44,0.010668,0.057515,0.004242
M45,0.000343,0.006537,0.000118
M46,0.005461,0.025678,0.005220
M50,0.001051,0.262741,0.000362
M90,0.002848,0.014797,0.000980
ME1,0.015564,0.029968,0.013084
ME2,0.062053,0.104256,0.054600
ME3,0.009693,0.026327,0.006072
ME4,0.034762,0.145946,0.008237
ME5,0.000381,0.000766,0.000250
ME6,0.004791,0.006134,0.004332
ME7,0.016190,0.033372,0.013095
ME8,0.000342,0.003351,0.000224
ME9,0.008260,0.014287,0.003638
ME10,0.012607,0.033105,0.009862
ME11,0.003153,0.022728,0.002065
ME12,0.028310,0.048040,0.016365
ME13,0.025957,0.037699,0.022040
ME14,0.005321,0.014598,0.001237
ME15,0.011164,0.024509,0.006714
ME16,0.022034,0.042805,0.015529
ME17,0.003080,0.007073,0.001139
ME18,0.151761,0.201123,0.073048
ME19,0.008196,0.008694,0.005458
ME20,0.045648,0.096493,0.031578
MK1,0.001325,0.004811,0.000726
MK2,0.002872,0.003613,0.002745
MK3,0.004647,0.005074,0.000089
MK4,0.001738,0.003753,0.000093
MK5,0.000255,0.003273,0.000140
MK6,0.000178,0.000648,0.000098
MK7,0.018321,0.055140,0.005308
MK8,0.000213,0.000774,0.000117
MK9,0.000442,0.001604,0.000242
MK10,0.000190,0.025121,0.000104
MK11,0.008048,0.024406,0.007861
MK12,0.000359,0.001302,0.000196
MK13,0.000216,0.000783,0.000118
MK14,0.000229,0.000831,0.000125
MK15,0.004994,0.006281,0.000268
MK16,0.017550,0.077074,0.013992
MK17,0.004490,0.008081,0.003344
MK18,0.009679,0.016303,0.006442
MK19,0.000298,0.006560,0.000163
MK40,0.001254,0.025333,0.000067
MK41,0.001059,0.008973,0.001012
MK42,0.009773,0.082643,0.002469
MK43,0.007221,0.014599,0.006286
MK44,0.007591,0.016931,0.007518
MK45,0.011721,0.017374,0.004701
MK46,0.003443,0.004331,0.000185
ML1,0.004374,0.010109,0.002303
ML2,0.000159,0.000217,0.000084
ML3,0.006401,0.006441,0.003370
ML4,0.003718,0.003808,0.001957
ML5,0.014962,0.017978,0.007877
ML6,0.000117,0.000986,0.000062
ML7,0.002692,0.005173,0.001417
ML8,0.005796,0.007737,0.003051
ML9,0.004456,0.008785,0.002346
ML10,0.016826,0.019708,0.008858
ML11,0.012023,0.014816,0.006330
ML12,0.030949,0.042204,0.016293
N1,0.000066,0.000340,0.000009
N1C,0.001391,0.007226,0.000199
N2,0.002164,0.007077,0.000038
N3,0.001873,0.002840,0.000033
N4,0.000164,0.000854,0.000023
N5,0.000338,0.001759,0.000048
N6,0.000281,0.001460,0.000040
N7,0.000160,0.000831,0.000023
N8,0.000204,0.001062,0.000029
N9,0.033495,0.220379,0.005770
N10,0.000285,0.001483,0.000041
N11,0.001860,0.009347,0.000033
N12,0.000204,0.003962,0.000029
N13,0.007797,0.063521,0.000038
N14,0.001690,0.007007,0.000030
N15,0.000197,0.001022,0.000028
N16,0.000129,0.000669,0.000018
N17,0.036894,0.157840,0.000938
N18,0.054602,0.298424,0.014529
N19,0.000225,0.001170,0.000032
N20,0.000264,0.001369,0.000038
N21,0.009329,0.015844,0.003666
N22,0.000210,0.001089,0.000030
NE1,0.006183,0.010624,0.006069
NE2,0.000251,0.000732,0.000138
NE3,0.009694,0.020362,0.006159
NE4,0.000159,0.000464,0.000088
NE5,0.000112,0.000327,0.000062
NE6,0.002031,0.002267,0.001976
NE7,0.000441,0.001286,0.000243
NE8,0.005758,0.007497,0.004283
NE9,0.000153,0.000445,0.000084
NE10,0.000171,0.000497,0.000094
NE11,0.031052,0.090935,0.002353
NE12,0.002587,0.004101,0.000086
NE13,0.002271,0.006792,0.002155
NE15,0.000139,0.002565,0.000076
NE16,0.010543,0.012160,0.003983
NE17,0.075962,0.093417,0.000381
NE18,0.001432,0.004173,0.000787
NE19,0.009098,0.018699,0.004576
NE20,0.016202,0.069035,0.016070
NE21,0.020198,0.049683,0.005573
NE22,0.000236,0.000687,0.000129
NE23,0.001061,0.006932,0.000067
NE24,0.002865,0.005838,0.001896
NE25,0.000187,0.010720,0.000103
NE26,0.000241,0.000703,0.000133
NE27,0.000371,0.001082,0.000204
NE28,0.004941,0.014813,0.003922
NE29,0.010718,0.010979,0.009599
NE30,0.000202,0.002153,0.000111
NE31,0.000250,0.000728,0.000137
NE32,0.000189,0.000550,0.000104
NE33,0.000170,0.003138,0.000094
NE34,0.001058,0.001289,0.001004
NE35,0.000865,0.002520,0.000475
NE36,0.000558,0.005955,0.000307
NE37,0.000240,0.002566,0.000132
NE38,0.004762,0.006660,0.003152
NE39,0.003410,0.004156,0.003235
NE40,0.000244,0.002605,0.000134
NE41,0.001111,0.003237,0.000611
NE42,0.002971,0.029936,0.000186
NE43,0.009176,0.018860,0.000305
NE44,0.010550,0.031547,0.010008
NE45,0.019027,0.029380,0.018760
NE46,0.030871,0.076628,0.019743
NE47,0.029382,0.094612,0.013081
NE48,0.018226,0.034474,0.006885
NE49,0.017096,0.041252,0.016903
NE61,0.006022,0.069509,0.002026
NE62,0.003763,0.004585,0.000236
NE63,0.001457,0.004356,0.001382
NE64,0.015413,0.085594,0.015127
NE65,0.010008,0.043503,0.005459
NE66,0.004060,0.011185,0.003019
NE67,0.075588,0.077429,0.067693
NE68,0.000984,0.002867,0.000541
NE69,0.002260,0.006588,0.001243
NE70,0.020999,0.029366,0.013898
NE71,0.010137,0.082741,0.009861
NG1,0.017859,0.045561,0.000394
NG2,0.069138,0.418480,0.001705
NG3,0.000483,0.001726,0.000223
NG4,0.034353,0.112093,0.011158
NG5,0.003952,0.005685,0.003283
NG6,0.040335,0.059910,0.029746
NG7,0.076558,0.139091,0.027882
NG8,0.021666,0.035505,0.009543
NG9,0.017681,0.176669,0.013791
NG10,0.015642,0.401402,0.007297
NG11,0.057757,0.120781,0.004655
NG12,0.009252,0.021217,0.005094
NG13,0.018857,0.073729,0.000323
NG14,0.143452,0.248407,0.131396
NG15,0.012539,0.025867,0.008256
NG16,0.010825,0.016613,0.008542
NG17,0.000310,0.001105,0.000143
NG18,0.004734,0.014449,0.001920
NG19,0.002027,0.003881,0.001808
NG20,0.004712,0.006446,0.003003
NG21,0.002506,0.004657,0.002056
NG22,0.018698,0.033963,0.004521
NG23,0.073064,0.243697,0.033331
NG24,0.043394,0.125715,0.026764
NG25,0.017920,0.097035,0.017041
NG31,0.013890,0.046407,0.010064
NG32,0.014800,0.021479,0.008149
NG33,0.013405,0.022247,0.010787
NG34,0.026761,0.077558,0.011900
NG90,0.025067,0.089484,0.011580
NN1,0.004162,0.016646,0.002770
NN2,0.001423,0.001690,0.001389
NN3,0.001594,0.003291,0.000032
NN4,0.001137,0.045014,0.001109
NN5,0.002349,0.068486,0.001184
NN6,0.009339,0.017104,0.006786
NN7,0.010617,0.023733,0.007074
NN8,0.002586,0.009501,0.000878
NN9,0.001554,0.004757,0.001516
NN10,0.002429,0.008540,0.001224
NN11,0.000058,0.000230,0.000036
NN12,0.001298,0.006409,0.001267
NN13,0.001899,0.002256,0.000074
NN14,0.004957,0.010023,0.001668
NN15,0.001126,0.007666,0.000044
NN16,0.000083,0.001556,0.000051
NN17,0.008170,0.008402,0.005828
NN18,0.001595,0.003390,0.001557
NN29,0.010327,0.014370,0.010241
NP4,0.026802,0.062248,0.017828
NP7,0.018301,0.085533,0.014356
NP8,0.079725,0.143456,0.049633
NP10,0.002266,0.324466,0.000295
NP11,0.009040,0.119619,0.003440
NP12,0.003670,0.015816,0.003485
NP13,0.002395,0.048857,0.000312
NP15,0.025228,0.147338,0.012621
NP16,0.017085,0.042777,0.011747
NP18,0.034618,0.198420,0.018313
NP19,0.018196,0.433426,0.001854
NP20,0.004868,0.075525,0.000902
NP22,0.013567,0.018550,0.006788
NP23,0.014320,0.042237,0.004843
NP24,0.008294,0.045732,0.001079
NP25,0.031357,0.180186,0.019102
NP26,0.025497,0.158204,0.015873
NP44,0.021540,0.047758,0.006684
NR1,0.016761,0.044777,0.001580
NR2,0.000354,0.071153,0.000217
NR3,0.001542,0.068635,0.001422
NR4,0.000439,0.001275,0.000270
NR5,0.000395,0.001145,0.000242
NR6,0.005082,0.008956,0.001804
NR7,0.007524,0.008101,0.006203
NR8,0.000504,0.007464,0.000310
NR9,0.003035,0.013116,0.000209
NR10,0.000336,0.003638,0.000206
NR11,0.010459,0.013602,0.009068
NR12,0.028411,0.054905,0.027224
NR13,0.016414,0.019543,0.011830
NR14,0.012884,0.018646,0.012781
NR15,0.002043,0.004457,0.001884
NR16,0.000487,0.009135,0.000299
NR17,0.002084,0.002882,0.001921
NR18,0.004928,0.007170,0.004780
NR19,0.011123,0.011859,0.006372
NR20,0.002554,0.007633,0.002443
NR21,0.005302,0.015875,0.002687
NR22,0.003039,0.008818,0.001865
NR23,0.021009,0.058927,0.020619
NR24,0.001106,0.003210,0.000679
NR25,0.007634,0.049788,0.007459
NR26,0.000814,0.002361,0.000499
NR27,0.000645,0.001872,0.000396
NR28,0.000416,0.004508,0.000255
NR29,0.022972,0.032932,0.009527
NR30,0.043051,0.282066,0.011930
NR31,0.031930,0.045686,0.020163
NR32,0.015930,0.048691,0.001990
NR33,0.035375,0.074183,0.019314
NR34,0.035095,0.048413,0.031502
NR35,0.011393,0.031956,0.011182
NW1,0.000138,0.000259,0.000067
NW2,0.000155,0.001064,0.000076
NW3,0.000163,0.000307,0.000079
NW4,0.004385,0.016957,0.002874
NW5,0.000319,0.000601,0.000156
NW6,0.000161,0.000303,0.000078
NW7,0.026032,0.036571,0.018168
NW8,0.000245,0.000461,0.000119
NW9,0.014785,0.040013,0.009831
NW10,0.037576,0.064121,0.011624
NW11,0.011331,0.017708,0.009973
OL1,0.000727,0.002727,0.000417
OL2,0.020492,0.030894,0.019380
OL3,0.025569,0.082294,0.012023
OL4,0.006163,0.008461,0.004063
OL5,0.014228,0.038537,0.000769
OL6,0.002832,0.004441,0.001459
OL7,0.001207,0.002209,0.000692
OL8,0.000612,0.001119,0.000350
OL9,0.000535,0.000979,0.000307
OL10,0.003085,0.004837,0.002813
OL11,0.001403,0.018406,0.001198
OL12,0.010584,0.042225,0.008705
OL13,0.017324,0.052560,0.007967
OL14,0.239648,0.291764,0.123646
OL15,0.062311,0.086556,0.033029
OL16,0.032768,0.113425,0.023338
OX1,0.141332,0.261338,0.124667
OX2,0.063508,0.123064,0.056312
OX3,0.006541,0.013205,0.006473
OX4,0.011711,0.043330,0.007850
OX5,0.000548,0.011784,0.000448
OX7,0.008711,0.017533,0.007720
OX9,0.000669,0.001557,0.000548
OX10,0.015213,0.062226,0.007226
OX11,0.008935,0.029180,0.008878
OX12,0.012242,0.019652,0.012177
OX13,0.029436,0.040673,0.027251
OX14,0.033973,0.108138,0.021090
OX15,0.002799,0.004554,0.002720
OX16,0.005618,0.018954,0.004804
OX17,0.011412,0.020257,0.011322
OX18,0.015530,0.025782,0.012215
OX20,0.004755,0.006441,0.001041
OX25,0.011919,0.022188,0.008050
OX26,0.004823,0.009777,0.002540
OX27,0.000952,0.002215,0.000780
OX28,0.020405,0.086432,0.014629
OX29,0.020447,0.025952,0.019376
OX33,0.004674,0.009755,0.001023
OX39,0.001327,0.003085,0.001086
OX44,0.014738,0.021562,0.011810
OX49,0.005526,0.027727,0.005258
PA1,0.048453,0.076298,0.025509
PA2,0.046314,0.056715,0.024383
PA3,0.015805,0.100841,0.008321
PA4,0.060040,0.136118,0.031609
PA5,0.007730,0.010179,0.004070
PA6,0.019598,0.022172,0.010318
PA7,0.016850,0.022188,0.008871
PA8,0.007168,0.013482,0.003773
PA9,0.008774,0.014978,0.004619
PA10,0.024400,0.034227,0.012846
PA11,0.007553,0.023176,0.003977
PA12,0.050259,0.114047,0.026459
PA13,0.007553,0.014207,0.003977
PA14,0.027558,0.038133,0.014508
PA15,0.041190,0.062901,0.021685
PA16,0.004670,0.009085,0.002458
PA17,0.007604,0.012981,0.004003
PA18,0.008346,0.014247,0.004394
PA19,0.019011,0.034008,0.010009
PA20,0.099227,0.151141,0.052239
PA21,0.010694,0.018254,0.005630
PA22,0.020129,0.034361,0.010597
PA23,0.024790,0.044474,0.013051
PA24,0.048126,0.061950,0.025336
PA25,0.029756,0.050794,0.015666
PA26,0.023600,0.040285,0.012424
PA27,0.039172,0.050425,0.020623
PA28,0.108373,0.152609,0.057054
PA29,0.059212,0.064253,0.031173
PA30,0.010863,0.034417,0.005719
PA31,0.047698,0.072180,0.025111
PA32,0.122315,0.143215,0.064395
PA33,0.013967,0.044250,0.007353
PA34,0.082686,0.103533,0.043531
PA35,0.046283,0.106349,0.024366
PA36,0.103246,0.160318,0.054355
PA37,0.014521,0.027313,0.007645
PA38,0.033027,0.042515,0.017388
PA41,0.027376,0.046731,0.014412
PA42,0.009639,0.044623,0.005075
PA43,0.012913,0.022043,0.006798
PA44,0.018010,0.030744,0.009482
PA45,0.026323,0.044933,0.013858
PA46,0.022813,0.038942,0.012010
PA47,0.019554,0.033379,0.010295
PA48,0.019011,0.032452,0.010009
PA49,0.026323,0.044933,0.013858
PA60,0.043190,0.055597,0.022738
PA61,0.024443,0.041724,0.012868
PA62,0.032590,0.055632,0.017158
PA63,0.032590,0.055632,0.017158
PA64,0.031109,0.053103,0.016378
PA65,0.025348,0.043269,0.013345
PA66,0.024443,0.041724,0.012868
PA67,0.019554,0.033379,0.010295
PA68,0.029756,0.050794,0.015666
PA69,0.028516,0.048678,0.015013
PA70,0.026323,0.044933,0.013858
PA71,0.028516,0.048678,0.015013
PA72,0.099578,0.112656,0.052424
PA73,0.026323,0.044933,0.013858
PA74,0.032590,0.055632,0.017158
PA75,0.033141,0.039114,0.017447
PA76,0.028516,0.048678,0.015013
PA77,0.012007,0.020496,0.006321
PA78,0.028516,0.048678,0.015013
PA80,0.043190,0.055597,0.022738
PE1,0.016076,0.026727,0.010415
PE2,0.006979,0.020741,0.001353
PE3,0.003864,0.019589,0.000377
PE4,0.004651,0.011601,0.000453
PE5,0.046904,0.095943,0.017284
PE6,0.151972,0.172334,0.003059
PE7,0.065337,0.068003,0.007831
PE8,0.028287,0.049093,0.023499
PE9,0.011174,0.029400,0.005155
PE10,0.034857,0.042711,0.000325
PE11,0.646277,0.721569,0.003996
PE12,0.080039,0.752759,0.005598
PE13,0.347092,0.497075,0.000208
PE14,0.454499,0.460741,0.003102
PE15,0.173654,0.181912,0.001354
PE16,0.118509,0.129562,0.000721
PE19,0.023939,0.154548,0.018332
PE20,0.154607,0.768572,0.014508
PE21,0.003980,0.986040,0.001128
PE22,0.171340,0.771444,0.041106
PE23,0.028115,0.071494,0.012971
PE24,0.242527,0.677082,0.138400
PE25,0.158435,0.957422,0.007373
PE26,0.257409,0.266523,0.000595
PE27,0.149313,0.300766,0.072913
PE28,0.029767,0.120636,0.010206
PE29,0.010925,0.065354,0.004950
PE30,0.010335,0.180899,0.005220
PE31,0.021478,0.033124,0.010252
PE32,0.011997,0.017696,0.008555
PE33,0.016781,0.039230,0.005804
PE34,0.276667,0.379276,0.002709
PE35,0.075168,0.187483,0.007328
PE36,0.024941,0.044347,0.015650
PE37,0.010000,0.018041,0.002834
PE38,0.108795,0.147218,0.000472
PH1,0.031062,0.143761,0.016353
PH2,0.024171,0.117565,0.012725
PH3,0.014405,0.018777,0.007584
PH4,0.113783,0.136415,0.059903
PH5,0.045950,0.064872,0.024191
PH6,0.225780,0.461797,0.118865
PH7,0.010196,0.013290,0.005368
PH8,0.120633,0.159978,0.063509
PH9,0.061338,0.112213,0.032292
PH10,0.016155,0.030967,0.008505
PH11,0.023315,0.033773,0.012275
PH12,0.024163,0.034114,0.012721
PH13,0.044015,0.074786,0.023172
PH14,0.031494,0.066935,0.016580
PH15,0.076304,0.097717,0.040171
PH16,0.076407,0.102820,0.040226
PH17,0.054635,0.119914,0.028763
PH18,0.076237,0.142177,0.040136
PH19,0.072118,0.118287,0.037967
PH20,0.025041,0.041072,0.013183
PH21,0.045692,0.070529,0.024055
PH22,0.020165,0.035663,0.010616
PH23,0.035352,0.057984,0.018611
PH24,0.019118,0.046599,0.010065
PH25,0.141872,0.162858,0.074690
PH26,0.018201,0.032189,0.009582
PH30,0.038235,0.093199,0.020130
PH31,0.025092,0.061162,0.013210
PH32,0.050963,0.071949,0.026830
PH33,0.061475,0.121461,0.032364
PH34,0.040065,0.065715,0.021093
PH35,0.054635,0.119914,0.028763
PH36,0.014869,0.036244,0.007828
PH37,0.032118,0.078287,0.016909
PH38,0.032118,0.078287,0.016909
PH39,0.023616,0.057564,0.012433
PH40,0.060098,0.098573,0.031639
PH41,0.013844,0.033744,0.007288
PH42,0.038235,0.093199,0.020130
PH43,0.038235,0.093199,0.020130
PH44,0.038235,0.093199,0.020130
PH49,0.100051,0.171675,0.052673
PH50,0.012745,0.031066,0.006710
PL1,0.022453,0.026285,0.019896
PL2,0.000662,0.000886,0.000511
PL3,0.007796,0.009441,0.006219
PL4,0.005467,0.014279,0.002879
PL5,0.001581,0.002845,0.001472
PL6,0.007324,0.009438,0.001315
PL7,0.038218,0.053199,0.030020
PL8,0.013315,0.016757,0.010015
PL9,0.011177,0.011320,0.010103
PL10,0.084276,0.090154,0.078641
PL11,0.013041,0.019353,0.012750
PL12,0.003207,0.003399,0.003076
PL13,0.096222,0.096553,0.095998
PL14,0.009222,0.010342,0.009125
PL15,0.014116,0.020469,0.005352
PL16,0.010863,0.019546,0.010113
PL17,0.021637,0.024266,0.021410
PL18,0.005829,0.010488,0.005426
PL19,0.047979,0.083698,0.040436
PL20,0.037230,0.047088,0.033209
PL21,0.027804,0.043107,0.024638
PL22,0.114930,0.132957,0.105804
PL23,0.039967,0.046129,0.039435
PL24,0.130752,0.131292,0.019686
PL25,0.013801,0.028545,0.009702
PL26,0.026999,0.032685,0.023574
PL27,0.010850,0.044823,0.010683
PL28,0.024097,0.028390,0.023726
PL29,0.005492,0.007342,0.004239
PL30,0.015007,0.022384,0.011272
PL31,0.017038,0.023394,0.004717
PL32,0.007587,0.013651,0.007063
PL33,0.004473,0.005980,0.003453
PL34,0.004383,0.005859,0.003383
PL35,0.044339,0.045800,0.003349
PO1,0.026517,0.035821,0.020180
PO2,0.006053,0.079844,0.005852
PO3,0.094541,0.214738,0.056891
PO4,0.079730,0.107259,0.063462
PO5,0.089967,0.187497,0.077653
PO6,0.002839,0.007905,0.001561
PO7,0.018983,0.027496,0.015638
PO8,0.001766,0.002407,0.000461
PO9,0.047369,0.075480,0.034679
PO10,0.055559,0.072545,0.036023
PO11,0.065156,0.121797,0.041378
PO12,0.030199,0.052749,0.014743
PO13,0.003210,0.003918,0.001765
PO14,0.004604,0.006185,0.004451
PO15,0.002197,0.010046,0.001984
PO16,0.022832,0.057817,0.019642
PO17,0.013060,0.017544,0.006895
PO18,0.024976,0.057074,0.021915
PO19,0.001321,0.105278,0.001193
PO20,0.090061,0.171480,0.049848
PO21,0.007885,0.016522,0.007772
PO22,0.021515,0.062997,0.014378
PO30,0.011960,0.018212,0.010863
PO31,0.043189,0.048577,0.042871
PO32,0.065030,0.070825,0.060765
PO33,0.020787,0.032480,0.016589
PO34,0.067310,0.071287,0.066243
PO35,0.014133,0.022778,0.007770
PO36,0.006446,0.009280,0.004359
PO37,0.001656,0.003332,0.001206
PO38,0.002563,0.003491,0.002313
PO39,0.004073,0.008195,0.002967
PO40,0.041039,0.046153,0.037276
PO41,0.045530,0.054956,0.026545
PR1,0.059296,0.074849,0.001955
PR2,0.022330,0.042820,0.007650
PR3,0.039775,0.067667,0.026423
PR4,0.009097,0.018100,0.003413
PR5,0.053600,0.078426,0.023679
PR6,0.006429,0.017656,0.004152
PR7,0.002995,0.004538,0.002129
PR8,0.002069,0.003996,0.000152
PR9,0.011155,0.022129,0.005518
PR25,0.032546,0.050238,0.025507
PR26,0.017885,0.079501,0.014313
RG1,0.012033,0.094968,0.002032
RG2,0.009107,0.019235,0.007027
RG4,0.077417,0.112889,0.030266
RG5,0.002762,0.007581,0.002468
RG6,0.021806,0.059249,0.008863
RG7,0.023502,0.043059,0.015439
RG8,0.056651,0.093058,0.028992
RG9,0.038179,0.067407,0.030842
RG10,0.025279,0.059346,0.023608
RG12,0.026910,0.039668,0.025820
RG14,0.053176,0.138422,0.027435
RG17,0.035320,0.046590,0.027550
RG18,0.006224,0.008906,0.005949
RG19,0.017499,0.049666,0.010948
RG20,0.006827,0.009457,0.006666
RG21,0.026310,0.058115,0.026106
RG22,0.001814,0.002419,0.001621
RG23,0.000948,0.002021,0.000604
RG24,0.003091,0.012646,0.001619
RG25,0.008314,0.014329,0.007946
RG26,0.002144,0.005884,0.000402
RG27,0.007667,0.010620,0.005097
RG28,0.033138,0.070430,0.032543
RG29,0.015553,0.027779,0.015021
RG30,0.008879,0.042077,0.004500
RG31,0.000638,0.002889,0.000407
RG40,0.005637,0.008209,0.003399
RG41,0.023825,0.051603,0.015868
RG42,0.008945,0.022199,0.006659
RG45,0.005153,0.006160,0.004831
RH1,0.022272,0.049648,0.016277
RH2,0.000274,0.000557,0.000202
RH3,0.032589,0.040227,0.032240
RH4,0.019480,0.024619,0.017796
RH5,0.006513,0.013039,0.004882
RH6,0.051233,0.088570,0.037263
RH7,0.013736,0.031779,0.004950
RH8,0.000548,0.001116,0.000405
RH9,0.001275,0.002597,0.000943
RH10,0.023349,0.054998,0.016681
RH11,0.006880,0.020466,0.005995
RH12,0.000935,0.002647,0.000122
RH13,0.001973,0.002171,0.001032
RH14,0.002010,0.005689,0.001918
RH15,0.000242,0.000493,0.000179
RH16,0.005819,0.010708,0.002021
RH17,0.001670,0.001976,0.001593
RH18,0.020737,0.060879,0.013925
RH19,0.000213,0.001426,0.000157
RH20,0.008142,0.015165,0.008079
RM1,0.014597,0.081587,0.012505
RM2,0.000177,0.004953,0.000140
RM3,0.000056,0.002659,0.000044
RM4,0.011584,0.036196,0.011524
RM5,0.000128,0.008646,0.000101
RM6,0.000093,0.000753,0.000074
RM7,0.000095,0.044080,0.000075
RM8,0.000084,0.000682,0.000067
RM9,0.001910,0.058921,0.000072
RM10,0.000086,0.005794,0.000068
RM11,0.003547,0.007624,0.003529
RM12,0.000083,0.000670,0.000066
RM13,0.001613,0.088182,0.000061
RM14,0.008334,0.020473,0.008317
RM15,0.001833,0.004200,0.001815
RM16,0.001483,0.001987,0.001469
RM17,0.002080,0.002785,0.002059
RM18,0.000148,0.012999,0.000117
RM19,0.019429,0.028068,0.006623
RM20,0.000296,0.002392,0.000234
S1,0.011457,0.121386,0.009105
S2,0.029936,0.071233,0.015527
S3,0.008014,0.204896,0.007868
S4,0.004011,0.072652,0.003762
S5,0.001175,0.001502,0.000160
S6,0.017387,0.058588,0.012414
S7,0.028719,0.042219,0.025373
S8,0.016821,0.031399,0.003743
S9,0.006246,0.071463,0.004662
S10,0.006911,0.008401,0.005719
S11,0.058752,0.111513,0.047880
S12,0.000372,0.000893,0.000255
S13,0.000410,0.004296,0.000281
S14,0.001219,0.002929,0.000837
S17,0.008614,0.020145,0.008408
S18,0.003803,0.009466,0.003672
S20,0.001986,0.007316,0.000271
S21,0.025305,0.026022,0.016880
S25,0.004390,0.005068,0.000332
S26,0.000440,0.002832,0.000302
S32,0.018962,0.033905,0.018616
S33,0.039176,0.046458,0.038757
S35,0.021410,0.035144,0.015762
S36,0.010711,0.017655,0.005416
S40,0.017596,0.043968,0.010771
S41,0.010237,0.035559,0.009161
S42,0.001451,0.004180,0.001360
S43,0.007651,0.008900,0.006651
S44,0.000389,0.000934,0.000267
S45,0.002358,0.008686,0.002212
S60,0.042406,0.071785,0.027338
S61,0.000279,0.000670,0.000192
S62,0.014563,0.032433,0.012866
S63,0.003687,0.010065,0.000148
S64,0.004720,0.040109,0.000247
S65,0.005081,0.016262,0.001400
S66,0.000223,0.000535,0.000153
S70,0.004158,0.012357,0.004097
S71,0.021270,0.029655,0.011483
S72,0.007178,0.007653,0.005705
S73,0.035571,0.050385,0.019804
S74,0.000461,0.002970,0.000317
S75,0.014226,0.018917,0.011212
S80,0.033908,0.040193,0.029871
S81,0.002913,0.003224,0.001946
SA1,0.005459,0.027051,0.001931
SA2,0.003306,0.005826,0.002994
SA3,0.025428,0.029472,0.008658
SA4,0.015528,0.080915,0.007357
SA5,0.007416,0.012686,0.005761
SA6,0.004712,0.049623,0.001747
SA7,0.007279,0.072485,0.006592
SA8,0.011273,0.071249,0.004179
SA9,0.016776,0.146517,0.002317
SA10,0.015881,0.032256,0.009255
SA11,0.174221,0.293682,0.082043
SA12,0.020574,0.218031,0.011578
SA13,0.046225,0.194421,0.025896
SA14,0.019666,0.061047,0.011557
SA15,0.044967,0.195272,0.017478
SA16,0.034772,0.085508,0.015711
SA17,0.025866,0.061554,0.014140
SA18,0.044596,0.105180,0.021059
SA19,0.037574,0.072041,0.028953
SA20,0.065985,0.181334,0.053070
SA31,0.011866,0.053372,0.006004
SA32,0.013307,0.029940,0.003159
SA33,0.035973,0.055748,0.029497
SA34,0.006325,0.091153,0.001297
SA35,0.025196,0.040561,0.021298
SA36,0.018135,0.048863,0.010338
SA37,0.032433,0.044491,0.029373
SA38,0.026741,0.040936,0.011156
SA39,0.011487,0.025844,0.009709
SA40,0.028049,0.043423,0.018272
SA41,0.042138,0.056930,0.025155
SA42,0.031784,0.042942,0.018974
SA43,0.043396,0.060980,0.035902
SA44,0.024464,0.036211,0.019676
SA45,0.022475,0.030831,0.020355
SA46,0.087237,0.170241,0.071670
SA47,0.027550,0.037793,0.024951
SA48,0.019390,0.032089,0.011078
SA61,0.005797,0.053201,0.002988
SA62,0.013283,0.019113,0.011088
SA63,0.005205,0.023285,0.002967
SA64,0.020831,0.036705,0.018866
SA65,0.021219,0.025650,0.020095
SA66,0.008536,0.013742,0.007216
SA67,0.014912,0.022828,0.006221
SA68,0.032151,0.037658,0.030754
SA69,0.014641,0.025799,0.007546
SA70,0.010392,0.035341,0.007564
SA71,0.029981,0.032255,0.027018
SA72,0.030165,0.052097,0.010475
SA73,0.010350,0.015008,0.005237
SE1,0.001206,0.001261,0.001142
SE2,0.036417,0.072500,0.012955
SE3,0.013275,0.014703,0.006650
SE4,0.000567,0.005119,0.000305
SE5,0.000307,0.000428,0.000165
SE6,0.013455,0.029110,0.000168
SE7,0.000610,0.000851,0.000328
SE8,0.038382,0.090285,0.019208
SE9,0.002746,0.003674,0.001802
SE10,0.041429,0.058483,0.015890
SE11,0.000538,0.000750,0.000289
SE12,0.058534,0.072273,0.029286
SE13,0.128283,0.138054,0.095104
SE14,0.000620,0.000865,0.000334
SE15,0.000221,0.000308,0.000119
SE16,0.002071,0.002166,0.001960
SE17,0.000388,0.000542,0.000209
SE18,0.005818,0.006595,0.004325
SE19,0.000439,0.000612,0.000236
SE20,0.004579,0.006812,0.002309
SE21,0.000882,0.001229,0.000474
SE22,0.000514,0.000717,0.000277
SE23,0.000424,0.000591,0.000228
SE24,0.000856,0.001193,0.000460
SE25,0.000414,0.008489,0.000223
SE26,0.024302,0.024467,0.003409
SE27,0.000680,0.000948,0.000366
SE28,0.005106,0.005339,0.002575
SG1,0.000260,0.008814,0.000188
SG2,0.005012,0.017052,0.000264
SG3,0.001407,0.003045,0.001015
SG4,0.012489,0.020620,0.006873
SG5,0.006776,0.020045,0.001317
SG6,0.002484,0.003951,0.001317
SG7,0.005088,0.005894,0.004895
SG8,0.015859,0.019268,0.015010
SG9,0.004393,0.022167,0.002329
SG10,0.018230,0.028992,0.009664
SG11,0.015907,0.067209,0.008129
SG12,0.054690,0.131176,0.049160
SG13,0.052394,0.071195,0.031972
SG14,0.041837,0.099653,0.030568
SG15,0.002251,0.033443,0.001624
SG16,0.029373,0.040381,0.019662
SG17,0.003684,0.004711,0.003438
SG18,0.018811,0.024549,0.010811
SG19,0.012374,0.035241,0.010755
SK1,0.017567,0.106231,0.013150
SK2,0.003705,0.011023,0.000217
SK3,0.000306,0.014009,0.000211
SK4,0.006523,0.011954,0.005192
SK5,0.000299,0.000809,0.000205
SK6,0.004129,0.011548,0.001694
SK7,0.009006,0.017160,0.004047
SK8,0.013292,0.045246,0.007833
SK9,0.001015,0.008985,0.000965
SK10,0.003320,0.012295,0.003273
SK11,0.007348,0.026484,0.001012
SK12,0.004346,0.026846,0.000254
SK13,0.030277,0.047647,0.026206
SK14,0.000150,0.004428,0.000103
SK15,0.029685,0.050741,0.023717
SK16,0.004671,0.030991,0.000273
SK17,0.010569,0.028191,0.008784
SK22,0.017920,0.021206,0.010294
SK23,0.027916,0.056073,0.024132
SL0,0.002883,0.015951,0.001378
SL1,0.043302,0.062116,0.033111
SL2,0.021364,0.044201,0.016440
SL3,0.104397,0.168621,0.064985
SL4,0.055709,0.298800,0.017158
SL5,0.024488,0.033442,0.023859
SL6,0.063977,0.190440,0.019627
SL7,0.084476,0.215031,0.018187
SL8,0.116915,0.203382,0.060199
SL9,0.003583,0.025651,0.000584
SM1,0.001277,0.006521,0.001254
SM2,0.000064,0.000501,0.000032
SM3,0.005253,0.021396,0.002627
SM4,0.005238,0.045348,0.001757
SM5,0.002859,0.022863,0.001429
SM6,0.000051,0.011025,0.000025
SM7,0.000082,0.000645,0.000041
SN1,0.000193,0.000488,0.000134
SN2,0.003666,0.009753,0.003613
SN3,0.009619,0.037512,0.004832
SN4,0.005066,0.007787,0.003789
SN5,0.001324,0.007347,0.001271
SN6,0.005979,0.007749,0.004472
SN7,0.012434,0.016309,0.008875
SN8,0.008791,0.021982,0.004426
SN9,0.035839,0.042412,0.032753
SN10,0.000127,0.000320,0.000088
SN11,0.004022,0.018362,0.002686
SN12,0.002615,0.023574,0.001342
SN13,0.004659,0.004996,0.004591
SN14,0.006294,0.013692,0.004200
SN15,0.014960,0.053420,0.005549
SN16,0.011581,0.017660,0.009611
SN25,0.016945,0.026799,0.016890
SN26,0.001605,0.004060,0.001111
SO14,0.102529,0.131815,0.065863
SO15,0.020977,0.031080,0.015508
SO16,0.004738,0.008125,0.004688
SO17,0.007313,0.012233,0.004932
SO18,0.010159,0.015862,0.007892
SO19,0.005229,0.007073,0.004336
SO20,0.025777,0.048558,0.017256
SO21,0.005764,0.010080,0.002985
SO22,0.000404,0.000700,0.000304
SO23,0.008807,0.023086,0.007304
SO24,0.013858,0.018746,0.013691
SO30,0.002875,0.005648,0.002780
SO31,0.011257,0.013138,0.011192
SO32,0.001900,0.005138,0.001790
SO40,0.035394,0.069762,0.026783
SO41,0.013573,0.028965,0.010654
SO42,0.035425,0.042301,0.029379
SO43,0.002024,0.003507,0.001520
SO45,0.009653,0.025446,0.007499
SO50,0.002574,0.006643,0.000958
SO51,0.026242,0.062976,0.021446
SO52,0.001491,0.002583,0.001119
SO53,0.014309,0.036662,0.011895
SP1,0.064150,0.150048,0.018963
SP2,0.044768,0.122510,0.017310
SP3,0.026648,0.053368,0.017702
SP4,0.010307,0.014352,0.005630
SP5,0.012961,0.028863,0.008920
SP6,0.015477,0.035952,0.005328
SP7,0.013292,0.018789,0.012992
SP8,0.021598,0.032866,0.016059
SP9,0.039315,0.047873,0.035223
SP10,0.001568,0.016247,0.000272
SP11,0.018671,0.027449,0.016998
SR1,0.003479,0.003606,0.000032
SR2,0.000014,0.003521,0.000011
SR3,0.002139,0.007491,0.002135
SR4,0.001046,0.001084,0.001043
SR5,0.000013,0.000051,0.000010
SR6,0.000017,0.004088,0.000012
SR7,0.000014,0.001197,0.000011
SR8,0.000013,0.000051,0.000010
SS0,0.004296,0.012924,0.002870
SS1,0.013114,0.023335,0.013031
SS2,0.000243,0.022165,0.000168
SS3,0.040794,0.109462,0.026123
SS4,0.035108,0.075519,0.028388
SS5,0.000309,0.010051,0.000214
SS6,0.001575,0.008799,0.000159
SS7,0.000153,0.013062,0.000106
SS8,0.002390,0.003896,0.002333
SS9,0.006816,0.016671,0.003914
SS11,0.027552,0.068071,0.025351
SS12,0.010000,0.075631,0.007477
SS13,0.002317,0.016907,0.000234
SS14,0.003091,0.005040,0.001593
SS15,0.000261,0.002363,0.000181
SS16,0.001739,0.002285,0.001661
SS17,0.012890,0.050112,0.002684
ST1,0.001272,0.004810,0.000096
ST2,0.000187,0.002997,0.000111
ST3,0.001315,0.001428,0.000053
ST4,0.026759,0.073225,0.018467
ST5,0.007030,0.014080,0.005013
ST6,0.000703,0.003271,0.000667
ST7,0.007554,0.011414,0.002298
ST8,0.000266,0.002438,0.000158
ST9,0.000417,0.003818,0.000247
ST10,0.015800,0.019626,0.013324
ST11,0.015882,0.028080,0.015655
ST12,0.001076,0.002435,0.000637
ST13,0.012247,0.016845,0.004490
ST14,0.016270,0.022378,0.011804
ST15,0.004632,0.013739,0.001599
ST16,0.009309,0.022090,0.000098
ST17,0.001239,0.004685,0.001175
ST18,0.006795,0.012014,0.003420
ST19,0.000309,0.036870,0.000183
ST20,0.000618,0.001399,0.000366
ST21,0.000618,0.005654,0.000366
SW1A,0.022022,0.026463,0.020684
SW1E,0.002288,0.006865,0.000909
SW1H,0.002411,0.007234,0.000958
SW1P,0.000507,0.001522,0.000201
SW1V,0.000401,0.001204,0.000159
SW1W,0.000669,0.002008,0.000266
SW1X,0.000596,0.001789,0.000237
SW1Y,0.001384,0.004153,0.000550
SW2,0.000221,0.000664,0.000088
SW3,0.001466,0.002003,0.001304
SW4,0.000244,0.000732,0.000097
SW5,0.000745,0.002235,0.000296
SW6,0.000156,0.000467,0.000062
SW7,0.000401,0.001204,0.000159
SW8,0.000264,0.000791,0.000105
SW9,0.000235,0.000704,0.000093
SW10,0.000485,0.001456,0.000193
SW11,0.001509,0.068299,0.001417
SW12,0.000382,0.001146,0.000152
SW13,0.000590,0.064928,0.000234
SW14,0.000604,0.096153,0.000240
SW15,0.000189,0.008984,0.000075
SW16,0.023565,0.035225,0.014407
SW17,0.012398,0.069648,0.002119
SW18,0.107737,0.209912,0.036198
SW19,0.010826,0.038764,0.002570
SW20,0.023827,0.046257,0.016377
SY1,0.030261,0.112356,0.011353
SY2,0.012767,0.046143,0.007347
SY3,0.031144,0.049758,0.018339
SY4,0.009774,0.014076,0.004949
SY5,0.006964,0.015892,0.004935
SY6,0.052105,0.056940,0.048572
SY7,0.020153,0.028252,0.016323
SY8,0.017844,0.032143,0.011464
SY9,0.003293,0.007350,0.002079
SY10,0.043196,0.067070,0.029587
SY11,0.006586,0.016328,0.005385
SY12,0.001287,0.002873,0.000813
SY13,0.001711,0.009230,0.000363
SY14,0.006945,0.011446,0.006427
SY15,0.034571,0.047752,0.026619
SY16,0.018557,0.072896,0.015312
SY17,0.202601,0.318625,0.099078
SY18,0.031150,0.058639,0.009627
SY19,0.033880,0.096377,0.004326
SY20,0.052464,0.095879,0.038042
SY21,0.029251,0.067812,0.019863
SY22,0.038035,0.090166,0.028387
SY23,0.025879,0.117352,0.011954
SY24,0.100653,0.189829,0.075123
SY25,0.065988,0.153753,0.048171
TA1,0.014865,0.130820,0.009291
TA2,0.016673,0.033235,0.015050
TA3,0.037709,0.054677,0.024120
TA4,0.031065,0.036858,0.023481
TA5,0.026365,0.087453,0.020112
TA6,0.044193,0.459918,0.008162
TA7,0.015197,0.160009,0.010091
TA8,0.010561,0.692949,0.007747
TA9,0.044454,0.592852,0.004892
TA10,0.034988,0.078758,0.012057
TA11,0.006015,0.014148,0.005491
TA12,0.035508,0.054440,0.018159
TA13,0.034174,0.055646,0.026693
TA14,0.052379,0.075943,0.050258
TA15,0.013434,0.069464,0.008391
TA16,0.007954,0.054288,0.004969
TA17,0.010991,0.056835,0.006866
TA18,0.006276,0.017171,0.003320
TA19,0.038948,0.062225,0.034021
TA20,0.010159,0.014316,0.008710
TA21,0.021477,0.032538,0.015261
TA22,0.029343,0.084429,0.007213
TA23,0.027958,0.070316,0.019771
TA24,0.085629,0.121853,0.078046
TD1,0.105616,0.132924,0.055623
TD2,0.009449,0.012415,0.005079
TD3,0.017752,0.023326,0.009542
TD4,0.096600,0.115393,0.050959
TD5,0.017764,0.027260,0.009380
TD6,0.025981,0.031487,0.013708
TD7,0.123134,0.153353,0.064867
TD8,0.067269,0.089612,0.035460
TD9,0.101158,0.130863,0.053273
TD10,0.035027,0.057089,0.018648
TD11,0.019973,0.024400,0.010557
TD12,0.020361,0.065116,0.014499
TD13,0.018898,0.024831,0.010157
TD14,0.078124,0.079482,0.041177
TD15,0.009302,0.020755,0.008327
TF1,0.005677,0.006661,0.003790
TF2,0.000969,0.004643,0.000047
TF3,0.000109,0.001760,0.000081
TF4,0.000110,0.000192,0.000082
TF5,0.015214,0.015595,0.000381
TF6,0.003405,0.009939,0.003350
TF7,0.000148,0.004542,0.000111
TF8,0.025346,0.050605,0.020259
TF9,0.002013,0.004009,0.001996
TF10,0.000103,0.000181,0.000077
TF11,0.004374,0.006598,0.004338
TF12,0.004160,0.004362,0.004093
TF13,0.018329,0.018563,0.018252
TN1,0.001399,0.002289,0.000990
TN2,0.004460,0.021267,0.000482
TN3,0.007844,0.023983,0.005843
TN4,0.000694,0.006264,0.000491
TN5,0.001268,0.002075,0.000897
TN6,0.000634,0.001037,0.000448
TN7,0.013174,0.016119,0.011820
TN8,0.049551,0.091816,0.014554
TN9,0.137482,0.206376,0.033849
TN10,0.023159,0.038558,0.020347
TN11,0.035724,0.071121,0.013902
TN12,0.121354,0.209138,0.097361
TN13,0.019704,0.029656,0.015424
TN14,0.009376,0.015035,0.004032
TN15,0.006886,0.011459,0.006719
TN16,0.020593,0.035937,0.010481
TN17,0.003851,0.007403,0.002095
TN18,0.004246,0.005195,0.003810
TN19,0.007746,0.014502,0.001925
TN20,0.002820,0.004614,0.001995
TN21,0.000769,0.002679,0.000544
TN22,0.011777,0.016210,0.007534
TN23,0.051155,0.093002,0.049983
TN24,0.008484,0.030980,0.005685
TN25,0.003305,0.012856,0.003099
TN26,0.021294,0.031155,0.021002
TN27,0.014545,0.021168,0.009730
TN28,0.055687,0.063130,0.052010
TN29,0.058518,0.105540,0.039672
TN30,0.006516,0.007400,0.006110
TN31,0.071906,0.087474,0.036162
TN32,0.033496,0.050533,0.017188
TN33,0.009230,0.013996,0.008909
TN34,0.053707,0.057061,0.053481
TN35,0.006080,0.011689,0.005701
TN36,0.045421,0.122016,0.035926
TN37,0.001154,0.001889,0.000817
TN38,0.032888,0.037994,0.032646
TN39,0.028850,0.033548,0.028628
TN40,0.011557,0.012166,0.011277
TQ1,0.026423,0.031238,0.000559
TQ2,0.021676,0.027516,0.011480
TQ3,0.009063,0.017476,0.007301
TQ4,0.030329,0.054723,0.026368
TQ5,0.033436,0.040087,0.016087
TQ6,0.102427,0.113869,0.099582
TQ7,0.036002,0.042957,0.035641
TQ8,0.069867,0.071600,0.068205
TQ9,0.060036,0.076534,0.031725
TQ10,0.014311,0.036247,0.012650
TQ11,0.056515,0.121706,0.043130
TQ12,0.056923,0.092543,0.012908
TQ13,0.044519,0.053400,0.040404
TQ14,0.037627,0.077541,0.023492
TR1,0.009555,0.017293,0.003005
TR2,0.013632,0.015631,0.009712
TR3,0.016875,0.019059,0.010614
TR4,0.010333,0.012396,0.010020
TR5,0.017518,0.018040,0.016686
TR6,0.141842,0.148231,0.025263
TR7,0.006835,0.006994,0.006582
TR8,0.012179,0.017195,0.011907
TR9,0.011717,0.018689,0.007850
TR10,0.052128,0.052396,0.049164
TR11,0.012317,0.015367,0.011170
TR12,0.012173,0.014602,0.011803
TR13,0.024985,0.039187,0.009425
TR14,0.012226,0.014668,0.010871
TR15,0.018882,0.019029,0.017253
TR16,0.028565,0.031643,0.028320
TR17,0.022666,0.032536,0.021166
TR18,0.043447,0.055463,0.037302
TR19,0.045696,0.045892,0.045383
TR20,0.025259,0.044112,0.017482
TR21,0.054031,0.067190,0.052031
TR22,0.025647,0.030666,0.017647
TR23,0.025647,0.030666,0.017647
TR24,0.070516,0.073444,0.065850
TR25,0.023417,0.028000,0.016112
TR26,0.087711,0.087872,0.028004
TR27,0.042033,0.056507,0.029233
TS1,0.014795,0.024232,0.000171
TS2,0.097971,0.122020,0.000705
TS3,0.004717,0.037358,0.003455
TS4,0.032625,0.053926,0.002074
TS5,0.001183,0.018796,0.001057
TS6,0.002404,0.009150,0.002263
TS7,0.005162,0.007156,0.004952
TS8,0.000561,0.003654,0.000236
TS9,0.026949,0.115881,0.010788
TS10,0.015052,0.018991,0.014931
TS11,0.000598,0.001251,0.000252
TS12,0.000331,0.002159,0.000140
TS13,0.012623,0.025296,0.012307
TS14,0.025002,0.033030,0.019084
TS15,0.105075,0.107684,0.002291
TS16,0.000618,0.001292,0.000260
TS17,0.016644,0.033307,0.007821
TS18,0.020782,0.033606,0.016072
TS19,0.000224,0.009398,0.000094
TS20,0.000417,0.004562,0.000176
TS21,0.000407,0.004447,0.000171
TS22,0.000635,0.001328,0.000268
TS23,0.001588,0.004498,0.000123
TS24,0.018344,0.051973,0.018163
TS25,0.000211,0.005100,0.000089
TS26,0.001824,0.003680,0.000142
TS27,0.000557,0.001164,0.000235
TS28,0.001228,0.018873,0.000518
TS29,0.001056,0.002209,0.000445
TW1,0.039784,0.151555,0.012008
TW2,0.002113,0.015954,0.001074
TW3,0.001608,0.003986,0.000817
TW4,0.002690,0.006668,0.001367
TW5,0.002894,0.007174,0.001470
TW6,0.013924,0.034518,0.007074
TW7,0.004205,0.023691,0.002115
TW8,0.033611,0.112632,0.023293
TW9,0.005695,0.017771,0.004654
TW10,0.004281,0.146930,0.003140
TW11,0.088410,0.181530,0.081837
TW12,0.005757,0.016156,0.002896
TW13,0.001738,0.004308,0.000883
TW14,0.002450,0.006075,0.001245
TW15,0.003303,0.119416,0.000910
TW16,0.038372,0.127251,0.035364
TW17,0.256359,0.630175,0.098581
TW18,0.290309,0.657367,0.138952
TW19,0.199959,0.236743,0.101250
TW20,0.170789,0.336304,0.074656
UB1,0.000313,0.000800,0.000159
UB2,0.000353,0.000903,0.000179
UB3,0.000200,0.000511,0.000102
UB4,0.012981,0.051535,0.005786
UB5,0.000233,0.003036,0.000118
UB6,0.030132,0.040056,0.019254
UB7,0.006620,0.032364,0.004892
UB8,0.010906,0.049916,0.009450
UB9,0.031961,0.043889,0.006975
UB10,0.007209,0.027065,0.000134
UB11,0.005774,0.014745,0.002931
W1B,0.000061,0.000156,0.000031
W1C,0.000119,0.000305,0.000059
W1D,0.000027,0.000069,0.000013
W1F,0.000024,0.000062,0.000012
W1G,0.000027,0.000068,0.000013
W1H,0.000027,0.000068,0.000013
W1J,0.000029,0.000074,0.000014
W1K,0.000021,0.000055,0.000011
W1S,0.000034,0.000086,0.000017
W1T,0.000020,0.000052,0.000010
W1U,0.000018,0.000045,0.000009
W1W,0.000030,0.000076,0.000015
W2,0.000018,0.000046,0.000009
W3,0.000016,0.000041,0.000008
W4,0.003971,0.003999,0.003962
W5,0.001059,0.002128,0.000010
W6,0.000025,0.000064,0.000012
W7,0.017718,0.039386,0.007877
W8,0.000030,0.000076,0.000015
W9,0.000033,0.000085,0.000017
W10,0.000027,0.000069,0.000013
W11,0.000027,0.000069,0.000013
W12,0.000024,0.000061,0.000012
W13,0.003444,0.025678,0.000016
W14,0.000030,0.000077,0.000015
WA1,0.057182,0.279341,0.017668
WA2,0.011106,0.076574,0.000149
WA3,0.012255,0.022056,0.008806
WA4,0.020407,0.143512,0.009479
WA5,0.047727,0.077323,0.031523
WA6,0.004350,0.009043,0.004201
WA7,0.011750,0.019651,0.004173
WA8,0.016892,0.032074,0.000731
WA9,0.004037,0.015208,0.003161
WA10,0.003523,0.027062,0.003403
WA11,0.008919,0.011438,0.008778
WA12,0.000442,0.002966,0.000215
WA13,0.018240,0.027322,0.006165
WA14,0.011047,0.017003,0.005520
WA15,0.006215,0.022958,0.005237
WA16,0.001098,0.005049,0.000118
WC1A,0.000082,0.000082,0.000082
WC1B,0.000065,0.000065,0.000065
WC1E,0.000084,0.000084,0.000084
WC1H,0.000033,0.000033,0.000033
WC1N,0.000034,0.000034,0.000034
WC1R,0.000098,0.000098,0.000098
WC1V,0.000093,0.000093,0.000093
WC1X,0.000027,0.000027,0.000027
WC2A,0.000083,0.000083,0.000083
WC2B,0.000052,0.000052,0.000052
WC2E,0.000054,0.000054,0.000054
WC2H,0.000028,0.000028,0.000028
WC2N,0.007420,0.007420,0.007420
WC2R,0.000089,0.000089,0.000089
WD3,0.036964,0.054234,0.028712
WD4,0.003425,0.022556,0.003136
WD5,0.001037,0.001609,0.000637
WD6,0.001246,0.002370,0.001141
WD7,0.022045,0.027164,0.009911
WD17,0.019325,0.029015,0.002204
WD18,0.007305,0.010983,0.007121
WD19,0.016139,0.027806,0.008831
WD23,0.019617,0.023951,0.009853
WD24,0.002502,0.006711,0.000337
WD25,0.000415,0.003598,0.000255
WF1,0.013947,0.042666,0.002711
WF2,0.033303,0.109645,0.005390
WF3,0.000369,0.016493,0.000185
WF4,0.018364,0.040131,0.008789
WF5,0.002023,0.004535,0.001755
WF6,0.010742,0.016972,0.005371
WF7,0.004040,0.025766,0.002020
WF8,0.006315,0.009977,0.005144
WF9,0.002884,0.013774,0.000154
WF10,0.018061,0.092122,0.004992
WF11,0.052995,0.097558,0.036425
WF12,0.008953,0.070617,0.006301
WF13,0.052547,0.172667,0.029013
WF14,0.039794,0.068224,0.027563
WF15,0.053915,0.064729,0.045969
WF16,0.011911,0.016522,0.011420
WF17,0.005734,0.018077,0.001965
WN1,0.008399,0.026498,0.001920
WN2,0.029938,0.060015,0.025155
WN3,0.045811,0.091867,0.022285
WN4,0.007074,0.011185,0.006867
WN5,0.007811,0.008373,0.004488
WN6,0.001435,0.007310,0.001300
WN7,0.028745,0.106175,0.016086
WN8,0.002617,0.009888,0.002476
WR1,0.052960,0.082178,0.037104
WR2,0.015249,0.022937,0.013903
WR3,0.013486,0.019405,0.004132
WR4,0.005723,0.007815,0.003855
WR5,0.010382,0.035562,0.006535
WR6,0.008136,0.012301,0.004217
WR7,0.014138,0.015069,0.009524
WR8,0.060444,0.109225,0.057359
WR9,0.016292,0.022223,0.015054
WR10,0.009586,0.011432,0.007939
WR11,0.025225,0.033152,0.018270
WR12,0.028672,0.074915,0.019221
WR13,0.008512,0.011623,0.005734
WR14,0.003249,0.003463,0.000241
WR15,0.019913,0.050583,0.012118
WS1,0.054573,0.060011,0.001871
WS2,0.008440,0.020913,0.001464
WS3,0.000159,0.000262,0.000068
WS4,0.017504,0.023483,0.005877
WS5,0.000413,0.000681,0.000175
WS6,0.000457,0.009252,0.000194
WS7,0.000237,0.000391,0.000101
WS8,0.000476,0.000785,0.000202
WS9,0.001882,0.003673,0.001732
WS10,0.003463,0.007959,0.003361
WS11,0.002136,0.002239,0.002044
WS12,0.000214,0.000352,0.000091
WS13,0.002448,0.010494,0.000078
WS14,0.002123,0.004143,0.001953
WS15,0.026542,0.047376,0.021742
WV1,0.002080,0.002285,0.002034
WV2,0.000195,0.000434,0.000141
WV3,0.000142,0.000315,0.000103
WV4,0.002802,0.002947,0.002770
WV5,0.008516,0.010823,0.000133
WV6,0.000087,0.005144,0.000063
WV7,0.000399,0.000887,0.000289
WV8,0.000199,0.000444,0.000145
WV9,0.005522,0.006067,0.005399
WV10,0.004416,0.012322,0.001791
WV11,0.000127,0.000283,0.000092
WV12,0.000170,0.000379,0.000124
WV13,0.025865,0.073508,0.021865
WV14,0.005980,0.010015,0.003992
WV15,0.019701,0.032994,0.019623
WV16,0.003708,0.007452,0.003665
YO1,0.209214,0.240964,0.082586
YO7,0.013144,0.025654,0.009788
YO8,0.150271,0.537853,0.116227
YO10,0.025868,0.032209,0.014652
YO11,0.006348,0.015913,0.006018
YO12,0.007643,0.010031,0.006225
YO13,0.038415,0.057028,0.030955
YO14,0.001700,0.004323,0.001113
YO15,0.003455,0.048095,0.000940
YO16,0.015545,0.053421,0.003578
YO17,0.026508,0.092561,0.017662
YO18,0.065251,0.104107,0.051058
YO19,0.104377,0.227341,0.086070
YO21,0.011322,0.040833,0.009494
YO22,0.023233,0.060319,0.022702
YO23,0.090881,0.202719,0.041397
YO24,0.012606,0.037347,0.009357
YO25,0.012871,0.022389,0.011239
YO26,0.016641,0.058605,0.014101
YO30,0.022968,0.102057,0.007990
YO31,0.040685,0.065680,0.016748
YO32,0.013405,0.037305,0.006840
YO41,0.017172,0.024069,0.014400
YO42,0.022400,0.049339,0.005986
YO43,0.001432,0.005659,0.000938
YO51,0.002574,0.024663,0.001686
YO60,0.006242,0.017544,0.005348
YO61,0.009754,0.011348,0.005037
YO62,0.039285,0.061696,0.030947
ZE1,0.000091,0.000091,0.000048
ZE2,0.003068,0.003068,0.001615
ZE3,0.000966,0.000966,0.000509
