district,frost_1991_2020,frost_2006_2025
AB10,39.8,38.35
AB11,29.667,28.8
AB12,45.0,44.4
AB13,61.567,60.2
AB14,61.667,62.1
AB15,55.867,53.95
AB16,44.333,42.85
AB21,53.567,52.75
AB22,36.1,35.15
AB23,39.567,38.7
AB24,31.9,31.1
AB25,35.833,34.7
AB30,62.333,62.85
AB31,85.2,85.35
AB32,67.1,65.85
AB33,93.667,94.0
AB34,101.9,104.8
AB35,135.767,131.5
AB36,130.333,128.0
AB37,114.633,112.8
AB38,79.667,78.5
AB39,61.867,63.05
AB41,57.1,56.2
AB42,49.333,49.4
AB43,45.633,45.6
AB44,37.833,38.45
AB45,53.7,54.45
AB51,74.3,74.2
AB52,80.267,80.95
AB53,70.767,71.55
AB54,84.567,85.0
AB55,86.233,85.25
AB56,47.867,48.5
AL1,42.067,39.7
AL10,42.133,39.55
AL2,41.967,39.7
AL3,44.267,41.9
AL4,42.4,40.0
AL5,43.8,41.4
AL6,43.9,41.2
AL7,41.6,39.05
AL8,41.833,39.3
AL9,43.267,40.35
B1,37.2,33.05
B10,38.667,35.1
B11,39.233,35.45
B12,38.733,34.25
B13,41.667,37.25
B14,44.8,39.95
B15,40.567,35.8
B16,36.6,32.8
B17,40.9,36.2
B18,35.867,31.95
B19,35.9,32.25
B2,37.2,33.05
B20,36.333,32.95
B21,37.033,33.55
B23,38.067,35.1
B24,38.367,35.3
B25,40.7,37.3
B26,45.2,41.95
B27,41.733,38.0
B28,42.5,38.3
B29,43.867,38.7
B3,35.9,31.9
B30,43.933,39.3
B31,48.067,43.7
B32,45.933,41.35
B33,41.7,38.1
B34,40.6,37.45
B35,39.333,36.4
B36,40.333,37.35
B37,45.867,43.2
B38,49.267,44.7
B4,36.433,32.5
B40,51.0,47.7
B42,38.6,35.45
B43,40.467,37.35
B44,40.3,37.2
B45,51.633,47.6
B46,44.933,42.35
B47,50.633,46.45
B48,50.533,46.3
B49,47.833,44.25
B5,38.967,34.45
B50,47.7,44.4
B6,35.6,32.35
B60,46.767,43.5
B61,46.667,43.4
B62,48.267,43.9
B63,43.133,39.3
B64,39.6,35.7
B65,40.3,36.45
B66,37.367,33.7
B67,40.067,36.1
B68,40.833,36.85
B69,37.867,34.65
B7,35.8,32.4
B70,37.133,34.0
B71,37.467,34.35
B72,40.633,37.3
B73,41.067,38.1
B74,43.467,40.9
B75,45.5,42.35
B76,42.567,39.65
B77,41.967,38.7
B78,43.633,40.4
B79,44.9,41.5
B8,37.333,34.1
B80,45.967,42.85
B9,38.067,34.45
B90,47.4,43.65
B91,48.633,44.9
B92,49.7,45.95
B93,51.733,47.7
B94,52.9,48.6
B95,51.067,46.7
B96,44.033,41.1
B97,46.667,43.5
B98,47.9,44.45
BA1,38.467,36.25
BA10,43.167,43.35
BA11,43.1,41.1
BA12,50.2,46.15
BA13,48.367,45.0
BA14,46.367,43.95
BA15,45.767,43.25
BA16,36.067,35.05
BA2,38.633,36.5
BA20,43.6,40.7
BA21,47.667,45.0
BA22,44.967,43.0
BA3,39.833,38.15
BA4,41.267,40.7
BA5,37.033,35.85
BA6,37.067,35.7
BA7,40.733,42.2
BA8,42.8,43.35
BA9,42.5,43.0
BB1,38.433,35.55
BB10,52.667,49.1
BB11,47.267,43.75
BB12,41.933,39.45
BB18,50.833,49.8
BB2,38.533,35.95
BB3,45.7,42.35
BB4,49.033,44.75
BB5,41.9,38.65
BB6,37.2,34.2
BB7,47.867,44.2
BB8,54.8,52.1
BB9,49.667,47.15
BD1,35.567,33.1
BD10,37.9,35.3
BD11,44.833,41.1
BD12,41.033,37.6
BD13,52.3,45.9
BD14,46.6,41.75
BD15,47.367,41.9
BD16,44.867,40.2
BD17,40.7,37.2
BD18,39.3,36.2
BD19,40.7,37.35
BD2,40.467,36.9
BD20,49.933,47.1
BD21,45.467,40.7
BD22,58.433,53.6
BD23,61.367,58.4
BD24,62.633,59.05
BD3,39.1,35.9
BD4,42.567,39.0
BD5,39.7,36.5
BD6,46.0,41.45
BD7,39.867,36.55
BD8,38.233,35.35
BD9,42.667,38.75
BH1,29.8,29.15
BH10,42.133,40.6
BH11,38.3,37.8
BH12,29.167,30.45
BH13,26.867,26.85
BH14,25.767,26.85
BH15,27.3,28.9
BH16,38.433,37.85
BH17,30.2,32.2
BH18,34.033,35.8
BH19,19.133,17.85
BH2,28.233,27.9
BH20,33.667,31.55
BH21,48.5,46.9
BH22,51.633,50.0
BH23,44.433,42.35
BH24,55.5,52.45
BH25,39.167,36.9
BH3,34.033,33.3
BH31,53.733,51.25
BH4,28.367,28.3
BH5,29.5,28.55
BH6,28.533,28.1
BH7,33.4,32.35
BH8,36.867,35.3
BH9,41.267,39.5
BL0,48.2,44.75
BL1,46.9,44.25
BL2,40.6,38.6
BL3,38.1,36.6
BL4,36.433,35.1
BL5,39.867,38.1
BL6,46.633,43.3
BL7,52.2,47.95
BL8,45.433,42.1
BL9,42.1,40.05
BN1,33.367,33.15
BN10,21.733,20.9
BN11,26.267,24.8
BN12,28.533,26.35
BN13,43.833,41.4
BN14,42.367,39.95
BN15,37.233,36.05
BN16,35.867,32.7
BN17,32.5,28.95
BN18,46.8,43.05
BN2,25.4,24.65
BN20,20.9,19.0
BN21,19.867,18.0
BN22,25.633,23.75
BN23,24.867,23.2
BN24,25.667,23.8
BN25,25.767,24.25
BN26,36.1,34.0
BN27,34.467,32.3
BN3,25.433,24.95
BN41,31.433,30.9
BN42,27.733,26.95
BN43,33.233,32.25
BN44,43.967,41.8
BN45,44.233,42.65
BN5,42.433,40.6
BN6,44.7,42.0
BN7,33.567,32.55
BN8,41.1,39.1
BN9,26.567,25.5
BR1,31.4,30.4
BR2,36.233,34.7
BR3,29.7,28.85
BR4,34.967,33.8
BR5,40.867,38.15
BR6,45.933,42.9
BR7,34.3,32.95
BR8,46.3,42.0
BS1,28.2,28.85
BS10,25.9,27.15
BS11,21.8,23.5
BS13,31.967,31.2
BS14,34.533,33.45
BS15,34.433,33.7
BS16,36.667,36.25
BS2,29.233,29.85
BS20,20.733,21.55
BS21,22.2,21.95
BS22,24.567,23.7
BS23,18.333,17.6
BS24,29.933,29.05
BS25,37.333,35.9
BS26,33.767,32.4
BS27,32.2,31.75
BS28,31.9,31.65
BS29,37.967,36.4
BS3,28.633,29.1
BS30,38.567,36.55
BS31,35.667,34.1
BS32,34.333,35.15
BS34,33.867,34.45
BS35,32.3,32.55
BS36,38.5,38.65
BS37,43.333,41.8
BS39,37.7,35.9
BS4,30.7,30.7
BS40,38.033,36.2
BS41,35.2,33.4
BS48,31.567,30.75
BS49,34.367,33.05
BS5,30.667,31.0
BS6,30.6,31.15
BS7,31.467,32.0
BS8,30.7,30.25
BS9,27.433,28.4
CA1,42.533,39.85
CA10,71.267,68.3
CA11,63.333,59.25
CA12,59.633,56.8
CA13,56.5,56.55
CA14,47.967,49.95
CA15,39.4,40.85
CA16,68.433,66.05
CA17,72.2,68.85
CA18,47.533,44.65
CA19,48.067,46.3
CA2,43.3,40.7
CA20,55.867,53.4
CA21,32.7,31.2
CA22,41.967,41.65
CA23,61.367,59.45
CA24,30.7,30.1
CA25,36.267,36.15
CA26,45.167,46.05
CA27,24.267,24.1
CA28,29.967,29.3
CA3,41.6,38.85
CA4,54.367,50.1
CA5,49.867,47.1
CA6,56.8,52.4
CA7,50.433,48.45
CA8,64.9,59.2
CA9,97.933,90.8
CB1,44.667,40.65
CB10,48.767,45.0
CB11,48.767,45.2
CB2,45.633,41.35
CB21,48.967,45.2
CB22,46.4,42.55
CB23,45.633,42.25
CB24,42.067,39.35
CB25,43.333,40.7
CB3,42.633,39.5
CB4,39.933,37.35
CB5,41.867,39.3
CB6,45.167,43.2
CB7,42.567,40.1
CB8,44.6,41.4
CB9,52.167,49.3
CF10,28.8,28.4
CF11,32.433,31.65
CF14,41.867,40.4
CF15,44.267,42.75
CF23,33.333,32.9
CF24,27.333,27.05
CF3,30.633,30.25
CF31,30.433,29.0
CF32,38.167,36.2
CF33,23.8,21.75
CF34,43.0,41.1
CF35,37.9,36.3
CF36,18.133,15.45
CF37,42.733,41.0
CF38,40.967,39.75
CF39,45.633,43.6
CF40,46.667,44.65
CF41,51.233,48.6
CF42,55.633,52.85
CF43,53.2,50.6
CF44,53.567,50.65
CF45,47.5,45.1
CF46,45.5,43.65
CF47,44.933,43.1
CF48,57.4,54.5
CF5,41.5,40.4
CF61,22.133,21.25
CF62,27.4,26.1
CF63,21.0,20.95
CF64,21.4,21.7
CF71,35.233,34.3
CF72,41.167,39.9
CF81,48.9,46.65
CF82,42.533,41.3
CF83,45.833,44.05
CH1,35.167,33.75
CH2,34.9,33.25
CH3,41.867,40.0
CH4,41.133,40.2
CH41,18.4,18.6
CH42,21.5,21.85
CH43,19.2,19.5
CH44,17.767,18.05
CH45,17.7,17.6
CH46,14.6,14.6
CH47,16.4,15.6
CH48,21.333,20.65
CH49,17.6,17.8
CH5,35.933,34.1
CH6,32.4,31.0
CH60,29.3,28.25
CH61,25.667,25.05
CH62,26.033,25.2
CH63,27.267,26.4
CH64,30.367,29.85
CH65,28.933,28.05
CH66,30.2,29.05
CH7,48.233,44.9
CH8,31.6,30.05
CM0,30.067,29.25
CM1,49.9,48.25
CM11,39.667,38.15
CM12,41.5,39.3
CM13,41.8,39.4
CM14,42.9,40.3
CM15,44.4,42.4
CM16,43.167,39.55
CM17,44.0,40.95
CM18,41.633,38.6
CM19,42.1,38.95
CM2,44.433,43.1
CM20,43.067,39.95
CM21,45.633,42.5
CM22,46.5,43.55
CM23,46.933,43.6
CM24,45.6,42.55
CM3,41.367,39.4
CM4,47.567,45.95
CM5,46.3,43.8
CM6,44.467,41.05
CM7,42.0,38.9
CM77,39.0,36.4
CM8,39.433,37.45
CM9,35.3,33.6
CO1,38.7,37.0
CO10,46.767,44.05
CO11,48.033,45.5
CO12,35.167,34.2
CO13,24.733,24.05
CO14,20.533,20.25
CO15,19.7,19.9
CO16,31.933,31.0
CO2,38.1,36.25
CO3,38.0,35.95
CO4,46.5,43.75
CO5,36.033,34.4
CO6,41.867,39.5
CO7,45.667,43.65
CO8,40.933,38.55
CO9,44.033,41.1
CR0,33.867,33.05
CR2,35.9,35.1
CR3,40.7,39.2
CR4,29.0,28.7
CR5,38.333,37.15
CR6,41.8,40.05
CR7,29.633,29.2
CR8,35.467,34.95
CT1,34.533,32.5
CT10,13.233,10.4
CT11,14.333,11.6
CT12,22.433,19.15
CT13,27.033,23.65
CT14,22.733,21.0
CT15,34.167,31.9
CT16,28.467,26.45
CT17,20.767,19.35
CT18,38.933,36.65
CT19,27.533,24.9
CT2,31.633,30.6
CT20,25.5,22.95
CT21,30.8,28.9
CT3,34.1,31.15
CT4,38.7,35.5
CT5,20.733,20.2
CT6,18.267,16.8
CT7,21.7,18.75
CT8,17.5,13.95
CT9,14.033,11.2
CV1,38.933,36.2
CV10,47.2,43.05
CV11,45.533,41.25
CV12,46.767,43.0
CV13,47.4,41.45
CV2,43.9,40.5
CV21,46.233,43.5
CV22,46.133,43.3
CV23,48.8,45.45
CV3,46.967,43.8
CV31,46.833,43.5
CV32,49.567,45.75
CV33,49.533,45.85
CV34,45.6,42.2
CV35,49.2,44.9
CV36,48.3,44.95
CV37,49.4,45.0
CV4,46.133,42.95
CV47,50.867,47.0
CV5,45.133,42.05
CV6,40.967,38.05
CV7,50.1,46.7
CV8,50.967,47.4
CV9,46.933,42.55
CW1,43.8,42.45
CW10,37.633,36.25
CW11,40.567,38.45
CW12,41.0,36.85
CW2,43.933,41.95
CW3,43.4,40.7
CW4,39.067,36.85
CW5,47.033,45.8
CW6,46.967,45.35
CW7,40.733,39.2
CW8,36.2,34.85
CW9,33.033,32.35
DA1,34.167,32.5
DA10,29.833,28.95
DA11,31.3,30.4
DA12,35.333,34.0
DA13,43.9,41.7
DA14,35.9,33.9
DA15,31.0,29.8
DA16,29.267,28.6
DA17,28.667,28.05
DA18,26.667,26.25
DA2,37.267,34.85
DA3,49.0,45.15
DA4,53.133,48.15
DA5,33.967,32.1
DA6,33.233,31.45
DA7,31.967,30.65
DA8,30.667,29.75
DA9,31.7,30.85
DD1,36.5,37.55
DD10,43.3,43.9
DD11,50.933,49.9
DD2,61.033,59.85
DD3,65.767,64.6
DD4,61.033,61.05
DD5,61.367,60.75
DD6,47.633,47.2
DD7,48.4,48.05
DD8,97.733,95.55
DD9,92.8,91.1
DE1,34.733,31.95
DE11,46.867,42.65
DE12,46.633,42.65
DE13,45.4,41.7
DE14,41.0,38.05
DE15,44.067,40.7
DE21,40.433,35.85
DE22,46.8,41.65
DE23,40.8,37.25
DE24,37.133,33.85
DE3,46.733,42.15
DE4,51.4,41.65
DE45,54.5,47.35
DE5,45.9,39.25
DE55,43.6,36.9
DE56,49.133,40.9
DE6,50.1,42.95
DE65,45.667,41.6
DE7,43.933,38.85
DE72,40.467,35.75
DE73,45.167,40.4
DE74,42.3,37.5
DE75,45.133,39.5
DG1,49.633,46.25
DG10,84.767,80.85
DG11,60.2,57.3
DG12,45.733,44.0
DG13,80.2,76.35
DG14,62.267,58.15
DG16,50.567,47.85
DG2,53.933,50.8
DG3,76.367,72.85
DG4,82.733,78.15
DG5,51.9,50.65
DG6,39.3,37.25
DG7,66.467,63.35
DG8,51.5,49.0
DG9,28.7,29.05
DH1,52.333,47.35
DH2,43.067,39.6
DH3,41.3,38.25
DH4,42.767,39.6
DH5,46.433,42.9
DH6,52.933,48.3
DH7,52.467,47.7
DH8,59.233,54.8
DH9,48.867,44.25
DL1,49.067,45.5
DL10,55.633,52.2
DL11,78.1,73.0
DL12,83.133,77.85
DL13,75.5,69.6
DL14,53.767,49.25
DL15,56.267,51.2
DL16,52.133,47.6
DL17,52.8,48.35
DL2,53.433,49.7
DL3,47.633,44.55
DL4,52.2,47.85
DL5,51.033,47.4
DL6,50.067,46.7
DL7,51.467,50.45
DL8,66.2,62.75
DL9,58.733,55.1
DN1,34.633,30.55
DN10,42.433,34.8
DN11,40.867,34.25
DN12,41.933,36.2
DN14,41.833,37.75
DN15,39.8,36.75
DN16,38.4,35.85
DN17,41.9,37.5
DN18,39.433,35.95
DN19,34.433,31.3
DN2,35.133,30.6
DN20,43.633,39.3
DN21,43.833,38.55
DN22,42.167,35.2
DN3,37.3,31.95
DN31,26.567,22.6
DN32,25.133,20.55
DN33,30.633,26.15
DN34,29.467,25.4
DN35,24.9,19.5
DN36,36.5,31.9
DN37,41.8,37.3
DN38,45.8,41.35
DN39,40.967,37.05
DN4,35.733,30.65
DN40,32.8,30.5
DN41,35.2,31.6
DN5,37.9,33.35
DN6,38.167,33.3
DN7,40.1,35.0
DN8,41.2,36.6
DN9,40.667,34.35
DT1,38.633,35.55
DT10,44.267,44.5
DT11,48.5,47.3
DT2,44.3,40.5
DT3,23.933,20.85
DT4,13.533,11.65
DT5,6.633,5.5
DT6,32.7,26.25
DT7,24.8,21.2
DT8,43.233,33.1
DT9,46.8,45.2
DY1,41.167,38.0
DY10,43.933,40.65
DY11,43.267,40.35
DY12,46.367,43.3
DY13,43.6,40.85
DY14,49.633,46.25
DY2,38.767,35.1
DY3,43.167,40.15
DY4,36.8,34.0
DY5,39.233,35.9
DY6,41.7,38.55
DY7,46.233,43.1
DY8,41.933,38.5
DY9,46.8,43.05
E1,19.533,18.85
E10,23.867,23.4
E11,26.133,25.55
E12,24.8,24.15
E13,22.067,21.9
E14,21.033,20.45
E15,22.533,22.0
E16,21.667,21.4
E17,25.4,24.8
E18,29.167,28.0
E1W,19.467,18.75
E2,19.933,19.5
E20,22.5,22.0
E3,21.1,20.9
E4,28.867,27.1
E5,22.3,21.95
E6,22.733,22.75
E7,23.933,23.25
E8,20.467,20.15
E9,21.533,21.2
EC1A,18.233,17.45
EC1M,18.233,17.45
EC1N,18.233,17.45
EC1R,18.233,17.45
EC1V,18.7,17.85
EC1Y,18.7,17.85
EC2A,19.167,18.65
EC2M,18.667,17.9
EC2N,18.667,17.9
EC2R,18.667,17.9
EC2V,18.7,17.85
EC2Y,18.7,17.85
EC3A,18.667,17.9
EC3M,17.967,17.25
EC3N,17.967,17.25
EC3R,17.967,17.25
EC3V,18.667,17.9
EC4A,17.267,16.65
EC4M,18.233,17.45
EC4N,17.967,17.25
EC4R,17.967,17.25
EC4V,16.467,16.05
EC4Y,16.133,15.55
EH1,42.767,40.3
EH10,49.2,45.9
EH11,44.267,39.65
EH12,46.5,39.5
EH13,56.167,51.85
EH14,67.7,62.7
EH15,34.667,33.25
EH16,39.033,37.05
EH17,46.133,43.35
EH18,47.367,45.3
EH19,50.1,47.45
EH2,42.767,40.3
EH20,51.467,48.9
EH21,35.3,33.55
EH22,45.833,42.95
EH23,72.967,68.95
EH24,58.367,56.1
EH25,57.533,55.85
EH26,78.333,73.9
EH27,72.467,68.15
EH28,53.167,47.05
EH29,51.167,44.85
EH3,41.533,39.2
EH30,48.133,42.7
EH31,22.367,21.65
EH32,29.467,27.85
EH33,37.167,34.5
EH34,46.0,42.85
EH35,43.533,40.65
EH36,61.367,57.25
EH37,59.367,55.75
EH38,81.1,75.9
EH39,28.1,26.55
EH4,42.467,38.75
EH40,33.8,32.3
EH41,51.2,47.5
EH42,39.433,36.45
EH43,77.9,73.6
EH44,89.9,85.4
EH45,83.9,80.7
EH46,78.4,74.9
EH47,69.767,66.2
EH48,64.933,61.2
EH49,48.767,45.9
EH5,42.167,39.45
EH51,37.6,35.85
EH52,57.4,53.7
EH53,64.933,61.95
EH54,68.333,67.2
EH55,82.267,78.55
EH6,37.533,35.35
EH7,35.5,34.2
EH8,35.667,34.4
EH9,35.967,34.2
EN1,28.0,26.05
EN10,41.2,38.25
EN11,40.733,37.7
EN2,35.333,33.2
EN3,28.933,26.6
EN4,35.267,33.7
EN5,40.767,38.55
EN6,43.0,40.05
EN7,41.567,38.2
EN8,38.2,35.05
EN9,39.933,36.55
EX1,35.833,37.3
EX10,29.5,27.5
EX11,36.333,36.05
EX12,23.6,21.45
EX13,32.533,29.2
EX14,35.433,33.5
EX15,33.2,31.55
EX16,33.167,29.8
EX17,30.767,29.5
EX18,31.1,30.15
EX19,29.1,27.3
EX2,31.967,32.3
EX20,31.233,28.7
EX21,31.467,29.45
EX22,35.367,32.95
EX23,24.733,23.85
EX24,32.733,29.85
EX3,33.9,34.9
EX31,31.767,29.15
EX32,36.0,32.55
EX33,16.467,16.2
EX34,13.2,11.7
EX35,26.533,24.0
EX36,35.1,32.6
EX37,30.533,28.85
EX38,30.9,29.15
EX39,20.8,19.15
EX4,34.267,34.55
EX5,35.367,36.2
EX6,30.333,29.45
EX7,19.467,19.45
EX8,20.2,19.85
EX9,17.8,17.6
FK1,59.967,55.15
FK10,48.233,46.2
FK11,58.2,55.45
FK12,78.933,74.9
FK13,74.167,71.05
FK14,84.7,80.95
FK15,72.067,70.2
FK16,63.767,61.4
FK17,83.433,78.9
FK18,99.933,95.25
FK19,91.567,87.45
FK2,44.267,41.9
FK20,100.767,98.35
FK21,97.833,94.3
FK3,34.933,34.3
FK4,57.067,53.5
FK5,48.167,45.45
FK6,63.867,60.25
FK7,56.533,53.45
FK8,65.233,62.95
FK9,51.2,48.45
FY1,28.5,26.45
FY2,26.9,25.25
FY3,33.033,30.55
FY4,35.967,32.8
FY5,27.967,26.6
FY6,34.9,33.1
FY7,22.333,21.15
FY8,38.5,35.35
G1,27.3,26.1
G11,36.167,34.3
G12,36.9,34.95
G13,43.233,40.9
G14,44.267,42.05
G15,45.133,42.55
G2,26.5,25.4
G20,37.9,35.85
G21,41.033,38.45
G22,39.767,37.45
G23,42.8,40.2
G3,29.533,28.1
G31,34.033,32.8
G32,40.433,38.05
G33,45.267,42.35
G34,50.5,46.75
G4,29.3,27.65
G40,32.767,31.4
G41,46.967,43.9
G42,44.333,41.55
G43,59.5,55.15
G44,49.667,46.95
G45,51.5,49.25
G46,58.3,54.8
G5,33.2,31.65
G51,41.767,39.15
G52,49.4,46.75
G53,52.567,49.8
G60,57.333,53.75
G61,45.9,43.7
G62,49.7,47.45
G63,58.2,55.95
G64,49.433,46.85
G65,69.233,65.65
G66,58.7,55.45
G67,60.633,56.4
G68,59.367,55.35
G69,51.433,47.85
G71,48.967,44.85
G72,48.667,45.65
G73,43.7,41.2
G74,51.2,49.6
G75,59.767,57.3
G76,64.567,61.1
G77,64.267,60.1
G78,62.0,57.7
G81,54.9,51.6
G82,44.0,41.9
G83,55.733,54.3
G84,43.233,40.85
GL1,32.933,32.15
GL10,38.0,36.8
GL11,36.567,35.45
GL12,41.467,40.25
GL13,35.0,34.3
GL14,43.133,41.35
GL15,39.6,38.6
GL16,42.967,41.7
GL17,44.9,43.2
GL18,41.467,39.65
GL19,40.333,38.65
GL2,39.2,37.65
GL20,40.767,39.2
GL3,36.767,35.65
GL4,41.2,39.2
GL5,39.1,37.85
GL50,35.433,33.6
GL51,35.633,34.1
GL52,40.467,39.25
GL53,47.467,45.4
GL54,51.1,48.8
GL55,47.167,43.9
GL56,50.267,47.0
GL6,46.5,44.45
GL7,47.333,44.55
GL8,51.2,49.05
GL9,49.367,46.95
GU1,46.933,44.5
GU10,51.967,48.9
GU11,53.667,51.7
GU12,52.967,50.8
GU14,52.767,50.8
GU15,50.0,47.55
GU16,50.833,48.55
GU17,51.167,49.0
GU18,47.267,44.7
GU19,47.433,45.05
GU2,47.8,45.15
GU20,46.1,43.5
GU21,44.0,42.25
GU22,44.933,43.55
GU23,45.767,45.1
GU24,46.4,43.95
GU25,40.533,38.9
GU26,61.533,57.85
GU27,55.733,52.05
GU28,48.667,45.35
GU29,49.9,46.75
GU3,49.833,46.95
GU30,58.6,55.5
GU31,47.833,45.2
GU32,47.6,45.4
GU33,54.133,51.25
GU34,52.067,49.0
GU35,55.633,52.3
GU4,48.1,45.8
GU46,52.433,50.2
GU47,50.733,48.45
GU5,50.8,47.45
GU51,51.1,48.9
GU52,52.333,49.85
GU6,50.1,46.7
GU7,49.233,46.15
GU8,51.267,47.95
GU9,51.3,48.45
HA0,33.333,32.7
HA1,38.367,37.15
HA2,38.867,37.75
HA3,39.733,38.4
HA4,40.8,39.35
HA5,37.4,36.3
HA6,36.667,35.65
HA7,43.467,41.75
HA8,39.067,37.85
HA9,32.233,32.0
HD1,33.567,31.15
HD2,36.0,33.3
HD3,48.533,44.2
HD4,39.8,36.45
HD5,33.5,31.1
HD6,36.6,33.75
HD7,55.433,50.85
HD8,41.2,37.0
HD9,56.767,52.05
HG1,50.567,45.75
HG2,51.4,46.55
HG3,59.633,53.9
HG4,58.767,54.65
HG5,49.567,45.5
HP1,44.6,42.15
HP10,44.667,41.95
HP11,41.367,39.0
HP12,40.767,38.25
HP13,39.433,37.3
HP14,43.0,40.15
HP15,43.167,40.75
HP16,44.167,41.4
HP17,44.8,41.75
HP18,52.7,49.95
HP19,43.367,40.25
HP2,45.633,43.05
HP20,43.167,40.0
HP21,43.0,39.7
HP22,48.367,45.4
HP23,48.067,44.8
HP27,39.233,36.3
HP3,44.8,42.7
HP4,48.567,45.6
HP5,46.4,43.6
HP6,46.133,43.55
HP7,45.8,43.15
HP8,43.567,41.4
HP9,44.9,42.25
HR1,47.4,46.15
HR2,48.467,46.55
HR3,50.333,48.2
HR4,47.367,47.75
HR5,55.667,54.4
HR6,47.767,48.1
HR7,46.1,44.7
HR8,43.433,42.15
HR9,41.2,39.8
HS1,29.833,29.25
HS2,33.0,32.55
HS3,31.467,30.95
HS4,12.3,12.65
HS5,18.167,17.2
HS6,20.633,19.85
HS7,18.967,18.5
HS8,16.0,16.1
HS9,5.967,6.7
HU1,29.267,28.0
HU10,35.633,32.4
HU11,38.967,35.3
HU12,34.8,31.05
HU13,33.733,30.65
HU14,37.033,33.85
HU15,41.367,37.6
HU16,39.8,36.4
HU17,43.433,39.55
HU18,28.667,25.25
HU19,25.6,21.65
HU2,28.8,27.45
HU20,47.767,42.7
HU3,29.667,27.95
HU4,31.1,28.95
HU5,30.133,28.3
HU6,34.6,32.2
HU7,37.0,34.4
HU8,32.8,31.25
HU9,31.733,30.4
HX1,43.2,39.05
HX2,53.2,48.15
HX3,42.967,38.9
HX4,46.933,42.6
HX5,37.133,34.25
HX6,53.4,48.6
HX7,60.067,54.7
IG1,26.367,25.7
IG10,38.767,35.0
IG11,24.833,24.15
IG2,29.533,28.45
IG3,28.1,27.55
IG4,27.7,27.0
IG5,30.233,28.7
IG6,32.7,31.2
IG7,36.9,34.05
IG8,31.1,29.4
IG9,34.767,32.15
IP1,36.167,33.65
IP10,29.033,27.0
IP11,19.3,18.6
IP12,27.567,25.05
IP13,37.833,35.35
IP14,40.5,37.45
IP15,20.933,19.05
IP16,26.833,23.75
IP17,37.6,34.55
IP18,23.7,21.4
IP19,41.1,38.45
IP2,35.833,33.7
IP20,42.2,39.7
IP21,41.233,38.7
IP22,47.833,45.7
IP23,42.4,39.8
IP24,55.867,53.15
IP25,49.133,46.95
IP26,59.567,56.25
IP27,56.767,54.25
IP28,39.6,36.6
IP29,45.2,41.9
IP3,33.067,30.6
IP30,44.167,40.5
IP31,43.233,40.55
IP32,39.467,36.6
IP33,38.833,35.85
IP4,33.967,31.7
IP5,34.533,32.15
IP6,39.667,36.5
IP7,44.433,40.95
IP8,42.233,39.4
IP9,39.933,38.2
IV1,47.433,47.15
IV10,36.367,37.0
IV11,33.833,34.5
IV12,82.133,80.55
IV13,126.467,122.7
IV14,99.767,96.05
IV15,83.967,81.55
IV16,93.7,89.75
IV17,101.5,97.85
IV18,49.433,51.2
IV19,72.0,73.5
IV2,92.067,89.5
IV20,48.467,52.1
IV21,25.533,27.75
IV22,61.3,61.45
IV23,97.233,95.1
IV24,101.5,99.2
IV25,69.533,70.7
IV26,46.867,49.95
IV27,73.4,71.75
IV28,96.667,95.2
IV3,69.033,68.65
IV30,51.133,51.75
IV31,48.6,47.65
IV32,44.967,46.15
IV36,63.167,64.3
IV4,112.367,109.0
IV40,68.233,62.75
IV41,40.967,40.3
IV42,48.3,47.5
IV43,38.667,37.85
IV44,36.0,34.95
IV45,24.8,23.85
IV46,31.033,30.05
IV47,46.7,46.35
IV48,52.967,53.0
IV49,43.9,43.4
IV5,65.433,64.65
IV51,32.733,33.5
IV52,37.933,37.35
IV53,52.533,52.5
IV54,57.467,60.4
IV55,26.0,25.7
IV56,37.867,38.25
IV6,97.233,93.95
IV63,103.233,98.85
IV7,56.8,55.65
IV8,49.8,49.15
IV9,43.033,42.9
KA1,46.133,44.55
KA10,33.233,32.85
KA11,35.533,34.55
KA12,29.0,27.95
KA13,41.233,38.85
KA14,47.067,43.4
KA15,53.633,50.4
KA16,62.6,58.0
KA17,70.3,64.9
KA18,72.8,68.7
KA19,54.467,52.6
KA2,40.7,39.8
KA20,24.8,23.4
KA21,29.8,27.2
KA22,27.067,24.7
KA23,22.233,21.0
KA24,50.8,46.55
KA25,57.233,53.85
KA26,46.167,44.25
KA27,36.833,33.2
KA28,12.667,11.5
KA29,32.833,29.7
KA3,54.3,51.0
KA30,42.933,39.8
KA4,55.133,52.0
KA5,58.9,56.0
KA6,61.2,58.35
KA7,32.567,32.45
KA8,36.767,36.25
KA9,40.633,39.2
KT1,31.867,33.15
KT10,35.1,35.05
KT11,43.3,41.95
KT12,33.033,33.25
KT13,37.7,36.95
KT14,41.733,41.3
KT15,38.667,38.15
KT16,39.433,38.5
KT17,38.067,36.75
KT18,51.233,48.25
KT19,36.867,35.7
KT2,32.4,33.0
KT20,54.933,51.1
KT21,49.233,46.45
KT22,52.867,49.7
KT23,55.9,52.65
KT24,52.367,49.6
KT3,31.633,31.85
KT4,32.5,32.45
KT5,32.567,33.05
KT6,33.233,33.65
KT7,30.833,32.4
KT8,29.567,31.5
KT9,38.3,37.0
KW1,60.033,58.05
KW10,72.367,73.05
KW11,96.4,93.5
KW12,89.767,86.65
KW13,81.133,79.25
KW14,55.1,55.5
KW15,26.633,23.6
KW16,29.167,28.35
KW17,21.6,20.6
KW2,48.767,48.0
KW3,59.233,57.35
KW5,76.3,73.05
KW6,84.567,80.9
KW7,55.667,55.1
KW8,90.2,87.1
KW9,83.0,81.7
KY1,39.667,35.85
KY10,26.633,26.1
KY11,42.467,39.75
KY12,55.467,52.4
KY13,76.367,73.0
KY14,55.3,55.55
KY15,57.0,54.9
KY16,45.933,44.7
KY2,48.833,45.25
KY3,42.1,39.1
KY4,64.0,60.45
KY5,59.067,55.95
KY6,63.267,60.95
KY7,49.233,45.3
KY8,43.133,38.35
KY9,30.2,29.45
L1,19.933,20.3
L10,27.067,25.95
L11,25.8,24.85
L12,26.5,25.45
L13,23.967,23.55
L14,25.933,25.15
L15,24.0,23.6
L16,24.667,23.95
L17,22.233,21.95
L18,23.233,22.6
L19,23.933,23.2
L2,19.367,19.65
L20,23.0,22.1
L21,27.2,26.0
L22,28.467,26.75
L23,31.2,29.3
L24,28.6,27.8
L25,25.767,25.05
L26,27.467,26.75
L27,27.533,26.9
L28,29.133,27.55
L29,31.267,30.35
L3,20.2,20.2
L30,28.4,27.4
L31,29.867,28.1
L32,29.2,27.45
L33,32.1,30.75
L34,32.067,30.5
L35,31.2,29.5
L36,29.633,28.1
L37,25.167,22.95
L38,29.7,27.65
L39,31.967,30.45
L4,22.433,22.1
L40,35.867,34.15
L5,21.033,20.95
L6,22.767,22.55
L7,22.767,22.6
L8,21.6,21.5
L9,25.667,24.75
LA1,27.9,25.3
LA10,70.367,66.65
LA11,48.367,46.5
LA12,48.967,47.0
LA13,28.633,28.2
LA14,24.0,23.8
LA15,38.733,37.85
LA16,38.8,37.75
LA17,47.533,45.6
LA18,42.267,40.25
LA19,40.033,36.6
LA2,45.9,42.15
LA20,55.567,52.7
LA21,62.933,59.8
LA22,61.0,57.9
LA23,54.167,52.05
LA3,22.667,20.85
LA4,25.567,24.05
LA5,39.6,37.4
LA6,52.867,48.6
LA7,50.833,49.0
LA8,61.333,58.2
LA9,53.8,51.3
LD1,64.067,62.55
LD2,58.633,56.55
LD3,56.233,53.0
LD4,63.2,60.7
LD5,67.733,64.85
LD6,72.033,69.7
LD7,66.367,65.9
LD8,65.9,64.8
LE1,45.667,41.2
LE10,48.433,43.75
LE11,43.067,38.0
LE12,46.233,40.65
LE13,52.867,47.55
LE14,52.133,46.8
LE15,51.033,46.1
LE16,53.967,49.6
LE17,53.0,48.55
LE18,55.667,51.5
LE19,48.0,43.0
LE2,54.633,50.25
LE3,43.6,38.2
LE4,44.9,39.7
LE5,52.6,48.35
LE6,49.0,41.65
LE65,48.8,43.65
LE67,50.0,43.8
LE7,57.367,52.25
LE8,57.467,53.1
LE9,49.167,43.35
LL11,51.967,48.75
LL12,40.6,39.0
LL13,37.5,35.9
LL14,45.367,42.75
LL15,48.5,44.2
LL16,46.867,42.75
LL17,31.567,29.65
LL18,24.1,22.95
LL19,19.733,18.9
LL20,58.7,56.45
LL21,61.133,57.0
LL22,36.0,32.55
LL23,61.267,58.9
LL24,51.267,46.5
LL25,43.033,39.7
LL26,46.6,41.9
LL27,45.3,40.65
LL28,29.367,26.3
LL29,25.733,21.85
LL30,11.8,10.65
LL31,15.5,14.15
LL32,32.033,28.9
LL33,24.033,22.4
LL34,20.4,19.05
LL35,28.067,26.9
LL36,33.567,30.9
LL37,22.4,20.45
LL38,27.8,24.95
LL39,34.967,32.05
LL40,50.1,47.2
LL41,44.933,41.45
LL42,29.6,26.6
LL43,28.933,24.95
LL44,19.3,15.6
LL45,33.3,29.6
LL46,24.3,22.75
LL47,33.633,32.5
LL48,31.467,30.95
LL49,28.167,28.7
LL51,29.433,28.7
LL52,21.8,21.55
LL53,15.733,14.85
LL54,23.767,22.2
LL55,30.667,28.65
LL56,18.933,19.05
LL57,30.6,28.75
LL58,11.033,11.1
LL59,17.6,17.85
LL60,21.6,22.9
LL61,18.1,18.4
LL62,20.833,21.45
LL63,19.8,19.1
LL64,17.9,16.25
LL65,18.433,17.8
LL66,18.267,19.7
LL67,11.333,12.45
LL68,14.967,15.95
LL69,15.3,16.15
LL70,14.133,15.15
LL71,24.2,25.8
LL72,13.5,14.35
LL73,16.6,17.8
LL74,16.367,17.6
LL75,18.533,19.5
LL76,19.333,20.6
LL77,24.833,26.85
LL78,21.3,22.65
LN1,47.067,43.1
LN10,43.933,39.8
LN11,39.8,35.3
LN12,22.6,20.0
LN13,36.7,32.3
LN2,46.767,43.4
LN3,43.633,39.95
LN4,42.6,38.45
LN5,40.667,35.95
LN6,42.367,37.85
LN7,44.6,40.4
LN8,42.333,38.8
LN9,44.733,39.2
LS1,30.1,28.55
LS10,34.367,32.6
LS11,32.3,30.85
LS12,35.633,33.5
LS13,36.833,33.95
LS14,43.833,38.95
LS15,40.233,36.2
LS16,43.467,39.2
LS17,46.367,41.5
LS18,40.7,37.15
LS19,42.667,38.55
LS2,30.633,29.1
LS20,44.767,40.05
LS21,47.433,42.65
LS22,46.2,41.4
LS23,43.6,37.95
LS24,45.133,39.1
LS25,43.1,38.4
LS26,36.133,33.05
LS27,41.0,37.8
LS28,39.733,36.6
LS29,45.333,40.75
LS3,30.9,29.4
LS4,30.9,29.3
LS5,33.433,31.3
LS6,34.567,32.3
LS7,34.3,31.95
LS8,37.1,33.65
LS9,31.367,29.5
LU1,42.5,40.3
LU2,43.8,41.2
LU3,45.033,42.1
LU4,42.9,40.45
LU5,46.2,43.45
LU6,47.3,44.15
LU7,47.5,44.25
M1,19.267,19.35
M11,22.3,21.5
M12,21.6,21.15
M13,21.633,21.15
M14,21.767,21.5
M15,19.233,19.4
M16,20.433,20.5
M17,21.667,22.15
M18,24.367,23.45
M19,24.367,23.6
M2,18.833,19.0
M20,26.433,26.0
M21,23.7,23.75
M22,33.233,32.3
M23,32.167,32.1
M24,36.233,34.95
M25,28.6,27.45
M26,35.733,33.9
M27,27.333,26.45
M28,32.733,31.45
M29,35.067,33.85
M3,19.067,19.2
M30,28.167,27.85
M31,33.167,34.15
M32,23.333,23.75
M33,28.633,29.4
M34,28.7,26.9
M35,26.9,25.5
M38,36.733,35.4
M4,20.033,19.95
M40,23.767,23.1
M41,27.633,27.8
M43,26.1,25.0
M44,34.167,34.4
M45,33.433,31.55
M46,36.933,35.45
M5,19.333,19.5
M50,21.0,21.25
M6,21.2,21.25
M7,21.233,20.95
M8,22.7,22.3
M9,26.267,25.15
M90,37.733,36.8
ME1,35.433,34.7
ME10,29.533,29.05
ME11,21.333,20.9
ME12,19.267,19.05
ME13,33.767,32.3
ME14,42.0,40.75
ME15,42.733,41.75
ME16,40.2,39.55
ME17,45.833,44.3
ME18,46.5,45.15
ME19,44.333,43.35
ME2,35.6,34.5
ME20,38.867,38.4
ME3,27.233,26.65
ME4,29.933,29.6
ME5,38.067,37.15
ME6,40.267,39.15
ME7,33.5,32.7
ME8,33.233,32.4
ME9,34.333,33.25
MK1,39.767,36.85
MK10,40.4,37.5
MK11,44.167,40.7
MK12,43.133,39.45
MK13,40.2,36.75
MK14,40.7,37.5
MK15,39.533,36.35
MK16,46.0,42.5
MK17,49.033,45.7
MK18,54.433,49.0
MK19,47.167,42.9
MK2,42.667,39.8
MK3,42.067,38.95
MK4,43.033,39.6
MK40,43.133,40.0
MK41,43.7,40.35
MK42,45.067,42.5
MK43,45.8,42.35
MK44,44.6,40.65
MK45,47.567,43.6
MK46,47.4,43.3
MK5,40.2,36.8
MK6,38.833,35.95
MK7,41.2,38.15
MK8,40.933,37.2
MK9,39.033,36.05
ML1,55.9,50.15
ML10,73.667,68.95
ML11,76.433,73.15
ML12,87.7,83.0
ML2,59.8,54.75
ML3,60.1,55.3
ML4,52.567,46.9
ML5,52.567,48.15
ML6,57.4,52.15
ML7,65.1,59.75
ML8,65.5,61.4
ML9,60.933,56.85
N1,19.233,18.8
N10,29.3,29.15
N11,28.9,28.4
N12,32.333,31.6
N13,26.633,26.4
N14,31.267,30.45
N15,24.033,23.8
N16,22.267,22.0
N17,25.067,24.8
N18,24.7,24.35
N19,22.933,23.05
N1C,18.367,17.85
N2,30.733,30.75
N20,35.133,34.05
N21,27.867,27.2
N22,26.933,26.9
N3,32.233,31.75
N4,23.267,23.2
N5,20.567,20.6
N6,29.433,29.35
N7,19.667,19.6
N8,26.0,26.0
N9,24.033,23.45
NE1,27.4,26.5
NE10,31.3,30.1
NE11,33.033,31.4
NE12,36.8,35.15
NE13,42.333,40.2
NE15,44.6,42.0
NE16,42.167,39.3
NE17,43.8,39.2
NE18,53.433,50.0
NE19,75.167,72.05
NE2,30.733,29.85
NE20,51.767,48.2
NE21,36.167,34.3
NE22,29.3,27.75
NE23,37.667,35.7
NE24,22.967,21.25
NE25,27.933,25.4
NE26,23.433,20.85
NE27,32.967,30.85
NE28,31.767,30.3
NE29,27.567,25.25
NE3,36.6,34.95
NE30,22.467,20.4
NE31,31.133,29.9
NE32,30.567,29.3
NE33,25.233,23.45
NE34,25.467,23.6
NE35,29.133,27.55
NE36,27.967,26.3
NE37,35.833,34.55
NE38,37.267,35.35
NE39,40.367,36.85
NE4,31.367,30.35
NE40,40.667,37.45
NE41,40.767,38.5
NE42,44.267,41.3
NE43,51.233,47.3
NE44,57.567,53.85
NE45,60.8,56.9
NE46,60.0,55.7
NE47,69.133,64.4
NE48,77.633,73.7
NE49,68.133,63.35
NE5,38.433,36.05
NE6,29.367,28.35
NE61,46.567,42.8
NE62,27.9,26.5
NE63,19.767,18.1
NE64,14.9,13.65
NE65,61.867,56.4
NE66,58.0,51.05
NE67,48.6,42.4
NE68,26.0,22.85
NE69,30.1,26.4
NE7,33.3,31.85
NE70,46.1,40.4
NE71,67.133,60.15
NE8,27.367,26.5
NE9,33.367,32.0
NG1,27.8,25.55
NG10,38.567,34.35
NG11,39.433,34.85
NG12,38.767,34.2
NG13,41.5,36.3
NG14,40.1,35.0
NG15,42.333,36.9
NG16,42.267,37.7
NG17,41.367,35.4
NG18,37.267,32.3
NG19,37.633,32.05
NG2,31.467,28.65
NG20,45.7,37.9
NG21,43.2,36.6
NG22,44.033,37.55
NG23,41.8,36.75
NG24,38.733,34.4
NG25,41.967,36.4
NG3,33.567,30.35
NG31,45.333,40.25
NG32,45.5,40.45
NG33,50.067,44.75
NG34,44.467,40.05
NG4,35.233,31.15
NG5,36.767,33.05
NG6,35.733,31.95
NG7,29.2,27.1
NG8,33.167,30.0
NG9,36.3,32.55
NG90,34.333,30.65
NN1,37.1,34.0
NN10,44.4,39.9
NN11,52.5,48.4
NN12,51.767,46.25
NN13,53.5,48.25
NN14,49.333,45.1
NN15,46.533,42.4
NN16,48.867,44.2
NN17,51.5,47.4
NN18,50.7,46.25
NN2,39.1,36.15
NN29,44.9,40.65
NN3,40.733,37.05
NN4,42.567,39.15
NN5,41.733,38.05
NN6,50.767,45.8
NN7,48.5,43.75
NN8,42.733,38.95
NN9,45.733,41.15
NP10,35.0,35.05
NP11,49.267,47.05
NP12,46.567,44.4
NP13,56.1,54.1
NP15,43.467,44.15
NP16,34.5,34.75
NP18,28.467,29.8
NP19,25.167,26.55
NP20,31.467,32.05
NP22,56.067,52.8
NP23,55.333,52.6
NP24,50.733,48.2
NP25,37.333,37.05
NP26,24.2,25.1
NP4,53.333,52.6
NP44,44.9,44.15
NP7,47.733,46.0
NP8,50.4,48.35
NR1,37.533,36.2
NR10,40.1,38.3
NR11,37.067,34.9
NR12,30.933,28.5
NR13,34.933,32.75
NR14,39.6,37.95
NR15,42.867,40.2
NR16,46.033,43.8
NR17,43.867,41.9
NR18,41.3,39.3
NR19,41.9,39.9
NR2,36.967,35.9
NR20,41.133,39.25
NR21,39.9,37.7
NR22,40.3,38.2
NR23,28.067,26.1
NR24,40.267,39.05
NR25,28.1,26.6
NR26,20.5,18.45
NR27,18.267,15.6
NR28,29.9,27.1
NR29,30.833,28.3
NR3,35.967,35.15
NR30,25.667,23.55
NR31,29.833,27.95
NR32,29.0,26.65
NR33,26.8,24.3
NR34,38.267,35.6
NR35,42.633,39.9
NR4,38.7,37.3
NR5,38.233,37.05
NR6,38.367,37.3
NR7,38.9,37.5
NR8,40.133,38.25
NR9,41.733,39.45
NW1,20.367,19.85
NW10,27.8,27.9
NW11,31.233,31.2
NW2,29.0,29.55
NW3,28.533,28.65
NW4,31.933,31.3
NW5,21.9,21.9
NW6,25.6,26.2
NW7,37.333,36.3
NW8,22.867,22.95
NW9,31.7,31.35
OL1,42.133,39.8
OL10,42.667,41.35
OL11,46.4,44.55
OL12,56.267,53.1
OL13,59.6,55.1
OL14,59.567,54.9
OL15,57.533,53.3
OL16,48.467,46.0
OL2,46.667,44.0
OL3,60.467,55.85
OL4,47.6,44.25
OL5,43.6,40.25
OL6,36.367,34.0
OL7,30.767,28.75
OL8,33.933,31.45
OL9,34.3,32.5
OX1,40.767,38.75
OX10,55.8,54.8
OX11,50.333,49.0
OX12,49.2,46.35
OX13,46.233,43.7
OX14,46.433,44.9
OX15,63.5,60.1
OX16,59.3,56.4
OX17,55.833,52.2
OX18,45.3,41.25
OX2,38.067,35.8
OX20,49.967,47.35
OX25,53.333,50.3
OX26,52.0,48.9
OX27,55.767,52.2
OX28,44.933,41.0
OX29,44.867,41.55
OX3,39.467,36.9
OX33,45.467,43.35
OX39,44.233,41.55
OX4,39.067,36.8
OX44,48.367,46.35
OX49,49.667,47.0
OX5,45.3,42.6
OX7,54.733,51.75
OX9,45.333,43.15
PA1,40.1,38.05
PA10,56.967,53.5
PA11,54.2,51.45
PA12,58.6,54.9
PA13,48.1,45.85
PA14,42.433,40.2
PA15,30.833,29.6
PA16,33.833,32.2
PA17,26.0,24.85
PA18,29.167,27.45
PA19,22.033,21.7
PA2,50.5,47.35
PA20,21.433,23.45
PA21,35.133,34.15
PA22,52.933,50.65
PA23,56.233,53.45
PA24,64.967,61.9
PA25,69.133,66.1
PA26,80.267,77.5
PA27,61.267,58.5
PA28,25.267,24.45
PA29,35.333,33.45
PA3,44.5,41.4
PA30,45.267,43.0
PA31,45.0,43.1
PA32,60.9,58.5
PA33,79.7,76.75
PA34,40.833,39.6
PA35,73.367,70.3
PA36,100.133,97.65
PA37,47.4,45.35
PA38,59.267,57.0
PA4,49.3,46.0
PA41,9.4,10.85
PA42,27.7,29.25
PA43,29.7,31.3
PA44,27.4,28.3
PA45,33.467,33.65
PA46,24.333,24.7
PA47,11.167,12.75
PA48,17.933,19.5
PA49,21.867,23.6
PA5,48.567,45.6
PA6,47.867,44.55
PA60,26.033,25.7
PA61,12.167,13.15
PA62,49.0,46.75
PA63,35.667,34.85
PA64,33.0,32.1
PA65,57.3,53.65
PA66,13.7,14.65
PA67,19.2,19.65
PA68,40.9,39.75
PA69,43.667,42.25
PA7,46.367,43.2
PA70,47.9,46.2
PA71,54.567,51.9
PA72,45.0,43.35
PA73,34.967,33.85
PA74,33.6,32.4
PA75,31.067,29.85
PA76,10.967,11.55
PA77,9.2,9.75
PA78,10.4,10.8
PA8,48.433,45.2
PA80,59.333,56.1
PA9,60.0,55.8
PE1,42.733,39.55
PE10,47.8,43.3
PE11,44.233,40.65
PE12,41.333,38.9
PE13,40.367,37.95
PE14,40.467,38.25
PE15,41.867,38.8
PE16,46.667,44.05
PE19,42.9,39.3
PE2,42.467,39.5
PE20,42.633,38.8
PE21,40.533,37.3
PE22,42.9,39.2
PE23,44.333,39.6
PE24,34.4,31.4
PE25,23.9,22.05
PE26,44.233,41.15
PE27,39.4,36.95
PE28,43.933,40.85
PE29,39.533,37.1
PE3,44.967,40.9
PE30,38.6,36.9
PE31,39.567,37.8
PE32,44.767,42.35
PE33,46.7,44.55
PE34,38.8,37.3
PE35,43.8,41.8
PE36,31.9,28.65
PE37,50.8,48.15
PE38,43.333,41.65
PE4,46.533,41.85
PE5,48.567,44.7
PE6,45.933,42.5
PE7,44.1,40.75
PE8,47.067,43.25
PE9,44.533,40.85
PH1,75.067,74.35
PH10,124.733,119.45
PH11,102.467,99.8
PH12,67.033,65.6
PH13,65.833,64.25
PH14,65.5,64.35
PH15,104.8,101.7
PH16,111.7,108.3
PH17,106.633,105.2
PH18,132.467,128.25
PH19,125.9,122.2
PH2,66.1,66.05
PH20,125.367,122.55
PH21,129.967,125.95
PH22,138.167,133.2
PH23,115.6,112.7
PH24,95.633,94.5
PH25,110.067,106.4
PH26,109.533,107.85
PH3,73.433,72.5
PH30,119.533,118.55
PH31,101.5,101.6
PH32,88.167,85.15
PH33,75.933,74.3
PH34,85.633,82.05
PH35,80.633,73.85
PH36,46.9,45.75
PH37,75.467,72.2
PH38,57.733,54.5
PH39,30.6,28.95
PH4,86.367,83.45
PH40,47.433,44.5
PH41,58.4,54.5
PH42,18.767,17.8
PH43,38.767,34.75
PH44,19.667,17.6
PH49,88.567,86.85
PH5,70.833,70.35
PH50,105.7,104.1
PH6,90.933,87.15
PH7,76.533,75.45
PH8,99.3,95.8
PH9,88.967,87.8
PL1,14.267,14.1
PL10,10.1,9.5
PL11,12.733,11.55
PL12,20.767,19.3
PL13,14.0,12.3
PL14,26.0,23.0
PL15,33.033,30.1
PL16,29.5,28.15
PL17,29.967,27.25
PL18,31.267,28.2
PL19,32.6,30.45
PL2,16.833,16.25
PL20,37.5,34.6
PL21,29.367,28.05
PL22,19.7,17.45
PL23,12.567,10.85
PL24,13.533,11.85
PL25,13.467,12.0
PL26,15.8,14.15
PL27,13.267,11.65
PL28,8.033,6.7
PL29,11.533,10.3
PL3,18.267,17.5
PL30,18.667,16.65
PL31,17.167,15.15
PL32,24.533,22.2
PL33,15.533,13.85
PL34,11.767,10.15
PL35,15.9,13.35
PL4,16.433,16.0
PL5,20.433,19.4
PL6,25.167,24.25
PL7,28.5,27.95
PL8,16.933,15.7
PL9,15.567,14.85
PO1,15.6,16.05
PO10,36.4,35.05
PO11,21.467,20.6
PO12,15.433,16.35
PO13,19.8,21.45
PO14,23.5,24.45
PO15,29.467,29.7
PO16,27.767,29.55
PO17,38.2,37.65
PO18,45.7,42.8
PO19,39.7,36.8
PO2,20.533,21.4
PO20,27.233,24.65
PO21,24.533,21.05
PO22,27.933,24.4
PO3,19.833,20.25
PO30,22.833,21.0
PO31,20.467,19.85
PO32,18.267,18.05
PO33,14.4,13.7
PO34,9.433,8.6
PO35,9.233,7.75
PO36,16.7,14.95
PO37,19.333,17.4
PO38,15.3,13.4
PO39,15.233,13.25
PO4,14.167,13.85
PO40,17.1,14.9
PO41,21.0,18.8
PO5,13.467,13.75
PO6,28.033,28.05
PO7,40.8,39.45
PO8,45.233,43.7
PO9,37.333,36.0
PR1,36.8,34.45
PR2,38.867,36.5
PR25,35.633,33.65
PR26,37.433,35.55
PR3,42.833,40.05
PR4,39.6,37.3
PR5,38.067,35.65
PR6,43.033,40.9
PR7,38.0,36.25
PR8,28.667,26.35
PR9,37.233,35.25
RG1,34.9,34.65
RG10,48.267,45.9
RG12,44.367,41.6
RG14,47.733,44.35
RG17,53.067,48.85
RG18,50.667,48.5
RG19,47.6,44.3
RG2,43.067,41.8
RG20,52.0,47.95
RG21,43.5,41.05
RG22,45.733,42.95
RG23,48.4,45.15
RG24,44.3,41.95
RG25,49.233,46.1
RG26,50.067,47.3
RG27,48.7,46.3
RG28,49.1,45.1
RG29,44.367,42.85
RG30,40.433,38.8
RG31,43.6,41.45
RG4,44.367,42.35
RG40,50.0,47.5
RG41,47.5,45.45
RG42,41.8,39.0
RG45,52.533,50.0
RG5,41.0,39.9
RG6,41.0,40.15
RG7,47.567,44.9
RG8,51.567,49.8
RG9,53.467,50.95
RH1,46.867,43.3
RH10,46.333,43.3
RH11,50.567,48.25
RH12,48.6,45.6
RH13,45.867,43.45
RH14,45.833,42.6
RH15,45.767,43.15
RH16,39.5,37.1
RH17,42.7,39.35
RH18,40.267,36.8
RH19,43.2,39.25
RH2,52.5,48.85
RH20,47.0,43.95
RH3,57.533,53.6
RH4,60.567,56.55
RH5,56.767,53.05
RH6,52.267,49.5
RH7,46.7,42.7
RH8,47.167,43.7
RH9,46.267,42.95
RM1,33.433,31.9
RM10,28.3,27.7
RM11,33.767,32.25
RM12,31.067,30.0
RM13,30.167,29.2
RM14,37.267,35.2
RM15,33.3,32.35
RM16,33.333,32.35
RM17,28.967,28.5
RM18,30.833,30.1
RM19,30.567,29.8
RM2,33.767,32.25
RM20,29.167,28.55
RM3,38.133,36.0
RM4,42.067,38.75
RM5,35.233,33.15
RM6,31.133,29.9
RM7,30.733,29.75
RM8,27.767,27.2
RM9,26.733,26.3
S1,26.0,21.7
S10,46.333,39.9
S11,45.7,39.4
S12,37.933,32.7
S13,35.367,30.85
S14,34.867,29.95
S17,44.8,38.35
S18,45.733,39.3
S2,29.367,25.1
S20,38.8,33.6
S21,42.133,36.1
S25,45.633,38.85
S26,43.767,37.3
S3,27.033,22.85
S32,55.067,48.7
S33,63.267,56.9
S35,45.233,39.7
S36,56.8,51.15
S4,26.633,22.95
S40,46.367,39.85
S41,45.167,39.05
S42,52.1,44.9
S43,44.533,38.2
S44,45.833,39.2
S45,49.033,41.6
S5,32.4,28.1
S6,51.033,44.75
S60,39.667,34.7
S61,41.6,36.5
S62,42.433,37.05
S63,37.6,33.2
S64,38.867,34.3
S65,42.333,36.75
S66,45.767,39.1
S7,31.5,27.05
S70,37.9,33.85
S71,34.167,30.75
S72,35.267,31.25
S73,36.6,32.55
S74,41.967,36.85
S75,39.833,35.4
S8,35.333,30.05
S80,45.033,37.3
S81,42.167,34.95
S9,31.5,27.95
SA1,14.633,13.3
SA10,38.567,36.35
SA11,39.467,37.55
SA12,25.233,23.7
SA13,34.333,32.85
SA14,37.3,34.75
SA15,38.767,36.05
SA16,32.467,27.8
SA17,40.967,37.25
SA18,38.933,36.9
SA19,45.033,43.6
SA2,17.533,15.0
SA20,52.467,50.6
SA3,15.8,13.1
SA31,44.2,41.75
SA32,43.5,42.8
SA33,43.333,40.55
SA34,42.2,39.45
SA35,41.3,38.1
SA36,39.3,36.15
SA37,36.533,33.75
SA38,38.0,34.7
SA39,42.133,39.1
SA4,29.5,26.95
SA40,46.167,42.85
SA41,34.367,32.0
SA42,19.6,18.2
SA43,22.833,20.4
SA44,42.0,37.55
SA45,22.733,20.6
SA46,26.6,24.45
SA47,37.667,33.65
SA48,43.233,40.35
SA5,30.4,28.25
SA6,30.2,28.25
SA61,29.733,27.85
SA62,21.1,19.1
SA63,36.033,33.65
SA64,13.433,11.8
SA65,27.6,25.7
SA66,39.433,36.6
SA67,35.933,33.75
SA68,33.533,32.4
SA69,32.7,32.5
SA7,22.9,21.45
SA70,26.333,26.8
SA71,13.833,12.15
SA72,23.133,21.8
SA73,17.5,15.2
SA8,38.833,36.35
SA9,49.067,47.2
SE1,17.767,16.95
SE10,22.3,21.9
SE11,16.967,16.35
SE12,26.8,26.8
SE13,23.067,22.8
SE14,22.067,21.4
SE15,21.833,21.25
SE16,20.333,19.55
SE17,17.9,17.2
SE18,24.767,24.9
SE19,30.1,29.3
SE2,26.3,26.05
SE20,28.467,27.85
SE21,25.4,25.05
SE22,23.833,23.55
SE23,25.567,25.6
SE24,22.967,22.6
SE25,30.1,29.55
SE26,27.9,27.4
SE27,27.8,27.35
SE28,24.433,24.05
SE3,23.7,23.7
SE4,23.5,23.15
SE5,19.433,18.8
SE6,26.233,26.3
SE7,22.433,22.2
SE8,21.533,21.05
SE9,28.533,28.05
SG1,43.433,40.25
SG10,47.9,44.35
SG11,48.467,44.9
SG12,44.967,41.85
SG13,42.667,39.9
SG14,43.5,40.6
SG15,40.733,37.4
SG16,42.967,39.45
SG17,45.667,41.55
SG18,45.2,41.55
SG19,45.433,41.85
SG2,45.9,42.15
SG3,44.733,41.65
SG4,44.267,40.9
SG5,44.133,40.45
SG6,41.667,38.35
SG7,44.5,40.9
SG8,46.367,42.65
SG9,50.033,46.3
SK1,30.633,28.85
SK10,44.7,40.35
SK11,46.933,41.8
SK12,44.733,41.15
SK13,62.533,57.8
SK14,39.933,37.2
SK15,46.5,43.05
SK16,33.933,31.0
SK17,60.2,53.65
SK2,34.333,31.85
SK22,55.067,49.6
SK23,53.033,47.95
SK3,30.867,29.1
SK4,27.333,26.1
SK5,27.867,26.3
SK6,40.167,37.55
SK7,37.867,35.4
SK8,33.933,32.2
SK9,39.9,38.7
SL0,38.333,37.4
SL1,40.933,38.2
SL2,41.567,39.05
SL3,37.1,35.85
SL4,41.067,37.9
SL5,43.067,40.35
SL6,46.167,42.95
SL7,52.633,49.8
SL8,44.867,41.65
SL9,43.2,40.85
SM1,33.133,32.4
SM2,36.033,34.9
SM3,33.667,32.8
SM4,30.333,30.1
SM5,33.8,32.95
SM6,32.8,32.2
SM7,41.133,39.5
SN1,39.167,36.95
SN10,50.0,46.8
SN11,46.133,43.55
SN12,48.033,45.95
SN13,49.567,47.2
SN14,48.2,45.8
SN15,45.2,42.7
SN16,46.8,44.3
SN2,38.5,36.5
SN25,40.3,37.7
SN26,42.0,39.05
SN3,41.267,38.55
SN4,46.9,43.45
SN5,41.633,39.0
SN6,45.233,42.0
SN7,46.0,43.05
SN8,53.767,49.6
SN9,47.433,43.8
SO14,27.067,27.15
SO15,28.333,28.05
SO16,32.767,31.5
SO17,28.567,28.35
SO18,30.2,29.7
SO19,28.8,28.65
SO20,41.933,39.6
SO21,46.967,44.25
SO22,44.633,43.0
SO23,44.8,42.65
SO24,49.867,46.65
SO30,33.5,32.85
SO31,26.9,27.05
SO32,45.3,43.55
SO40,36.233,34.6
SO41,32.167,29.35
SO42,37.467,35.2
SO43,49.167,46.35
SO45,24.267,23.9
SO50,41.7,40.85
SO51,43.033,40.5
SO52,39.467,38.35
SO53,42.333,41.5
SP1,45.767,42.2
SP10,42.433,39.1
SP11,47.2,42.75
SP2,46.933,43.4
SP3,49.267,45.15
SP4,47.6,43.75
SP5,49.267,46.8
SP6,53.967,50.6
SP7,47.0,46.25
SP8,43.833,44.1
SP9,49.9,45.95
SR1,18.833,17.25
SR2,22.2,20.25
SR3,31.3,29.25
SR4,29.233,27.85
SR5,27.067,25.3
SR6,20.6,19.0
SR7,29.9,27.7
SR8,34.1,31.65
SS0,26.867,27.0
SS1,23.733,23.85
SS11,37.633,36.7
SS12,34.7,33.35
SS13,31.4,30.4
SS14,33.5,32.15
SS15,37.733,35.8
SS16,34.233,32.85
SS17,32.867,31.95
SS2,26.5,26.6
SS3,29.933,28.65
SS4,35.1,34.0
SS5,36.3,35.15
SS6,34.4,33.0
SS7,30.067,29.6
SS8,26.867,26.75
SS9,28.433,28.25
ST1,40.767,38.1
ST10,49.633,43.65
ST11,50.367,45.75
ST12,46.967,43.05
ST13,53.3,46.35
ST14,44.467,39.4
ST15,51.333,46.9
ST16,44.0,41.2
ST17,44.633,42.0
ST18,46.633,43.3
ST19,44.767,43.45
ST2,48.667,44.5
ST20,49.1,45.6
ST21,49.633,45.85
ST3,48.167,44.05
ST4,41.267,38.25
ST5,41.667,38.5
ST6,44.2,40.5
ST7,42.5,38.85
ST8,49.3,43.65
ST9,54.467,48.8
SW10,21.433,21.25
SW11,22.133,22.2
SW12,24.8,24.45
SW13,32.567,31.5
SW14,35.733,34.25
SW15,31.967,31.25
SW16,27.8,27.35
SW17,27.033,26.75
SW18,26.3,26.15
SW19,30.1,29.65
SW1A,16.233,15.75
SW1E,16.233,15.75
SW1H,16.233,15.75
SW1P,16.233,15.75
SW1V,16.9,16.25
SW1W,17.6,17.05
SW1X,17.067,16.55
SW1Y,16.7,16.15
SW2,24.567,24.15
SW20,30.833,30.7
SW3,19.033,18.75
SW4,22.233,22.15
SW5,22.133,22.2
SW6,24.167,24.0
SW7,20.8,20.85
SW8,18.433,18.0
SW9,21.2,20.75
SY1,41.9,40.3
SY10,52.633,49.6
SY11,38.733,36.95
SY12,41.467,39.95
SY13,41.4,40.05
SY14,39.933,38.35
SY15,45.633,42.75
SY16,57.5,55.55
SY17,59.567,57.75
SY18,69.167,67.8
SY19,61.167,59.7
SY2,40.433,38.65
SY20,51.933,50.2
SY21,45.867,43.8
SY22,43.333,41.35
SY23,48.567,47.25
SY24,40.233,39.55
SY25,57.833,56.2
SY3,45.733,43.95
SY4,48.433,45.9
SY5,46.5,42.85
SY6,53.4,49.1
SY7,55.9,52.9
SY8,50.567,47.9
SY9,52.333,48.1
TA1,33.533,32.95
TA10,37.733,36.4
TA11,45.3,43.5
TA12,37.233,34.8
TA13,31.9,29.1
TA14,34.8,31.85
TA15,40.767,37.65
TA16,29.1,26.2
TA17,31.9,28.4
TA18,30.967,25.8
TA19,31.7,29.85
TA2,34.9,34.05
TA20,35.333,31.85
TA21,33.333,31.3
TA22,35.6,33.45
TA23,33.4,32.3
TA24,34.333,31.55
TA3,35.7,34.65
TA4,35.367,33.5
TA5,27.167,25.95
TA6,30.433,30.2
TA7,35.067,35.55
TA8,18.633,18.05
TA9,27.7,27.5
TD1,73.1,68.35
TD10,58.9,55.85
TD11,62.133,58.65
TD12,54.033,51.0
TD13,48.0,44.95
TD14,42.0,39.25
TD15,51.833,47.05
TD2,79.233,74.85
TD3,67.467,64.1
TD4,64.967,60.9
TD5,63.233,58.6
TD6,65.767,61.0
TD7,86.867,82.6
TD8,68.8,65.1
TD9,80.667,77.1
TF1,49.3,45.2
TF10,50.233,46.8
TF11,50.767,46.6
TF12,62.3,56.3
TF13,55.967,50.95
TF2,48.867,45.15
TF3,54.8,48.8
TF4,59.033,52.05
TF5,48.1,44.75
TF6,51.167,47.3
TF7,58.967,52.15
TF8,58.133,51.65
TF9,46.967,43.9
TN1,51.833,49.05
TN10,47.333,45.2
TN11,49.967,47.0
TN12,45.4,43.65
TN13,51.367,48.25
TN14,53.467,49.8
TN15,53.467,50.6
TN16,50.133,46.8
TN17,44.5,42.5
TN18,44.1,41.9
TN19,43.467,41.2
TN2,50.567,48.15
TN20,45.267,42.5
TN21,42.2,39.45
TN22,42.2,39.0
TN23,36.167,35.0
TN24,35.267,33.6
TN25,38.1,35.7
TN26,39.333,37.85
TN27,43.033,41.7
TN28,25.467,23.8
TN29,28.733,26.9
TN3,49.367,46.5
TN30,40.033,38.3
TN31,30.9,30.1
TN32,43.5,41.15
TN33,34.2,32.2
TN34,19.767,17.35
TN35,21.267,19.7
TN36,21.533,20.45
TN37,23.067,20.8
TN38,20.633,18.15
TN39,24.667,21.55
TN4,50.767,48.0
TN40,20.233,17.2
TN5,47.633,44.85
TN6,46.867,43.4
TN7,43.333,39.3
TN8,53.133,48.45
TN9,46.9,44.45
TQ1,10.3,11.5
TQ10,32.2,29.7
TQ11,33.433,30.0
TQ12,20.267,20.3
TQ13,32.033,29.75
TQ14,18.733,19.25
TQ2,13.367,13.9
TQ3,18.6,18.6
TQ4,15.9,15.95
TQ5,9.933,9.8
TQ6,11.6,11.35
TQ7,15.033,14.05
TQ8,10.733,9.15
TQ9,24.5,23.5
TR1,18.9,17.4
TR10,15.533,15.1
TR11,11.833,11.8
TR12,9.4,9.7
TR13,14.867,14.5
TR14,11.433,10.6
TR15,11.833,11.25
TR16,14.067,13.15
TR17,7.4,6.7
TR18,7.867,6.3
TR19,6.167,5.2
TR2,15.233,13.6
TR20,7.867,6.75
TR21,0.767,0.5
TR22,0.733,0.5
TR23,0.9,0.65
TR24,0.933,0.65
TR25,0.9,0.55
TR26,6.333,5.95
TR27,8.3,7.8
TR3,17.833,16.7
TR4,15.833,14.85
TR5,9.133,8.45
TR6,9.833,8.85
TR7,9.967,8.25
TR8,13.5,12.05
TR9,18.067,16.9
TS1,36.7,35.35
TS10,22.167,21.2
TS11,30.267,28.5
TS12,45.6,41.9
TS13,38.667,35.25
TS14,50.4,46.6
TS15,44.867,42.1
TS16,50.033,46.5
TS17,44.3,41.65
TS18,44.633,41.95
TS19,49.4,46.05
TS2,28.467,27.85
TS20,44.433,41.7
TS21,54.3,50.3
TS22,46.5,43.35
TS23,38.3,36.55
TS24,19.567,18.15
TS25,27.0,25.9
TS26,25.4,24.05
TS27,39.167,36.15
TS28,52.433,48.1
TS29,55.967,51.25
TS3,35.0,33.45
TS4,37.033,35.6
TS5,39.033,37.3
TS6,30.4,29.1
TS7,43.633,41.0
TS8,43.5,41.1
TS9,51.267,47.8
TW1,28.133,28.4
TW10,32.833,32.4
TW11,30.267,32.9
TW12,28.9,31.15
TW13,27.5,28.65
TW14,28.067,27.85
TW15,30.233,30.6
TW16,29.1,29.8
TW17,32.167,32.25
TW18,34.1,33.8
TW19,33.9,33.3
TW2,28.467,29.95
TW20,38.833,37.4
TW3,28.1,28.25
TW4,28.5,28.7
TW5,30.1,29.55
TW6,28.267,27.0
TW7,29.767,29.0
TW8,36.633,34.65
TW9,37.9,35.85
UB1,36.033,34.9
UB10,42.467,40.5
UB11,34.533,33.8
UB2,32.933,32.0
UB3,32.667,31.95
UB4,39.467,38.3
UB5,39.9,38.6
UB6,35.867,35.1
UB7,31.3,30.8
UB8,39.533,38.4
UB9,40.9,38.95
W10,23.733,24.25
W11,22.667,23.05
W12,26.367,26.55
W13,34.467,33.45
W14,23.3,23.3
W1B,18.033,17.45
W1C,17.467,16.95
W1D,16.7,16.15
W1F,18.033,17.45
W1G,21.333,20.45
W1H,20.633,20.0
W1J,17.1,16.55
W1K,17.467,16.95
W1S,16.7,16.15
W1T,18.033,17.45
W1U,20.633,20.0
W1W,18.033,17.45
W2,20.767,21.0
W3,31.933,30.95
W4,36.067,34.6
W5,35.3,34.15
W6,26.3,26.25
W7,34.233,33.2
W8,21.8,21.85
W9,22.733,22.9
WA1,33.767,33.8
WA10,32.4,30.85
WA11,34.533,33.0
WA12,35.6,34.3
WA13,37.933,39.8
WA14,37.967,40.3
WA15,36.9,37.8
WA16,41.2,41.75
WA2,34.333,33.7
WA3,35.433,34.95
WA4,36.333,35.6
WA5,36.533,35.35
WA6,45.9,43.7
WA7,34.367,32.55
WA8,31.1,29.75
WA9,33.167,31.35
WC1A,17.267,16.65
WC1B,17.267,16.65
WC1E,18.033,17.45
WC1H,18.267,17.7
WC1N,18.267,17.7
WC1R,17.267,16.65
WC1V,17.267,16.65
WC1X,18.267,17.7
WC2A,17.267,16.65
WC2B,17.267,16.65
WC2E,17.267,16.65
WC2H,18.033,17.45
WC2N,16.133,15.55
WC2R,16.133,15.55
WD17,40.267,38.6
WD18,37.433,36.25
WD19,37.7,36.5
WD23,43.8,42.05
WD24,41.567,39.85
WD25,42.333,40.5
WD3,41.1,39.5
WD4,43.333,41.3
WD5,43.467,41.25
WD6,44.9,42.55
WD7,45.067,42.6
WF1,35.867,34.8
WF10,32.567,29.85
WF11,35.7,31.8
WF12,35.967,33.55
WF13,35.767,33.8
WF14,34.4,31.95
WF15,38.7,35.85
WF16,38.767,36.25
WF17,40.867,37.6
WF2,36.733,35.25
WF3,38.5,36.45
WF4,36.633,33.55
WF5,36.8,35.85
WF6,33.433,31.35
WF7,33.567,30.1
WF8,35.033,30.85
WF9,35.533,31.05
WN1,37.733,35.5
WN2,37.033,35.1
WN3,34.267,32.9
WN4,35.367,33.65
WN5,36.4,34.15
WN6,38.067,36.1
WN7,35.6,34.3
WN8,36.2,34.05
WR1,47.667,44.35
WR10,44.067,42.6
WR11,45.4,42.95
WR12,47.7,45.05
WR13,39.5,37.25
WR14,37.433,35.0
WR15,44.6,43.45
WR2,46.2,43.45
WR3,48.433,45.2
WR4,45.7,42.7
WR5,42.933,40.6
WR6,45.933,43.5
WR7,47.0,45.05
WR8,38.867,37.6
WR9,46.5,43.7
WS1,37.9,35.25
WS10,36.2,33.7
WS11,42.167,40.55
WS12,47.667,45.05
WS13,44.033,41.05
WS14,43.533,40.9
WS15,45.333,41.85
WS2,37.733,35.1
WS3,40.667,38.2
WS4,39.433,36.85
WS5,39.4,36.55
WS6,41.767,39.8
WS7,45.333,42.4
WS8,42.8,40.3
WS9,42.667,40.05
WV1,38.8,36.55
WV10,41.4,40.1
WV11,41.533,39.6
WV12,38.933,36.65
WV13,36.233,34.05
WV14,37.633,35.0
WV15,48.933,45.55
WV16,52.767,48.45
WV2,39.567,37.0
WV3,41.5,39.0
WV4,42.767,40.3
WV5,46.1,43.25
WV6,46.4,43.5
WV7,47.033,44.25
WV8,46.667,44.35
WV9,43.367,41.95
YO1,38.0,34.25
YO10,42.533,38.45
YO11,27.633,23.75
YO12,35.6,31.45
YO13,36.8,32.6
YO14,37.333,32.55
YO15,26.9,23.4
YO16,38.7,33.95
YO17,47.3,42.1
YO18,60.133,53.05
YO19,45.267,41.0
YO21,57.6,53.2
YO22,47.2,42.85
YO23,45.267,40.55
YO24,40.467,36.35
YO25,46.133,41.1
YO26,48.033,43.45
YO30,48.367,43.75
YO31,39.7,35.95
YO32,45.1,41.0
YO41,46.6,41.8
YO42,49.433,44.1
YO43,47.267,42.2
YO51,51.133,47.25
YO60,48.167,43.4
YO61,50.167,46.05
YO62,55.733,50.3
YO7,62.0,57.95
YO8,43.867,39.65
ZE1,25.767,22.3
ZE2,25.467,24.95
ZE3,13.733,11.05
