name,households,postcodes
AB10,10509,672
AB11,9946,636
AB12,12620,807
AB13,1454,93
AB14,2236,143
AB15,17264,1104
AB16,12104,774
AB21,12557,803
AB22,5020,321
AB23,5035,322
AB24,12714,813
AB25,7600,486
AB30,5035,322
AB31,10165,650
AB32,5708,365
AB33,4254,272
AB34,4254,272
AB35,2580,165
AB36,735,47
AB37,1376,88
AB38,2533,162
AB39,8507,544
AB41,12870,823
AB42,19454,1244
AB43,11916,762
AB44,2283,146
AB45,9586,613
AB51,18719,1197
AB52,3894,249
AB53,10728,686
AB54,10290,658
AB55,6693,428
AB56,10040,642
AB99,47,3
AL1,16113,1213
AL10,12764,783
AL2,9637,727
AL3,11836,953
AL4,10913,785
AL5,12371,1058
AL6,5124,508
AL7,15380,918
AL8,5739,425
AL9,4708,427
B1,5637,303
B10,7288,316
B11,12619,610
B12,7451,466
B13,15174,671
B14,17874,773
B15,7318,481
B16,10380,495
B17,11191,554
B18,6750,450
B19,7716,447
B2,663,392
B20,11591,534
B21,9418,434
B23,19758,829
B24,12067,576
B25,5980,278
B26,13668,572
B27,9952,433
B28,11754,605
B29,15803,800
B3,2090,204
B30,13133,609
B31,24397,1150
B32,16571,761
B33,14568,694
B34,7624,326
B35,4109,292
B36,13666,574
B37,15576,737
B38,8622,480
B4,1123,205
B40,107,13
B42,9837,420
B43,11983,547
B44,14727,638
B45,13911,703
B46,5670,479
B47,4261,242
B48,2510,208
B49,4821,380
B5,5723,400
B50,3005,210
B6,6178,422
B60,11580,851
B61,11588,728
B62,10394,575
B63,15922,783
B64,7919,473
B65,10259,515
B66,9375,565
B67,10936,522
B68,12670,585
B69,12527,725
B7,3233,276
B70,12308,836
B71,12965,685
B72,4232,237
B73,9951,557
B74,12941,759
B75,11206,647
B76,9161,531
B77,23361,1001
B78,10584,637
B79,10624,691
B8,12436,578
B80,3121,214
B9,7187,417
B90,20423,1088
B91,13669,856
B92,15491,726
B93,8278,517
B94,3309,340
B95,3238,324
B96,2396,212
B97,15137,817
B98,20183,814
B99,52,48
BA1,19429,1563
BA10,1512,179
BA11,15210,1153
BA12,13256,1126
BA13,9213,632
BA14,22531,1465
BA15,6297,473
BA16,5764,375
BA2,30620,2192
BA20,5693,503
BA21,15080,773
BA22,7942,795
BA3,15430,1262
BA4,8141,833
BA5,8631,787
BA6,6065,555
BA7,1913,200
BA8,1991,210
BA9,3839,377
BB1,24467,1298
BB10,16343,879
BB11,11238,828
BB12,15575,974
BB18,7588,569
BB2,24937,1393
BB3,15154,900
BB4,18047,1341
BB5,26123,1548
BB6,6318,369
BB7,15695,1197
BB8,10404,778
BB9,17832,1383
BB94,22,1
BD1,3401,491
BD10,11941,708
BD11,4977,299
BD12,7696,610
BD13,11781,943
BD14,3513,236
BD15,6645,437
BD16,11719,828
BD17,8634,624
BD18,11964,733
BD19,10182,698
BD2,12561,720
BD20,16142,1360
BD21,10313,949
BD22,13126,1067
BD23,13982,1427
BD24,2536,333
BD3,10221,583
BD4,13329,955
BD5,9853,632
BD6,12516,730
BD7,10736,624
BD8,9640,627
BD9,8845,536
BD97,25,4
BD98,32,4
BD99,53,6
BH1,11221,624
BH10,9022,513
BH11,8699,503
BH12,14961,754
BH13,4069,295
BH14,11320,605
BH15,15803,846
BH16,6572,409
BH17,9421,439
BH18,5294,300
BH19,5400,551
BH2,5086,276
BH20,8663,716
BH21,18354,1461
BH22,12519,705
BH23,25021,1582
BH24,10735,816
BH25,11943,805
BH3,2263,129
BH31,5604,296
BH4,5106,242
BH5,5431,250
BH6,10406,526
BH7,4829,294
BH8,12558,652
BH9,12129,669
BL0,7274,562
BL1,27352,1862
BL11,144,24
BL2,20388,1149
BL3,24590,1378
BL4,14500,840
BL5,12040,693
BL6,13978,1000
BL7,6691,508
BL78,83,7
BL8,15686,1021
BL9,21410,1315
BN1,35709,1582
BN10,8655,531
BN11,16636,1074
BN12,9764,687
BN13,12902,771
BN14,13096,747
BN15,11639,721
BN16,14014,994
BN17,13881,757
BN18,6263,536
BN2,40846,1611
BN20,9374,726
BN21,12943,931
BN22,14059,823
BN23,12769,688
BN24,4568,359
BN25,11189,881
BN26,6265,524
BN27,13635,1097
BN3,36335,1434
BN41,9192,402
BN42,4385,219
BN43,10522,529
BN44,4511,264
BN45,336,42
BN5,3538,293
BN50,409,92
BN51,158,14
BN52,609,70
BN6,7724,594
BN7,8782,758
BN8,6804,681
BN88,89,8
BN9,5794,418
BN95,12,1
BN99,1372,446
BR1,24198,1261
BR2,20081,1004
BR3,21416,1157
BR4,7422,376
BR5,18888,932
BR6,19685,1142
BR7,7589,464
BR8,9608,484
BS1,7565,798
BS10,12376,731
BS11,7813,572
BS13,12786,773
BS14,12857,722
BS15,21255,1161
BS16,35180,2025
BS2,7935,657
BS20,14353,863
BS21,10803,700
BS22,16098,948
BS23,17464,1029
BS24,10268,670
BS25,2965,281
BS26,2124,226
BS27,3077,291
BS28,1453,202
BS29,1318,121
BS3,17802,965
BS30,12591,751
BS31,10350,689
BS32,10086,429
BS34,15034,879
BS35,10064,754
BS36,6519,504
BS37,17236,1028
BS39,6945,628
BS4,21144,1097
BS40,5590,726
BS41,2617,196
BS48,9973,759
BS49,4947,343
BS5,23273,1309
BS6,13431,786
BS7,16938,779
BS8,12007,832
BS9,12402,895
BS98,13,1
BS99,537,91
CA1,11585,681
CA10,6237,685
CA11,10563,1111
CA12,3405,468
CA13,7079,611
CA14,16712,1297
CA15,7221,575
CA16,2922,265
CA17,2227,228
CA18,156,25
CA19,511,68
CA2,18429,951
CA20,1513,196
CA21,359,37
CA22,3882,270
CA23,733,73
CA24,438,38
CA25,2758,227
CA26,1560,114
CA27,645,55
CA28,12659,961
CA3,6986,544
CA4,4390,474
CA5,3016,344
CA6,4006,509
CA7,10503,1211
CA8,4716,619
CA9,982,178
CA95,41,4
CB1,21019,1162
CB10,6998,562
CB11,7252,531
CB2,8717,589
CB21,6690,437
CB22,10921,589
CB23,14035,864
CB24,14905,789
CB25,7748,411
CB3,5520,382
CB4,18514,901
CB5,4965,269
CB6,16564,894
CB7,12202,734
CB8,15964,1053
CB9,13509,811
CF10,6905,626
CF11,16850,877
CF14,31777,1661
CF15,7703,510
CF23,19194,909
CF24,22253,1052
CF3,18270,907
CF30,172,13
CF31,19676,992
CF32,13714,798
CF33,6474,310
CF34,8741,415
CF35,8187,478
CF36,7314,417
CF37,17008,891
CF38,9423,448
CF39,12545,552
CF40,8703,476
CF41,4756,248
CF42,5982,310
CF43,5207,257
CF44,18052,1011
CF45,8505,437
CF46,6346,348
CF47,9559,628
CF48,11955,748
CF5,29581,1435
CF61,4135,227
CF62,18858,902
CF63,9812,477
CF64,16293,919
CF71,4045,282
CF72,11862,673
CF81,6995,389
CF82,8364,500
CF83,23484,1207
CF91,58,15
CF95,26,6
CF99,8,1
CH1,14318,1079
CH2,15288,850
CH25,141,34
CH26,87,7
CH27,208,20
CH28,51,3
CH29,156,19
CH3,15844,1102
CH30,44,3
CH31,74,8
CH32,180,14
CH33,134,9
CH34,445,64
CH4,15072,907
CH41,10021,792
CH42,14509,684
CH43,16747,935
CH44,12673,773
CH45,13803,757
CH46,11115,592
CH47,4430,342
CH48,6866,505
CH49,13043,671
CH5,17956,1134
CH6,7608,448
CH60,5850,461
CH61,7372,418
CH62,13195,817
CH63,12564,822
CH64,8616,640
CH65,12948,806
CH66,15464,974
CH7,22424,1583
CH70,203,43
CH8,8867,676
CH88,18,1
CH99,100,18
CM0,7643,552
CM1,28840,1539
CM11,7190,448
CM12,8894,520
CM13,10525,699
CM14,9621,640
CM15,9571,587
CM16,9958,626
CM17,10671,519
CM18,10359,432
CM19,8656,397
CM2,25406,1311
CM20,10195,642
CM21,4616,313
CM22,6121,520
CM23,17798,1114
CM24,3574,273
CM3,22811,1577
CM4,4376,431
CM5,4927,451
CM6,11904,944
CM7,21268,1324
CM77,6348,449
CM8,14917,908
CM9,15078,1001
CM92,138,18
CM98,220,19
CM99,235,81
CO1,8553,608
CO10,22419,1654
CO11,6136,561
CO12,10394,629
CO13,6156,434
CO14,3447,244
CO15,21179,1359
CO16,11805,799
CO2,16263,945
CO3,13804,862
CO4,20951,1169
CO5,12685,958
CO6,11729,1013
CO7,15203,1303
CO8,1034,124
CO9,11860,920
CR0,64872,2753
CR2,20216,995
CR3,12679,773
CR4,22874,908
CR44,36,4
CR5,11994,704
CR6,4364,252
CR7,16681,608
CR8,12938,785
CR9,1825,151
CR90,217,61
CT1,12327,947
CT10,11096,734
CT11,13679,863
CT12,7968,542
CT13,3866,387
CT14,16384,1164
CT15,5780,599
CT16,9246,649
CT17,9184,534
CT18,5919,437
CT19,11645,637
CT2,11129,750
CT20,11215,818
CT21,8122,655
CT3,8194,766
CT4,7261,808
CT5,14848,977
CT50,95,11
CT6,17616,1030
CT7,5828,412
CT8,3617,215
CT9,20023,1172
CV1,12332,768
CV10,23536,1029
CV11,17503,921
CV12,13738,645
CV13,4729,361
CV2,27528,1238
CV21,17000,996
CV22,15849,821
CV23,10852,862
CV3,28162,1364
CV31,13811,808
CV32,14359,925
CV33,3876,311
CV34,15535,986
CV35,11286,968
CV36,4812,413
CV37,20289,1557
CV4,12872,676
CV47,8318,637
CV5,20355,894
CV6,35029,1520
CV7,11923,750
CV8,13512,780
CV9,9585,680
CW1,19081,1146
CW10,7180,451
CW11,11974,824
CW12,14900,1023
CW2,18898,1032
CW3,4218,345
CW4,4464,345
CW5,14449,990
CW6,5649,552
CW7,14569,863
CW8,17151,1109
CW9,14829,1049
CW98,13,2
DA1,25310,1256
DA10,4459,255
DA11,15822,836
DA12,19256,996
DA13,5853,375
DA14,9909,516
DA15,11446,504
DA16,13904,565
DA17,7513,344
DA18,1900,68
DA2,9612,505
DA3,6703,358
DA4,3908,242
DA5,8879,438
DA6,4234,253
DA7,14183,682
DA8,14276,644
DA9,6172,324
DD1,9414,602
DD10,10665,682
DD11,14575,932
DD2,19719,1261
DD3,17343,1109
DD4,17921,1146
DD5,15341,981
DD6,5536,354
DD7,5786,370
DD8,19063,1219
DD9,6709,429
DE1,7988,696
DE11,20029,1067
DE12,9402,566
DE13,18380,976
DE14,13711,780
DE15,10872,520
DE21,24987,1267
DE22,21169,1069
DE23,22247,1085
DE24,24149,1165
DE3,7913,446
DE4,15799,1019
DE45,3725,312
DE5,10285,534
DE55,23881,1207
DE56,17557,908
DE6,11159,780
DE65,10093,550
DE7,22606,1146
DE72,8902,451
DE73,8911,520
DE74,5825,333
DE75,8322,342
DE99,4,1
DG1,16592,1061
DG10,3440,220
DG11,10086,645
DG12,7381,472
DG13,2205,141
DG14,1204,77
DG16,2253,147
DG2,13871,887
DG3,4128,264
DG4,2674,171
DG5,3347,214
DG6,4175,267
DG7,10524,673
DG8,13026,833
DG9,12635,808
DH1,19210,1322
DH2,13921,709
DH3,12272,770
DH4,15112,933
DH5,9390,547
DH6,15628,1039
DH7,19407,1254
DH8,18180,1327
DH9,17408,1203
DH97,6,1
DH98,11,2
DH99,21,3
DL1,22181,1391
DL10,8283,841
DL11,2228,454
DL12,5830,726
DL13,6535,959
DL14,17295,1178
DL15,10473,703
DL16,10213,594
DL17,8703,532
DL2,8336,813
DL3,19567,1152
DL4,4777,302
DL5,12981,803
DL6,7057,675
DL7,6835,753
DL8,8967,1152
DL9,4608,389
DL98,98,7
DN1,5525,495
DN10,5835,558
DN11,13038,812
DN12,10744,627
DN14,21343,1662
DN15,15602,990
DN16,14342,751
DN17,15635,959
DN18,5724,369
DN19,2829,241
DN2,10291,572
DN20,8426,668
DN21,17651,1348
DN22,16110,1224
DN3,13455,706
DN31,5098,467
DN32,12220,653
DN33,8712,537
DN34,8272,466
DN35,15062,815
DN36,8990,643
DN37,9367,664
DN38,1247,104
DN39,1216,112
DN4,23380,1299
DN40,5349,453
DN41,2608,241
DN5,17655,961
DN6,13199,846
DN7,9490,659
DN8,8025,492
DN9,9102,678
DT1,10002,779
DT10,5336,462
DT11,12738,1079
DT2,11432,1130
DT3,10940,692
DT4,17558,993
DT5,5694,317
DT6,10461,1004
DT7,2587,284
DT8,2779,233
DT9,9918,911
DY1,14238,800
DY10,15578,984
DY11,14172,813
DY12,5769,569
DY13,10133,667
DY14,4193,602
DY2,14070,749
DY3,15486,813
DY4,19040,962
DY5,18584,949
DY6,12395,743
DY7,3627,341
DY8,22469,1213
DY9,13141,850
E1,27337,1506
E10,16629,596
E11,22080,844
E12,12406,395
E13,16708,573
E14,43328,1897
E15,21358,821
E16,23892,976
E17,41626,1521
E18,8197,371
E1W,6695,435
E2,19616,979
E20,4499,213
E3,26540,1164
E4,24785,978
E5,18725,659
E6,24463,929
E7,16386,537
E8,18924,734
E9,16560,656
E98,367,61
EC1A,587,171
EC1M,956,180
EC1N,1078,163
EC1P,212,238
EC1R,2056,272
EC1V,7063,490
EC1Y,1867,184
EC2A,1478,354
EC2M,258,173
EC2N,48,54
EC2P,74,74
EC2R,72,80
EC2V,562,107
EC2Y,1163,92
EC3A,143,74
EC3M,72,80
EC3N,335,85
EC3P,17,19
EC3R,78,87
EC3V,72,80
EC4A,245,115
EC4M,119,94
EC4N,65,72
EC4P,44,49
EC4R,53,59
EC4V,118,118
EC4Y,286,133
EH1,5129,328
EH10,13574,868
EH11,14762,944
EH12,18406,1177
EH13,5896,377
EH14,15873,1015
EH15,9836,629
EH16,13949,892
EH17,9133,584
EH18,1658,106
EH19,6537,418
EH2,3190,204
EH20,3675,235
EH21,11635,744
EH22,17249,1103
EH23,4707,301
EH24,1188,76
EH25,2189,140
EH26,8585,549
EH27,1126,72
EH28,2111,135
EH29,1939,124
EH3,11869,759
EH30,3816,244
EH31,1548,99
EH32,8460,541
EH33,6068,388
EH34,1376,88
EH35,1142,73
EH36,172,11
EH37,1470,94
EH38,172,11
EH39,6521,417
EH4,25928,1658
EH40,1063,68
EH41,7193,460
EH42,5505,352
EH43,422,27
EH44,1689,108
EH45,5567,356
EH46,1705,109
EH47,11463,733
EH48,14434,923
EH49,6646,425
EH5,9868,631
EH51,6490,415
EH52,8648,553
EH53,4519,289
EH54,14872,951
EH55,4394,281
EH6,15654,1001
EH7,12119,775
EH8,8773,561
EH9,7991,511
EH91,313,20
EH95,94,6
EH99,31,2
EN1,17929,982
EN10,7147,430
EN11,9242,658
EN2,13290,828
EN3,20950,997
EN4,10419,563
EN5,16397,1065
EN6,12159,873
EN7,8260,502
EN8,16091,933
EN9,10876,680
EX1,11343,874
EX10,8389,840
EX11,3999,336
EX12,4954,496
EX13,5983,604
EX14,9844,966
EX15,9966,882
EX16,14366,1343
EX17,8863,994
EX18,1574,197
EX19,1617,216
EX2,19035,1397
EX20,9573,1034
EX21,2130,280
EX22,5367,608
EX23,7390,691
EX24,1790,212
EX3,2515,223
EX31,12399,973
EX32,10632,836
EX33,4422,370
EX34,7410,665
EX35,759,121
EX36,4504,409
EX37,1586,201
EX38,3677,307
EX39,17853,1362
EX4,22811,1467
EX5,10867,1128
EX6,6710,726
EX7,6716,487
EX8,16970,1092
EX9,3335,315
FK1,14168,906
FK10,13933,891
FK11,1173,75
FK12,2361,151
FK13,2893,185
FK14,2643,169
FK15,5645,361
FK16,1157,74
FK17,2064,132
FK18,125,8
FK19,438,28
FK2,19031,1217
FK20,360,23
FK21,844,54
FK3,7225,462
FK4,5270,337
FK5,7193,460
FK6,5473,350
FK7,13120,839
FK8,9993,639
FK9,6458,413
FY1,15157,988
FY2,11241,552
FY3,14669,781
FY4,20658,1117
FY5,21090,1174
FY6,13320,828
FY7,11661,653
FY8,21878,1286
G1,5896,377
G11,7741,495
G12,10305,659
G13,13574,868
G14,6552,419
G15,6333,405
G2,8304,531
G20,11525,737
G21,9696,620
G22,6412,410
G23,2299,147
G3,7225,462
G31,10008,640
G32,15435,987
G33,17202,1100
G34,3253,208
G4,5364,343
G40,6490,415
G41,12761,816
G42,9977,638
G43,6599,422
G44,9586,613
G45,4785,306
G46,10634,680
G5,5473,350
G51,10477,670
G52,11932,763
G53,11619,743
G58,203,13
G60,2158,138
G61,12338,789
G62,7053,451
G63,6224,398
G64,11947,764
G65,6240,399
G66,19719,1261
G67,9836,629
G68,5145,329
G69,15310,979
G70,156,10
G71,14309,915
G72,19860,1270
G73,14027,897
G74,14684,939
G75,13277,849
G76,9758,624
G77,10853,694
G78,10915,698
G79,31,2
G81,15388,984
G82,12573,804
G83,9742,623
G84,13636,872
G9,31,2
G90,532,34
GL1,16665,1038
GL10,6793,485
GL11,8359,618
GL12,6419,467
GL13,2622,239
GL14,6769,629
GL15,9681,805
GL16,6334,493
GL17,5271,559
GL18,3874,327
GL19,3669,381
GL2,25010,1471
GL20,12878,980
GL3,14606,1021
GL4,20345,1158
GL5,13610,1109
GL50,10639,936
GL51,23262,1555
GL52,21435,1364
GL53,8872,742
GL54,11288,1056
GL55,2818,293
GL56,4887,517
GL6,11420,1054
GL7,20273,1682
GL8,4307,338
GL9,941,112
GU1,13854,1058
GU10,10012,976
GU11,10360,658
GU12,13489,790
GU14,22754,1360
GU15,14153,907
GU16,9582,586
GU17,4615,299
GU18,2852,144
GU19,2613,174
GU2,11047,675
GU20,1820,156
GU21,19934,1154
GU22,14522,938
GU23,2819,261
GU24,7068,549
GU25,2356,223
GU26,3320,278
GU27,7483,620
GU28,2928,356
GU29,4653,423
GU3,4662,408
GU30,4251,302
GU31,4643,432
GU32,5773,563
GU33,3592,350
GU34,14510,1242
GU35,9696,730
GU4,6877,492
GU46,6039,343
GU47,7592,414
GU5,4428,393
GU51,10314,823
GU52,7182,429
GU6,6704,550
GU7,10051,801
GU8,7173,658
GU9,12920,990
HA0,16673,857
HA1,16095,936
HA2,20303,968
HA3,24688,1277
HA4,20700,1147
HA5,17591,1112
HA6,9186,729
HA7,13526,864
HA8,23965,1412
HA9,18593,987
HD1,9425,851
HD2,11688,627
HD3,14070,723
HD4,13074,724
HD5,13491,717
HD6,12070,780
HD7,10214,599
HD8,14130,950
HD9,15541,1198
HG1,16427,932
HG2,13854,724
HG3,12479,1190
HG4,11325,1004
HG5,8351,615
HP1,11538,672
HP10,8234,563
HP11,6448,524
HP12,8451,498
HP13,17395,848
HP14,6992,536
HP15,7006,425
HP16,4994,377
HP17,4534,361
HP18,8519,692
HP19,10251,601
HP2,16782,963
HP20,7255,512
HP21,13888,728
HP22,12251,960
HP23,7641,573
HP27,5899,440
HP3,13591,754
HP4,10461,745
HP5,10935,737
HP6,5785,456
HP7,4639,361
HP8,2839,218
HP9,6923,559
HR1,14916,1115
HR2,16352,1305
HR3,3647,436
HR4,13663,931
HR5,2331,244
HR6,9414,799
HR7,3379,280
HR8,6396,560
HR9,9701,824
HS1,4160,266
HS2,5661,362
HS3,1188,76
HS4,141,9
HS5,203,13
HS6,1235,79
HS7,704,45
HS8,1188,76
HS9,766,49
HU1,2084,291
HU10,8877,514
HU11,5787,418
HU12,11224,770
HU13,6747,428
HU14,3693,234
HU15,10270,662
HU16,7267,484
HU17,19684,1256
HU18,3770,257
HU19,3125,195
HU2,2500,195
HU20,366,34
HU3,13581,752
HU4,10419,424
HU5,22545,1045
HU6,14060,660
HU7,19808,753
HU8,14796,747
HU9,18014,1066
HX1,9104,915
HX2,16032,1122
HX3,21069,1436
HX4,5520,434
HX5,4575,296
HX6,8379,789
HX7,6128,709
IG1,21349,935
IG10,13269,738
IG11,21450,984
IG2,9603,416
IG3,11854,474
IG4,2920,139
IG5,5771,234
IG6,11229,562
IG7,8846,496
IG8,15462,810
IG9,5435,290
IP1,18379,1095
IP10,1630,191
IP11,14089,957
IP12,10708,1056
IP13,8954,1174
IP14,18029,1552
IP15,1064,166
IP16,3352,311
IP17,5806,732
IP18,1963,290
IP19,4865,594
IP2,13870,716
IP20,3831,316
IP21,5087,524
IP22,10272,860
IP23,3324,324
IP24,12112,777
IP25,9069,624
IP26,3966,333
IP27,8622,509
IP28,12763,868
IP29,3926,406
IP3,14727,767
IP30,6305,573
IP31,8718,762
IP32,7572,449
IP33,12087,811
IP4,15810,948
IP5,8190,444
IP6,7741,770
IP7,7071,687
IP8,4897,462
IP9,5079,489
IP98,91,8
IV1,4551,291
IV10,1329,85
IV11,688,44
IV12,6771,433
IV13,297,19
IV14,1173,75
IV15,3362,215
IV16,876,56
IV17,2830,181
IV18,3081,197
IV19,3081,197
IV2,19391,1240
IV20,1845,118
IV21,766,49
IV22,1204,77
IV23,798,51
IV24,704,45
IV25,2221,142
IV26,1142,73
IV27,2956,189
IV28,344,22
IV3,7272,465
IV30,16967,1085
IV31,4113,263
IV32,2690,172
IV36,7412,474
IV4,2002,128
IV40,1939,124
IV41,203,13
IV42,109,7
IV43,156,10
IV44,156,10
IV45,188,12
IV46,47,3
IV47,297,19
IV48,31,2
IV49,688,44
IV5,657,42
IV51,3659,234
IV52,297,19
IV53,172,11
IV54,938,60
IV55,876,56
IV56,219,14
IV6,1986,127
IV63,1032,66
IV7,2408,154
IV8,500,32
IV9,719,46
IV99,78,5
KA1,15904,1017
KA10,6818,436
KA11,8272,529
KA12,9195,588
KA13,7131,456
KA14,547,35
KA15,3706,237
KA16,1751,112
KA17,2189,140
KA18,11541,738
KA19,4957,317
KA2,3550,227
KA20,4160,266
KA21,5770,369
KA22,5004,320
KA23,2893,185
KA24,3581,229
KA25,3472,222
KA26,6271,401
KA27,3206,205
KA28,1142,73
KA29,1016,65
KA3,18453,1180
KA30,5723,366
KA4,2658,170
KA5,6490,415
KA6,8210,525
KA7,14418,922
KA8,8366,535
KA9,6943,444
KT1,9582,698
KT10,8415,618
KT11,6260,527
KT12,16388,998
KT13,9410,795
KT14,5761,394
KT15,12488,768
KT16,8619,613
KT17,10218,749
KT18,7553,512
KT19,14473,731
KT2,13018,684
KT20,8419,675
KT21,5450,380
KT22,10571,910
KT23,4810,375
KT24,3660,373
KT3,14929,750
KT4,11344,521
KT5,8034,367
KT6,13983,748
KT7,4091,256
KT8,8392,433
KT9,8543,400
KW1,5567,356
KW10,985,63
KW11,94,6
KW12,751,48
KW13,47,3
KW14,7178,459
KW15,5708,365
KW16,2189,140
KW17,3612,231
KW2,31,2
KW3,579,37
KW5,188,12
KW6,281,18
KW7,78,5
KW8,594,38
KW9,1126,72
KY1,12667,810
KY10,6052,387
KY11,21612,1382
KY12,17593,1125
KY13,6271,401
KY14,4269,273
KY15,11760,752
KY16,11009,704
KY2,9946,636
KY3,5458,349
KY4,8022,513
KY5,7538,482
KY6,7272,465
KY7,12917,826
KY8,15482,990
KY9,1877,120
KY99,219,14
L1,5114,461
L10,6387,287
L11,12131,545
L12,12931,592
L13,13606,562
L14,11861,479
L15,11730,474
L16,5442,247
L17,11147,454
L18,10219,554
L19,10237,494
L2,1328,174
L20,15219,1000
L21,11398,570
L22,5862,279
L23,13215,679
L24,7796,402
L25,15658,855
L26,6327,339
L27,2732,154
L28,3021,115
L29,289,22
L3,5904,564
L30,8516,456
L31,13092,765
L32,9003,546
L33,8040,542
L34,6369,467
L35,13055,697
L36,17966,960
L37,9998,694
L38,1172,100
L39,11635,762
L4,18331,796
L40,8708,561
L5,6604,430
L6,10797,496
L67,52,2
L68,8,1
L69,970,233
L7,8047,462
L70,139,15
L71,134,13
L72,319,33
L74,431,25
L75,167,26
L8,15149,698
L80,12,1
L9,13444,630
LA1,22076,1349
LA10,1558,221
LA11,4663,438
LA12,9453,951
LA13,8394,500
LA14,17763,1189
LA15,3434,262
LA16,1397,112
LA17,519,60
LA18,3668,302
LA19,442,70
LA2,9213,980
LA20,560,88
LA21,440,93
LA22,2103,393
LA23,3959,498
LA3,11111,744
LA4,11851,745
LA5,7369,584
LA6,5938,674
LA7,2212,211
LA8,4072,498
LA9,14465,944
LD1,5106,423
LD2,2871,285
LD3,8506,875
LD4,394,58
LD5,481,71
LD6,1303,116
LD7,2131,194
LD8,1999,191
LE1,6991,701
LE10,23383,1159
LE11,24323,1216
LE12,29119,1559
LE13,12057,635
LE14,7838,667
LE15,14625,1102
LE16,16240,1042
LE17,9853,813
LE18,14326,758
LE19,7254,498
LE2,43940,2057
LE21,97,12
LE3,41700,1832
LE4,38376,1849
LE41,90,23
LE5,31077,1454
LE6,5042,252
LE65,7309,468
LE67,27641,1523
LE7,21410,1197
LE8,16945,879
LE87,181,41
LE9,25255,1267
LE94,44,4
LE95,12,3
LL11,16615,1290
LL12,12167,884
LL13,14956,1039
LL14,14291,1036
LL15,4885,454
LL16,6578,643
LL17,2456,225
LL18,18267,1223
LL19,9111,598
LL20,3562,383
LL21,2798,369
LL22,8503,650
LL23,1863,200
LL24,942,193
LL25,233,47
LL26,1953,210
LL27,380,47
LL28,6273,446
LL29,9012,625
LL30,9976,679
LL31,4640,283
LL32,2911,279
LL33,1796,167
LL34,2029,183
LL35,487,99
LL36,2162,246
LL37,243,40
LL38,285,47
LL39,115,19
LL40,1928,358
LL41,2800,373
LL42,1019,151
LL43,196,28
LL44,364,52
LL45,378,54
LL46,723,93
LL47,384,47
LL48,1105,159
LL49,1908,197
LL51,370,45
LL52,1206,158
LL53,7019,813
LL54,4998,521
LL55,9305,741
LL56,1047,73
LL57,10226,902
LL58,1796,193
LL59,2423,200
LL60,1170,111
LL61,2786,248
LL62,805,119
LL63,629,105
LL64,337,58
LL65,10665,916
LL66,199,22
LL67,588,61
LL68,2629,232
LL69,335,35
LL70,178,20
LL71,740,85
LL72,371,44
LL73,111,12
LL74,992,80
LL75,616,60
LL76,98,9
LL77,3092,254
LL78,276,22
LN1,13256,923
LN10,2723,198
LN11,13679,1168
LN12,6493,439
LN13,3663,339
LN2,17829,1150
LN3,4542,292
LN4,17024,1127
LN5,15274,1031
LN6,26860,1455
LN7,2817,265
LN8,7920,672
LN9,4834,400
LS1,2794,520
LS10,16519,897
LS11,16499,976
LS12,19202,1206
LS13,16664,900
LS14,16469,956
LS15,15830,986
LS16,15980,1007
LS17,18730,1263
LS18,9157,523
LS19,9135,574
LS2,3429,348
LS20,5542,354
LS21,8513,649
LS22,7430,573
LS23,4065,370
LS24,5413,411
LS25,18536,1199
LS26,13909,803
LS27,17250,1096
LS28,17927,1150
LS29,14756,1220
LS3,1484,118
LS4,4230,207
LS5,4143,204
LS6,17443,883
LS7,13685,681
LS8,19150,934
LS88,237,32
LS9,18502,880
LS98,25,3
LS99,22,3
LU1,18552,942
LU2,24017,1003
LU3,22539,847
LU4,18386,732
LU5,16535,777
LU6,14522,713
LU7,25651,1391
M1,5498,536
M11,9376,751
M12,6914,499
M13,6509,490
M14,17799,1055
M15,10238,601
M16,14649,871
M17,1015,168
M18,10288,576
M19,13830,806
M2,631,218
M20,21357,1142
M21,12148,725
M22,18158,1216
M23,14271,816
M24,21938,1251
M25,12431,784
M26,15874,847
M27,17744,1101
M28,19283,1099
M29,10191,568
M3,8447,616
M30,18009,935
M31,3322,264
M32,11528,687
M33,25626,1571
M34,21082,1281
M35,9444,530
M38,6102,310
M4,7657,491
M40,19221,1389
M41,17229,1026
M43,10456,615
M44,8246,479
M45,10305,655
M46,10371,572
M5,10054,625
M50,4088,193
M6,15071,815
M60,749,142
M61,425,106
M7,12477,778
M8,11676,805
M9,17621,1079
M90,502,81
M99,89,12
ME1,14044,861
ME10,20109,1138
ME11,1526,105
ME12,16682,932
ME13,12400,1052
ME14,14453,1074
ME15,21231,1366
ME16,14228,774
ME17,10284,1068
ME18,3033,312
ME19,9798,744
ME2,16790,943
ME20,8930,542
ME3,12030,846
ME4,13426,794
ME5,20548,993
ME6,5029,304
ME7,20322,1027
ME8,21073,1142
ME9,10043,862
MK1,1087,112
MK10,9019,639
MK11,4600,294
MK12,5391,296
MK13,7953,499
MK14,8128,477
MK15,3410,221
MK16,8091,575
MK17,8835,875
MK18,13997,1249
MK19,5337,349
MK2,5800,370
MK3,10954,650
MK4,9072,586
MK40,15610,906
MK41,18155,1060
MK42,21583,1261
MK43,16933,1124
MK44,7304,662
MK45,20370,1271
MK46,3982,304
MK5,6153,412
MK6,10641,615
MK7,5457,381
MK77,216,64
MK8,5495,428
MK9,2319,266
ML1,22456,1436
ML10,5333,341
ML11,16905,1081
ML12,5458,349
ML2,13746,879
ML3,20314,1299
ML4,9039,578
ML5,15622,999
ML6,18844,1205
ML7,6427,411
ML8,8163,522
ML9,10759,688
N1,41684,2285
N10,10919,511
N11,12625,613
N12,12370,706
N13,12047,533
N14,11926,685
N15,17890,706
N16,25905,1127
N17,25710,1088
N18,11726,531
N19,14908,641
N1C,946,77
N1P,800,657
N2,9945,544
N20,7710,537
N21,9187,565
N22,17491,687
N3,10616,648
N4,23186,859
N5,11272,417
N6,8704,496
N7,22019,894
N8,17324,689
N81,47,3
N9,18612,876
NE1,3922,550
NE10,15917,743
NE11,7764,478
NE12,16852,856
NE13,8563,469
NE15,15168,890
NE16,11118,754
NE17,2270,169
NE18,431,70
NE19,980,216
NE2,10472,513
NE20,5256,440
NE21,7967,536
NE22,8458,519
NE23,18051,1041
NE24,18247,1113
NE25,13539,680
NE26,8477,541
NE27,7226,342
NE28,22041,1034
NE29,16835,952
NE3,23250,1195
NE30,10235,636
NE31,10266,501
NE32,10846,682
NE33,13083,768
NE34,23799,1058
NE35,2906,132
NE36,3009,212
NE37,8720,538
NE38,13872,654
NE39,3854,312
NE4,14606,802
NE40,7069,508
NE41,1007,96
NE42,5439,361
NE43,2029,221
NE44,405,87
NE45,1708,198
NE46,7313,847
NE47,3389,594
NE48,1919,429
NE49,2091,286
NE5,21814,1139
NE6,23052,1056
NE61,15801,1516
NE62,4040,276
NE63,13175,764
NE64,2699,184
NE65,9235,1069
NE66,8383,1002
NE67,592,111
NE68,769,110
NE69,244,37
NE7,6267,281
NE70,861,128
NE71,1593,188
NE8,13829,739
NE85,33,4
NE88,54,7
NE9,16822,838
NE92,208,40
NE98,138,10
NE99,509,100
NG1,6393,648
NG10,21274,989
NG11,16416,876
NG12,15686,984
NG13,9692,686
NG14,8290,579
NG15,19607,999
NG16,28119,1423
NG17,32230,1617
NG18,20406,1191
NG19,23171,1217
NG2,25334,1437
NG20,11661,711
NG21,10559,564
NG22,12122,915
NG23,7699,768
NG24,21558,1293
NG25,3984,287
NG3,21499,1028
NG31,20498,1150
NG32,6037,620
NG33,4491,461
NG34,19220,1341
NG4,18567,906
NG5,38618,1917
NG6,16553,786
NG7,19443,1166
NG8,25305,1200
NG80,149,21
NG9,30691,1624
NG90,257,19
NN1,14637,839
NN10,17495,853
NN11,17716,1152
NN12,11171,788
NN13,8979,566
NN14,18537,1166
NN15,17144,934
NN16,14379,857
NN17,13910,878
NN18,15331,653
NN2,17301,799
NN29,5031,279
NN3,29919,1319
NN4,19942,964
NN5,18637,857
NN6,16073,1157
NN7,13043,826
NN8,22869,1212
NN9,12170,667
NP10,11204,590
NP11,15800,914
NP12,14489,898
NP13,8900,551
NP15,3675,403
NP16,10182,782
NP18,7171,481
NP19,23584,1150
NP20,23052,1364
NP22,9802,600
NP23,14359,879
NP24,2024,147
NP25,7034,582
NP26,9922,616
NP4,19619,1383
NP44,21150,1246
NP7,12319,1072
NP8,2375,188
NR1,13877,887
NR10,9740,737
NR11,9224,775
NR12,9916,918
NR13,12650,1069
NR14,11841,930
NR15,6749,603
NR16,5169,495
NR17,7667,569
NR18,9114,670
NR19,9181,665
NR2,13803,733
NR20,8530,846
NR21,7501,807
NR22,462,68
NR23,1525,229
NR24,2040,209
NR25,4281,529
NR26,3816,292
NR27,5796,396
NR28,8296,600
NR29,9299,726
NR3,16093,830
NR30,14248,962
NR31,22611,1176
NR32,18113,1109
NR33,17834,926
NR34,10020,843
NR35,5093,452
NR4,9850,551
NR5,12601,627
NR6,11489,632
NR7,15069,965
NR8,9400,477
NR9,7948,696
NR99,110,8
NW1,23170,1643
NW10,36425,1830
NW11,12536,851
NW1W,740,1038
NW2,27422,1307
NW26,402,43
NW3,22404,1339
NW4,12539,747
NW5,13118,881
NW6,29817,1300
NW7,10606,802
NW8,14141,852
NW9,27826,1455
OL1,10068,790
OL10,12567,811
OL11,17788,1060
OL12,18745,1179
OL13,7188,656
OL14,7223,785
OL15,6548,534
OL16,16105,1121
OL2,18176,1074
OL3,6799,588
OL4,17196,1047
OL5,5189,368
OL6,12904,906
OL7,7478,421
OL8,14697,826
OL9,16183,969
OX1,6787,868
OX10,11729,1020
OX11,18166,1143
OX12,12497,993
OX13,6336,470
OX14,19234,1325
OX15,8742,829
OX16,21850,1347
OX17,8090,711
OX18,10840,918
OX2,15775,1022
OX20,2731,270
OX25,5062,504
OX26,15161,944
OX27,3196,363
OX28,11921,783
OX29,11582,1003
OX3,17157,979
OX33,3497,284
OX39,3541,259
OX4,23954,1380
OX44,3281,334
OX49,1780,227
OX5,9801,693
OX7,10614,1093
OX9,6762,565
PA1,9367,599
PA10,2049,131
PA11,3237,207
PA12,1783,114
PA13,3268,209
PA14,6490,415
PA15,9289,594
PA16,12182,779
PA17,1126,72
PA18,985,63
PA19,4410,282
PA2,15529,993
PA20,4222,270
PA21,719,46
PA22,250,16
PA23,6615,423
PA24,235,15
PA25,47,3
PA26,141,9
PA27,360,23
PA28,3519,225
PA29,1220,78
PA3,11025,705
PA30,672,43
PA31,3487,223
PA32,891,57
PA33,516,33
PA34,5723,366
PA35,610,39
PA36,109,7
PA37,1564,100
PA38,485,31
PA4,9477,606
PA41,78,5
PA42,891,57
PA43,610,39
PA44,313,20
PA45,94,6
PA46,203,13
PA47,235,15
PA48,250,16
PA49,94,6
PA5,9305,595
PA6,2627,168
PA60,313,20
PA61,125,8
PA62,16,1
PA63,16,1
PA64,31,2
PA65,125,8
PA66,125,8
PA67,235,15
PA68,47,3
PA69,63,4
PA7,3863,247
PA70,94,6
PA71,63,4
PA72,313,20
PA73,94,6
PA74,16,1
PA75,954,61
PA76,109,7
PA77,594,38
PA78,78,5
PA8,3456,221
PA80,297,19
PA9,923,59
PE1,20765,1192
PE10,10824,678
PE11,19566,1285
PE12,18507,1235
PE13,16021,1090
PE14,9835,724
PE15,13489,951
PE16,4853,294
PE19,20459,1267
PE2,22411,991
PE20,6591,607
PE21,19495,1110
PE22,7456,765
PE23,3912,387
PE24,5791,538
PE25,10714,717
PE26,5114,355
PE27,9026,558
PE28,21586,1567
PE29,13868,1021
PE3,12399,607
PE30,19803,1225
PE31,9560,886
PE32,7026,596
PE33,6638,542
PE34,6115,436
PE35,127,13
PE36,3039,326
PE37,5602,413
PE38,7417,467
PE4,12547,489
PE5,508,51
PE6,16871,1028
PE7,20960,1203
PE8,7807,646
PE9,14875,1021
PH1,19391,1240
PH10,7412,474
PH11,2862,183
PH12,1454,93
PH13,2862,183
PH14,1095,70
PH15,2784,178
PH16,3612,231
PH17,203,13
PH18,719,46
PH19,109,7
PH2,19813,1267
PH20,829,53
PH21,1626,104
PH22,1908,122
PH23,500,32
PH24,375,24
PH25,547,35
PH26,2205,141
PH3,3878,248
PH30,16,1
PH31,188,12
PH32,610,39
PH33,6756,432
PH34,407,26
PH35,250,16
PH36,532,34
PH37,78,5
PH38,78,5
PH39,203,13
PH4,516,33
PH40,156,10
PH41,626,40
PH42,16,1
PH43,16,1
PH44,16,1
PH49,641,41
PH5,672,43
PH50,719,46
PH6,1783,114
PH7,5661,362
PH8,1814,116
PH9,688,44
PL1,13040,875
PL10,1597,177
PL11,4702,326
PL12,9647,745
PL13,4618,451
PL14,11042,1019
PL15,8876,816
PL16,780,109
PL17,4630,421
PL18,2394,228
PL19,7649,681
PL2,14058,644
PL20,5212,503
PL21,7864,652
PL22,1818,209
PL23,1465,171
PL24,4507,254
PL25,12281,867
PL26,11962,878
PL27,5440,589
PL28,1996,244
PL29,428,58
PL3,13226,694
PL30,4828,540
PL31,7023,488
PL32,1969,170
PL33,896,80
PL34,885,80
PL35,575,80
PL4,14586,827
PL5,19063,906
PL6,18388,1021
PL7,13476,745
PL8,2672,312
PL9,12800,955
PL95,235,31
PO1,12638,916
PO10,8626,593
PO11,8191,470
PO12,20828,1069
PO13,15223,779
PO14,14404,1028
PO15,9868,684
PO16,13774,996
PO17,3130,332
PO18,6578,685
PO19,14766,1250
PO2,17120,755
PO20,15788,1235
PO21,19007,1347
PO22,14157,997
PO3,8798,442
PO30,13366,1077
PO31,6733,465
PO32,4128,252
PO33,14697,1011
PO34,982,122
PO35,1701,162
PO36,7652,553
PO37,4403,332
PO38,5951,586
PO39,1192,115
PO4,17925,735
PO40,2824,293
PO41,1146,151
PO5,12630,665
PO6,16945,921
PO7,18957,1250
PO8,15015,861
PO9,21092,1224
PR0,228,17
PR1,28278,1677
PR11,408,53
PR2,33937,1777
PR25,14164,759
PR26,5857,318
PR3,17756,1405
PR4,27956,1775
PR5,17781,984
PR6,15817,1035
PR7,27676,1466
PR8,24239,1256
PR9,20678,943
RG1,20077,1252
RG10,7460,677
RG12,24249,1082
RG14,18335,1280
RG17,6777,664
RG18,7735,537
RG19,7198,486
RG2,17051,1038
RG20,7979,933
RG21,12158,771
RG22,17589,783
RG23,5548,366
RG24,16303,907
RG25,3857,389
RG26,10044,643
RG27,10063,845
RG28,2709,236
RG29,2843,272
RG30,19243,971
RG31,11455,639
RG4,16422,990
RG40,14093,972
RG41,12266,774
RG42,11803,953
RG45,5580,430
RG5,10975,504
RG6,14207,758
RG7,14170,1483
RG8,8056,845
RG9,10258,1139
RH1,20557,1260
RH10,29012,1904
RH11,22400,1180
RH12,22409,1373
RH13,16165,1121
RH14,7116,590
RH15,14283,843
RH16,16591,1117
RH17,8005,709
RH18,1827,142
RH19,14942,1122
RH2,10948,853
RH20,11461,896
RH3,1752,145
RH4,7069,667
RH5,6898,644
RH6,14205,897
RH7,3369,235
RH77,105,17
RH8,6238,414
RH9,2466,151
RM1,9557,500
RM10,14484,578
RM11,12634,570
RM12,14277,625
RM13,12111,651
RM14,10994,627
RM15,12171,573
RM16,16117,697
RM17,11429,538
RM18,6977,338
RM19,2825,143
RM2,5508,267
RM20,2895,161
RM3,18273,928
RM4,1795,155
RM5,8049,378
RM6,12591,530
RM7,11880,580
RM8,16481,589
RM9,14283,559
S1,4253,501
S10,17316,930
S11,14011,657
S12,15412,653
S13,13813,589
S14,4260,183
S17,7122,372
S18,11105,599
S2,18263,978
S20,13600,635
S21,9096,454
S25,8935,488
S26,11163,533
S3,6641,516
S32,2568,208
S33,2179,169
S35,17706,887
S36,12615,744
S4,4864,299
S40,16636,1098
S41,17211,1003
S42,13458,808
S43,18239,1079
S44,10068,599
S45,6756,502
S49,79,9
S5,25625,1051
S6,26507,1235
S60,17594,1075
S61,15445,868
S62,8886,608
S63,18316,1141
S64,14224,675
S65,14565,817
S66,19884,1087
S7,6522,302
S70,18947,1286
S71,20914,1217
S72,11107,710
S73,12664,753
S74,8232,517
S75,19939,1340
S8,20605,857
S80,13865,1026
S81,16746,1084
S9,10767,711
S95,110,28
S96,95,15
S97,255,39
S98,337,208
S99,57,36
SA1,22729,1330
SA10,13397,777
SA11,16329,990
SA12,14476,782
SA13,8446,567
SA14,15082,873
SA15,16195,1011
SA16,3810,259
SA17,4648,424
SA18,13095,772
SA19,4405,831
SA2,15318,772
SA20,1457,237
SA3,11605,733
SA31,7822,583
SA32,3207,399
SA33,5461,637
SA34,2254,231
SA35,367,42
SA36,124,11
SA37,526,59
SA38,1756,190
SA39,1102,117
SA4,19681,1135
SA40,1148,106
SA41,971,110
SA42,1029,155
SA43,5887,561
SA44,5336,664
SA45,649,94
SA46,1186,129
SA47,514,71
SA48,3711,380
SA5,15954,750
SA6,14215,766
SA61,6502,460
SA62,9136,1004
SA63,676,88
SA64,1153,105
SA65,2051,201
SA66,1274,163
SA67,3491,366
SA68,1763,152
SA69,1661,155
SA7,6467,344
SA70,4047,423
SA71,4897,406
SA72,4763,306
SA73,9559,627
SA8,5640,307
SA80,39,6
SA9,7105,552
SA99,416,65
SE1,32353,2019
SE10,18174,817
SE11,10352,488
SE12,11485,518
SE13,19971,722
SE14,10478,420
SE15,27266,1187
SE16,23733,1093
SE17,15135,673
SE18,32871,1436
SE19,13102,601
SE1P,754,690
SE2,10261,464
SE20,11078,492
SE21,5883,295
SE22,12751,516
SE23,14173,628
SE24,7408,293
SE25,15661,638
SE26,13290,630
SE27,9121,382
SE28,10707,418
SE3,15375,759
SE4,11610,460
SE5,20180,884
SE6,22410,864
SE7,8672,427
SE8,13741,565
SE9,26050,1224
SG1,22883,1243
SG10,889,109
SG11,3547,377
SG12,13326,945
SG13,7349,528
SG14,8826,614
SG15,2572,117
SG16,2875,191
SG17,5967,400
SG18,12738,758
SG19,10778,684
SG2,17005,832
SG3,2881,204
SG4,12714,890
SG5,15260,952
SG6,14756,981
SG7,6125,439
SG8,17056,1291
SG9,5078,513
SK1,6719,503
SK10,19109,1476
SK11,16467,1098
SK12,8420,481
SK13,14798,1001
SK14,21533,1291
SK15,12482,669
SK16,8530,459
SK17,13949,1218
SK2,12932,590
SK22,5527,385
SK23,8115,540
SK3,12466,606
SK4,15457,816
SK5,13830,619
SK6,22529,1280
SK7,17565,1031
SK8,24708,1331
SK9,17117,1215
SL0,4573,344
SL1,27323,1639
SL2,19317,1130
SL3,17655,1087
SL4,18551,1364
SL5,9848,887
SL6,32780,2297
SL60,172,32
SL7,8782,698
SL8,2859,267
SL9,8467,890
SL95,305,24
SM1,17438,858
SM2,12450,592
SM3,8635,380
SM4,14313,589
SM5,15898,717
SM6,15767,760
SM7,7386,467
SN1,13917,766
SN10,14370,1199
SN11,10519,776
SN12,12150,820
SN13,7535,666
SN14,11370,970
SN15,15350,1363
SN16,6264,521
SN2,18636,967
SN25,17628,819
SN26,770,70
SN3,22747,1256
SN38,873,126
SN4,12194,941
SN5,14999,905
SN6,9671,657
SN7,6461,544
SN8,10397,943
SN9,3663,323
SN99,67,18
SO14,12180,850
SO15,18663,1169
SO16,27908,1541
SO17,7724,443
SO18,15972,958
SO19,25041,1187
SO20,3488,344
SO21,8232,738
SO22,11484,728
SO23,10106,828
SO24,4677,452
SO25,5,1
SO30,14195,787
SO31,20414,1160
SO32,9197,649
SO40,17673,1077
SO41,14799,1087
SO42,1991,165
SO43,1606,138
SO45,15031,975
SO50,21043,1312
SO51,13039,881
SO52,3060,178
SO53,13147,864
SO97,198,15
SP1,10091,673
SP10,16585,966
SP11,14732,1280
SP2,13386,904
SP3,5102,676
SP4,14838,1110
SP5,9996,1033
SP6,6219,591
SP7,6726,629
SP8,6436,558
SP9,3885,273
SR1,2801,291
SR2,13827,846
SR3,17301,894
SR4,17636,957
SR5,16037,1025
SR6,13189,734
SR7,13723,855
SR8,16121,981
SS0,18451,739
SS1,13200,700
SS11,7951,475
SS12,7872,404
SS13,9515,497
SS14,11316,761
SS15,13668,633
SS16,13057,659
SS17,13509,771
SS2,15256,710
SS22,31,3
SS3,12057,606
SS4,9083,572
SS5,9576,541
SS6,13232,731
SS7,20833,1123
SS8,16179,904
SS9,22072,1057
SS99,1036,85
ST1,13649,964
ST10,10919,819
ST11,4081,235
ST12,1670,122
ST13,12859,940
ST14,8820,681
ST15,10274,696
ST16,15177,918
ST17,16639,901
ST18,7556,606
ST19,6572,457
ST2,15220,760
ST20,2953,220
ST21,2685,217
ST3,28972,1650
ST4,25722,1675
ST5,34715,2026
ST55,388,45
ST6,28749,1640
ST7,24178,1350
ST8,8781,532
ST9,5109,333
SW10,7917,467
SW11,33862,1490
SW12,13536,596
SW13,6799,378
SW14,6878,368
SW15,25783,1223
SW16,33284,1361
SW17,26663,985
SW18,27645,1213
SW19,32676,1651
SW1A,339,146
SW1E,458,91
SW1H,521,98
SW1P,6344,737
SW1V,10625,581
SW1W,3677,342
SW1X,2446,414
SW1Y,269,187
SW2,23432,1043
SW20,12102,561
SW3,9383,862
SW4,18691,918
SW5,7223,311
SW6,29402,1506
SW7,7020,650
SW8,17399,845
SW9,20486,976
SW95,309,44
SY1,12535,1038
SY10,6959,828
SY11,12051,981
SY12,3716,380
SY13,8915,872
SY14,2897,344
SY15,2359,251
SY16,7224,685
SY17,1577,178
SY18,2229,223
SY19,446,55
SY2,8244,573
SY20,3061,421
SY21,7679,869
SY22,3819,416
SY23,11306,994
SY24,1907,145
SY25,1904,217
SY3,15272,1094
SY4,11106,1077
SY5,9481,1060
SY6,3263,324
SY7,4809,568
SY8,8645,816
SY9,1322,136
SY99,35,8
TA1,19124,1172
TA10,4544,435
TA11,4419,418
TA12,2690,168
TA13,2013,144
TA14,1404,89
TA15,404,25
TA16,804,56
TA17,297,35
TA18,4996,404
TA19,5469,440
TA2,13321,740
TA20,9712,850
TA21,9303,656
TA22,1243,171
TA23,2712,250
TA24,8918,954
TA3,6330,658
TA4,8826,931
TA5,5384,499
TA6,22140,1399
TA7,6847,604
TA8,7662,440
TA9,5951,456
TD1,9914,634
TD10,657,42
TD11,4644,297
TD12,2913,237
TD13,641,41
TD14,4019,257
TD15,7984,562
TD2,1689,108
TD3,704,45
TD4,1673,107
TD5,7120,456
TD6,6537,418
TD7,4598,294
TD8,4160,266
TD9,11749,756
TF1,17864,1096
TF10,8779,649
TF11,5628,456
TF12,2414,237
TF13,1776,202
TF2,17058,1123
TF3,9647,654
TF4,9602,593
TF5,1803,119
TF6,2882,296
TF7,7892,522
TF8,1464,174
TF9,10971,1012
TN1,5717,397
TN10,6825,396
TN11,6255,589
TN12,12633,1233
TN13,9734,816
TN14,6970,580
TN15,10631,937
TN16,7785,617
TN17,5619,660
TN18,2891,348
TN19,2003,188
TN2,12372,836
TN20,1592,177
TN21,7490,707
TN22,11536,1001
TN23,17485,1057
TN24,13509,765
TN25,8140,748
TN26,5129,517
TN27,6025,638
TN28,3786,294
TN29,5887,523
TN3,4783,567
TN30,4613,385
TN31,6622,538
TN32,2171,240
TN33,5168,480
TN34,13949,720
TN35,7577,399
TN36,1070,103
TN37,9415,446
TN38,12364,649
TN39,12289,692
TN4,13053,779
TN40,8765,551
TN5,3824,411
TN6,10474,836
TN7,902,98
TN8,6172,573
TN9,7898,527
TQ1,16105,933
TQ10,1692,176
TQ11,1851,157
TQ12,25197,1709
TQ13,11037,1034
TQ14,9200,659
TQ2,15406,934
TQ3,13823,750
TQ4,9862,596
TQ5,8971,653
TQ6,3883,448
TQ7,7723,915
TQ8,987,178
TQ9,8801,925
TR1,10435,920
TR10,4728,377
TR11,13225,1031
TR12,4134,434
TR13,8926,768
TR14,12105,848
TR15,9350,714
TR16,7672,661
TR17,775,93
TR18,9664,860
TR19,4142,515
TR2,4679,533
TR20,4420,509
TR21,723,73
TR22,10,1
TR23,10,1
TR24,178,18
TR25,30,3
TR26,5144,647
TR27,6969,553
TR3,5526,487
TR4,5502,516
TR5,1801,181
TR6,1735,154
TR7,9671,668
TR8,5175,549
TR9,3300,283
TS1,6342,608
TS10,16624,1102
TS11,5442,351
TS12,10268,668
TS13,4581,396
TS14,8348,516
TS15,6234,445
TS16,4607,335
TS17,18976,1029
TS18,11088,892
TS19,15995,1088
TS2,553,124
TS20,9167,526
TS21,5935,530
TS22,4530,312
TS23,12332,770
TS24,10327,747
TS25,17049,1053
TS26,10709,654
TS27,5468,378
TS28,2447,163
TS29,2817,194
TS3,12844,879
TS4,7682,501
TS5,16899,1019
TS6,13664,901
TS7,10249,597
TS8,9795,393
TS9,6013,545
TW1,11769,684
TW10,8404,513
TW11,10332,558
TW12,9980,565
TW13,14123,697
TW14,10922,469
TW15,11963,662
TW16,8818,541
TW17,6287,413
TW18,11536,735
TW19,6938,386
TW2,12250,550
TW20,9334,657
TW3,15788,769
TW4,10243,424
TW5,9754,399
TW6,883,128
TW7,15479,766
TW8,10884,520
TW9,10122,603
UB1,12549,600
UB10,14229,710
UB11,264,22
UB18,396,59
UB2,11032,528
UB3,16975,983
UB4,14231,699
UB5,17164,827
UB6,18591,859
UB7,12738,636
UB8,13769,854
UB9,6563,432
W10,14825,684
W11,14072,738
W12,20858,807
W13,12986,602
W14,16387,643
W1A,150,165
W1B,360,297
W1C,175,138
W1D,988,694
W1F,629,759
W1G,1326,706
W1H,3126,700
W1J,554,694
W1K,1020,881
W1S,419,562
W1T,2027,940
W1U,2573,1095
W1W,1544,627
W2,20966,1132
W3,22622,1138
W4,20259,1052
W5,21545,1012
W6,16102,787
W7,11794,520
W8,7934,691
W9,16065,585
WA1,10762,765
WA10,18518,1276
WA11,17655,1026
WA12,11299,647
WA13,5614,486
WA14,13124,1129
WA15,16917,1210
WA16,10580,1186
WA2,18048,916
WA3,21424,1514
WA4,22097,1450
WA5,25116,1316
WA55,49,12
WA6,8896,978
WA7,27724,1513
WA8,27677,1577
WA88,209,13
WA9,22550,1282
WC1A,449,159
WC1B,643,166
WC1E,293,109
WC1H,2420,310
WC1N,2307,274
WC1R,214,86
WC1V,260,100
WC1X,2725,320
WC2A,305,115
WC2B,695,187
WC2E,518,172
WC2H,1106,350
WC2N,316,147
WC2R,323,107
WD17,8727,569
WD18,10249,715
WD19,11453,682
WD23,11172,778
WD24,9124,535
WD25,12150,675
WD3,16985,1269
WD4,5032,373
WD5,4715,261
WD6,16333,1092
WD7,4940,435
WD99,61,21
WF1,17433,1239
WF10,22321,1263
WF11,7973,539
WF12,13301,807
WF13,10074,741
WF14,9054,581
WF15,7434,510
WF16,5217,362
WF17,16962,1109
WF2,22512,1322
WF3,14707,925
WF4,19549,1261
WF5,10115,664
WF6,9575,578
WF7,9814,572
WF8,15822,1022
WF9,17632,1134
WF90,28,3
WN1,10131,701
WN2,22929,1259
WN3,12817,701
WN4,12027,602
WN5,19342,934
WN6,17473,923
WN7,22434,1209
WN8,19796,918
WR1,5388,431
WR10,8682,666
WR11,20389,1204
WR12,2858,204
WR13,4070,374
WR14,15697,1083
WR15,3006,261
WR2,13334,776
WR3,9490,534
WR4,11307,620
WR5,14345,809
WR6,5363,518
WR7,2556,215
WR8,3915,341
WR9,14596,895
WR99,52,5
WS1,10452,632
WS10,19659,928
WS11,19154,1016
WS12,15674,762
WS13,13473,885
WS14,7404,570
WS15,16757,1068
WS2,15187,739
WS3,21758,995
WS4,7184,337
WS5,8064,377
WS6,7337,334
WS7,12850,668
WS8,6888,319
WS9,11956,633
WV1,7670,667
WV10,22533,1155
WV11,14698,683
WV12,10605,501
WV13,9232,505
WV14,20356,1032
WV15,3812,298
WV16,7666,566
WV2,7113,454
WV3,12431,615
WV4,14098,738
WV5,6213,468
WV6,18338,1033
WV7,2527,202
WV8,6723,431
WV9,3126,186
WV98,1186,397
WV99,525,519
YO1,3240,450
YO10,10461,643
YO11,12146,780
YO12,17937,887
YO13,4862,407
YO14,5493,401
YO15,6613,493
YO16,11930,678
YO17,10314,830
YO18,5380,436
YO19,5634,482
YO21,6345,681
YO22,4160,432
YO23,8646,577
YO24,13515,696
YO25,15472,1362
YO26,13286,876
YO30,11151,674
YO31,12775,797
YO32,12491,791
YO41,4802,438
YO42,7436,704
YO43,5852,472
YO51,2827,257
YO60,1973,257
YO61,6442,663
YO62,5447,623
YO7,9379,955
YO8,20683,1321
YO90,41,10
YO91,24,2
ZE1,5114,327
ZE2,4910,314
ZE3,188,12
