name,sw_high,sw_low
AB10,0.14672,0.22909
AB11,0.02415,0.04012
AB12,0.05666,0.08405
AB13,0.08862,0.12269
AB14,0.05675,0.07981
AB15,0.0841,0.12263
AB16,0.08471,0.14756
AB21,0.06699,0.09578
AB22,0.071,0.1109
AB23,0.05349,0.07458
AB24,0.07267,0.13162
AB25,0.1972,0.31754
AB30,0.08113,0.11206
AB31,0.07933,0.10933
AB32,0.10383,0.13895
AB33,0.04608,0.06276
AB34,0.06559,0.08981
AB35,0.06562,0.09538
AB36,0.05284,0.07624
AB37,0.06286,0.0974
AB38,0.08801,0.1376
AB39,0.06149,0.08486
AB41,0.06265,0.08721
AB42,0.08265,0.11611
AB43,0.07961,0.11221
AB44,0.03526,0.05335
AB45,0.05833,0.08275
AB51,0.07003,0.09492
AB52,0.06523,0.08948
AB53,0.06158,0.08512
AB54,0.06468,0.09144
AB55,0.07305,0.11103
AB56,0.07263,0.10952
AL1,0.07045,0.16043
AL2,0.05171,0.1233
AL3,0.0291,0.06381
AL4,0.0572,0.12197
AL5,0.03111,0.07452
AL6,0.02846,0.06199
AL7,0.06142,0.16464
AL8,0.04125,0.1042
AL9,0.08015,0.15139
AL10,0.1043,0.23242
B1,0.10719,0.2541
B2,0.11914,0.22258
B3,0.1133,0.33339
B4,0.09387,0.24311
B5,0.1033,0.2655
B6,0.12051,0.30792
B7,0.10788,0.26155
B8,0.08924,0.22218
B9,0.09593,0.23194
B10,0.10687,0.25344
B11,0.13327,0.29288
B12,0.09718,0.27509
B13,0.07925,0.18016
B14,0.09643,0.18008
B15,0.0703,0.17652
B16,0.09057,0.25984
B17,0.06715,0.15771
B18,0.12545,0.266
B19,0.0955,0.23264
B20,0.09876,0.23239
B21,0.06972,0.1673
B23,0.04623,0.1396
B24,0.09808,0.25698
B25,0.11358,0.28275
B26,0.09984,0.2208
B27,0.10242,0.23894
B28,0.10268,0.2304
B29,0.06065,0.15308
B30,0.07454,0.16998
B31,0.06918,0.14957
B32,0.05934,0.13412
B33,0.11496,0.24976
B34,0.09065,0.22813
B35,0.12738,0.36935
B36,0.09563,0.22182
B37,0.07665,0.19406
B38,0.07399,0.14167
B40,0.11235,0.21407
B42,0.11367,0.2513
B43,0.08071,0.16841
B44,0.06651,0.16929
B45,0.05558,0.11014
B46,0.05853,0.12628
B47,0.08978,0.16878
B48,0.06884,0.1245
B49,0.07871,0.1526
B50,0.10386,0.189
B60,0.05853,0.12154
B61,0.0556,0.11574
B62,0.05307,0.1008
B63,0.06582,0.14679
B64,0.11847,0.2548
B65,0.09532,0.21592
B66,0.14228,0.30315
B67,0.04609,0.12492
B68,0.0361,0.1069
B69,0.12095,0.29461
B70,0.12634,0.27355
B71,0.11434,0.22712
B72,0.05616,0.15317
B73,0.02903,0.11007
B74,0.02019,0.07544
B75,0.03972,0.09183
B76,0.06015,0.15103
B77,0.07156,0.17726
B78,0.07327,0.1503
B79,0.0802,0.15764
B80,0.08559,0.16392
B90,0.10931,0.21853
B91,0.08459,0.16913
B92,0.08153,0.16347
B93,0.06213,0.12277
B94,0.07951,0.14594
B95,0.08428,0.14919
B96,0.08391,0.15763
B97,0.06785,0.13466
B98,0.1098,0.22171
BA1,0.02485,0.05229
BA2,0.02749,0.05497
BA3,0.0298,0.0573
BA4,0.05484,0.1105
BA5,0.08165,0.14167
BA6,0.19804,0.32634
BA7,0.07385,0.14264
BA8,0.065,0.13473
BA9,0.05178,0.11044
BA10,0.04258,0.08393
BA11,0.05963,0.10462
BA12,0.02019,0.04304
BA13,0.05573,0.09853
BA14,0.08586,0.14661
BA15,0.02976,0.05539
BA16,0.18275,0.31298
BA20,0.0604,0.1192
BA21,0.0563,0.1183
BA22,0.0788,0.151
BB1,0.09439,0.14869
BB2,0.09609,0.14878
BB3,0.0766,0.14279
BB4,0.05988,0.10259
BB5,0.08384,0.13826
BB6,0.06836,0.10212
BB7,0.07653,0.12645
BB8,0.07427,0.14476
BB9,0.06624,0.1209
BB10,0.06951,0.13433
BB11,0.08024,0.1344
BB12,0.07112,0.12089
BB18,0.07227,0.13148
BD1,0.23327,0.43843
BD2,0.04546,0.13335
BD3,0.0866,0.22517
BD4,0.05777,0.13504
BD5,0.10266,0.25151
BD6,0.03592,0.12142
BD7,0.06095,0.1704
BD8,0.07649,0.23941
BD9,0.04352,0.1235
BD10,0.0353,0.11146
BD11,0.02489,0.06193
BD12,0.06887,0.16451
BD13,0.03887,0.08419
BD14,0.01909,0.06344
BD15,0.04603,0.11377
BD16,0.05792,0.14525
BD17,0.0769,0.17797
BD18,0.03819,0.10198
BD19,0.05914,0.12202
BD20,0.07205,0.15279
BD21,0.06523,0.15291
BD22,0.07458,0.16406
BD23,0.0749,0.14287
BD24,0.08288,0.14304
BH1,0.01337,0.04744
BH2,0.02897,0.06111
BH3,0.0299,0.0839
BH4,0.02053,0.04773
BH5,0.0157,0.04326
BH6,0.02164,0.07182
BH7,0.07591,0.20074
BH8,0.07247,0.24138
BH9,0.04529,0.18124
BH10,0.08326,0.20183
BH11,0.03724,0.0954
BH12,0.05894,0.13941
BH13,0.01928,0.03308
BH14,0.06537,0.10792
BH15,0.06253,0.119
BH16,0.04225,0.10248
BH17,0.13815,0.2209
BH18,0.05239,0.10504
BH19,0.01381,0.03274
BH20,0.03653,0.07946
BH21,0.03419,0.07557
BH22,0.05956,0.1756
BH23,0.09311,0.23166
BH24,0.05624,0.11602
BH25,0.03358,0.06926
BH31,0.04608,0.09981
BL0,0.08728,0.14392
BL1,0.10117,0.19019
BL2,0.08301,0.15113
BL3,0.11281,0.2132
BL4,0.11865,0.22829
BL5,0.12039,0.19633
BL6,0.10045,0.17646
BL7,0.0836,0.14107
BL8,0.0889,0.14906
BL9,0.07755,0.14629
BN1,0.02689,0.05645
BN2,0.01641,0.0397
BN3,0.04446,0.09876
BN5,0.08719,0.12681
BN6,0.07947,0.11856
BN7,0.03989,0.07618
BN8,0.08669,0.12716
BN9,0.02843,0.07032
BN10,0.01732,0.03709
BN11,0.05067,0.10627
BN12,0.05779,0.11391
BN13,0.03495,0.06788
BN14,0.03289,0.0724
BN15,0.03649,0.07765
BN16,0.04549,0.08638
BN17,0.04632,0.09806
BN18,0.03236,0.06651
BN20,0.00575,0.01643
BN21,0.03674,0.09815
BN22,0.06319,0.14369
BN23,0.05972,0.1334
BN24,0.04427,0.10508
BN25,0.01327,0.04113
BN26,0.05542,0.08657
BN27,0.10413,0.16057
BN41,0.03091,0.05896
BN42,0.05962,0.14162
BN43,0.02771,0.06262
BN44,0.06751,0.10547
BN45,0.01841,0.03084
BR1,0.09895,0.19165
BR2,0.07631,0.15503
BR3,0.13113,0.24591
BR4,0.07077,0.15854
BR5,0.06055,0.12596
BR6,0.03351,0.07504
BR7,0.04022,0.08697
BR8,0.04637,0.09081
BS1,0.2162,0.36396
BS2,0.20825,0.36507
BS3,0.20784,0.359
BS4,0.12322,0.25332
BS5,0.13221,0.24152
BS6,0.11502,0.24004
BS7,0.08786,0.19278
BS8,0.03908,0.06624
BS9,0.11728,0.20839
BS10,0.1173,0.22338
BS11,0.15741,0.18678
BS13,0.08102,0.17548
BS14,0.07991,0.16298
BS15,0.10143,0.19952
BS16,0.08765,0.16772
BS20,0.0284,0.07047
BS21,0.02464,0.07147
BS22,0.01896,0.06855
BS23,0.01677,0.06142
BS24,0.0689,0.19532
BS25,0.03836,0.07757
BS26,0.09511,0.2141
BS27,0.06037,0.14461
BS28,0.18369,0.31798
BS29,0.09767,0.22951
BS30,0.04612,0.09279
BS31,0.04404,0.09301
BS32,0.13255,0.23873
BS34,0.15446,0.31092
BS35,0.06193,0.15751
BS36,0.09114,0.16473
BS37,0.07947,0.15748
BS39,0.0418,0.07374
BS40,0.03165,0.0616
BS41,0.02325,0.04548
BS48,0.0605,0.12546
BS49,0.10974,0.22672
CA1,0.16068,0.24164
CA2,0.10427,0.16516
CA3,0.14037,0.21024
CA4,0.03011,0.05506
CA5,0.03933,0.07163
CA6,0.06431,0.12684
CA7,0.04568,0.08748
CA8,0.06335,0.11843
CA9,0.08445,0.14375
CA10,0.04824,0.08529
CA11,0.0509,0.0852
CA12,0.0773,0.12619
CA13,0.04987,0.08626
CA14,0.05084,0.09166
CA15,0.03951,0.07298
CA16,0.05134,0.09067
CA17,0.06717,0.12008
CA18,0.03118,0.05767
CA19,0.05627,0.09779
CA20,0.06254,0.11898
CA21,0.01666,0.03373
CA22,0.02568,0.05101
CA23,0.06394,0.11456
CA24,0.06191,0.10329
CA25,0.06088,0.10371
CA26,0.04166,0.07174
CA27,0.00696,0.01378
CA28,0.03835,0.06553
CB1,0.14082,0.35263
CB2,0.07671,0.23551
CB3,0.1488,0.28182
CB4,0.1458,0.37706
CB5,0.06558,0.17385
CB6,0.21585,0.37079
CB7,0.15806,0.29649
CB8,0.05326,0.09786
CB9,0.10273,0.1667
CB10,0.0467,0.09319
CB11,0.03801,0.08216
CB21,0.03531,0.07779
CB22,0.02737,0.09635
CB23,0.09173,0.17337
CB24,0.19884,0.34484
CB25,0.11381,0.22433
CF3,0.01367,0.04468
CF5,0.02075,0.04486
CF10,0.00267,0.02154
CF11,0.01373,0.06707
CF14,0.02245,0.06309
CF15,0.03372,0.0559
CF23,0.01257,0.05307
CF24,0.00393,0.05079
CF31,0.03404,0.07241
CF32,0.02845,0.03812
CF33,0.04695,0.06565
CF34,0.04987,0.06194
CF35,0.02826,0.04149
CF36,0.00249,0.01125
CF37,0.04432,0.06455
CF38,0.04627,0.08676
CF39,0.06037,0.07652
CF40,0.09406,0.12333
CF41,0.12227,0.14167
CF42,0.0958,0.12509
CF43,0.04163,0.05444
CF44,0.0821,0.10859
CF45,0.02269,0.0387
CF46,0.04314,0.06017
CF47,0.06352,0.10839
CF48,0.09082,0.11517
CF61,0.00182,0.00554
CF62,0.013,0.02429
CF63,0.0655,0.15356
CF64,0.01979,0.03739
CF71,0.01163,0.02512
CF72,0.04274,0.06387
CF81,0.03298,0.04472
CF82,0.05419,0.07181
CF83,0.02171,0.04461
CH1,0.07644,0.1578
CH2,0.09364,0.19734
CH3,0.09701,0.16045
CH4,0.07836,0.14119
CH5,0.03209,0.06502
CH6,0.03434,0.0554
CH7,0.03065,0.05101
CH8,0.0225,0.03555
CH41,0.10987,0.25967
CH42,0.06958,0.17023
CH43,0.07079,0.1774
CH44,0.07497,0.19161
CH45,0.02256,0.06784
CH46,0.05129,0.13859
CH47,0.01426,0.03888
CH48,0.01293,0.0313
CH49,0.08184,0.18827
CH60,0.04871,0.12963
CH61,0.05143,0.11467
CH62,0.0605,0.14141
CH63,0.06727,0.13659
CH64,0.0587,0.14633
CH65,0.06637,0.17316
CH66,0.11263,0.23067
CM0,0.0422,0.10537
CM1,0.07309,0.13476
CM2,0.08881,0.18201
CM3,0.08908,0.1607
CM4,0.10708,0.17579
CM5,0.07898,0.13506
CM6,0.06761,0.12043
CM7,0.05246,0.10226
CM8,0.07341,0.14116
CM9,0.08861,0.17466
CM11,0.17392,0.31878
CM12,0.1479,0.32948
CM13,0.15346,0.26298
CM14,0.08699,0.14521
CM15,0.10359,0.17053
CM16,0.09542,0.17266
CM17,0.10628,0.19178
CM18,0.1336,0.30597
CM19,0.14639,0.27864
CM20,0.20151,0.32425
CM21,0.05373,0.10638
CM22,0.06337,0.11633
CM23,0.06855,0.12868
CM24,0.07425,0.14959
CM77,0.069,0.12318
CO1,0.06197,0.21955
CO2,0.04762,0.11773
CO3,0.03709,0.12279
CO4,0.02411,0.08738
CO5,0.06992,0.13816
CO6,0.03986,0.08438
CO7,0.02525,0.07889
CO8,0.02673,0.06159
CO9,0.04422,0.08447
CO10,0.05009,0.09448
CO11,0.02511,0.06996
CO12,0.05212,0.11843
CO13,0.05643,0.11584
CO14,0.01721,0.05074
CO15,0.02603,0.0768
CO16,0.04392,0.09977
CR0,0.09215,0.20912
CR2,0.04903,0.10433
CR3,0.02349,0.05761
CR4,0.19779,0.40022
CR5,0.03793,0.08229
CR6,0.01669,0.04153
CR7,0.16037,0.35137
CR8,0.0639,0.11685
CT1,0.07565,0.17448
CT2,0.09105,0.16331
CT3,0.05385,0.11567
CT4,0.03218,0.05786
CT5,0.07607,0.14152
CT6,0.05662,0.10465
CT7,0.03291,0.09856
CT8,0.02362,0.04996
CT9,0.0236,0.05828
CT10,0.02007,0.04908
CT11,0.01664,0.0399
CT12,0.0551,0.13644
CT13,0.04349,0.12036
CT14,0.03626,0.07967
CT15,0.01857,0.0377
CT16,0.02625,0.06593
CT17,0.01801,0.03833
CT18,0.02657,0.05224
CT19,0.05217,0.10882
CT20,0.01975,0.04711
CT21,0.03184,0.07893
CV1,0.12667,0.27823
CV2,0.0789,0.16948
CV3,0.0693,0.14705
CV4,0.06948,0.14605
CV5,0.0592,0.12837
CV6,0.08364,0.19579
CV7,0.04721,0.09307
CV8,0.04978,0.09051
CV9,0.0608,0.1225
CV10,0.06815,0.13458
CV11,0.09155,0.19119
CV12,0.0804,0.15788
CV13,0.07398,0.14866
CV21,0.13335,0.23435
CV22,0.06199,0.12806
CV23,0.09526,0.16335
CV31,0.10378,0.19008
CV32,0.04762,0.09712
CV33,0.08141,0.13532
CV34,0.08125,0.16984
CV35,0.0898,0.15467
CV36,0.08231,0.14395
CV37,0.09916,0.17657
CV47,0.13402,0.2146
CW1,0.13042,0.23416
CW2,0.07008,0.13762
CW3,0.06209,0.1091
CW4,0.06706,0.11944
CW5,0.08186,0.13846
CW6,0.06016,0.10209
CW7,0.10219,0.1747
CW8,0.05667,0.11083
CW9,0.11968,0.20083
CW10,0.10103,0.17165
CW11,0.08134,0.13814
CW12,0.06455,0.11668
DA1,0.09076,0.22653
DA2,0.05304,0.1155
DA3,0.03099,0.06722
DA4,0.02045,0.04839
DA5,0.07019,0.14772
DA6,0.08482,0.16818
DA7,0.08312,0.19772
DA8,0.0846,0.22366
DA9,0.06605,0.14884
DA10,0.07707,0.16289
DA11,0.08119,0.18745
DA12,0.04037,0.10822
DA13,0.02116,0.05529
DA14,0.06517,0.14099
DA15,0.10428,0.23288
DA16,0.12726,0.25347
DA17,0.09209,0.22127
DA18,0.10378,0.28195
DD1,0.07692,0.1208
DD2,0.06085,0.08963
DD3,0.05867,0.08861
DD4,0.05582,0.08887
DD5,0.05764,0.08184
DD6,0.02746,0.04018
DD7,0.0191,0.03297
DD8,0.06544,0.08806
DD9,0.07001,0.09644
DD10,0.04484,0.06666
DD11,0.05005,0.07497
DE1,0.13969,0.32312
DE3,0.06344,0.13818
DE4,0.02931,0.05641
DE5,0.0844,0.15629
DE6,0.04602,0.08607
DE7,0.08021,0.15398
DE11,0.0616,0.12222
DE12,0.05982,0.10953
DE13,0.07522,0.15541
DE14,0.12466,0.33408
DE15,0.03465,0.0831
DE21,0.08323,0.16446
DE22,0.0958,0.16324
DE23,0.08974,0.20188
DE24,0.19813,0.39608
DE45,0.02571,0.05076
DE55,0.06122,0.1198
DE56,0.04664,0.08947
DE65,0.06552,0.15002
DE72,0.07438,0.16446
DE73,0.05199,0.10429
DE74,0.0668,0.16454
DE75,0.08148,0.15716
DG1,0.1028,0.15295
DG2,0.09049,0.12517
DG3,0.07964,0.11135
DG4,0.08453,0.11679
DG5,0.09654,0.12911
DG6,0.13666,0.1708
DG7,0.15811,0.20844
DG8,0.1519,0.21276
DG9,0.0733,0.10309
DG10,0.08262,0.11313
DG11,0.08941,0.12999
DG12,0.08966,0.13048
DG13,0.08023,0.11208
DG14,0.09888,0.14406
DG16,0.1237,0.18581
DH1,0.06845,0.12991
DH2,0.06778,0.1298
DH3,0.08044,0.16341
DH4,0.09185,0.16376
DH5,0.07475,0.14035
DH6,0.07185,0.123
DH7,0.04931,0.09855
DH8,0.05173,0.09855
DH9,0.06878,0.13076
DL1,0.11372,0.20206
DL2,0.08409,0.14442
DL3,0.09859,0.17917
DL4,0.06797,0.12611
DL5,0.10473,0.19782
DL6,0.0816,0.14912
DL7,0.10033,0.16664
DL8,0.07809,0.15011
DL9,0.07676,0.15685
DL10,0.07201,0.13334
DL11,0.06724,0.13216
DL12,0.06954,0.12711
DL13,0.05799,0.10425
DL14,0.07039,0.12598
DL15,0.06283,0.12009
DL16,0.07392,0.13797
DL17,0.07196,0.12944
DN1,0.15497,0.34601
DN2,0.09168,0.27985
DN3,0.08255,0.20031
DN4,0.09219,0.24343
DN5,0.06799,0.13934
DN6,0.08483,0.1853
DN7,0.14951,0.30713
DN8,0.18366,0.37051
DN9,0.09897,0.22547
DN10,0.10015,0.20746
DN11,0.06325,0.12854
DN12,0.04096,0.09415
DN14,0.08431,0.21437
DN15,0.03481,0.08645
DN16,0.08728,0.18227
DN17,0.05361,0.14919
DN18,0.01802,0.04519
DN19,0.04078,0.09854
DN20,0.0398,0.09336
DN21,0.08231,0.15275
DN22,0.08257,0.16436
DN31,0.07279,0.14425
DN32,0.21374,0.42741
DN33,0.15754,0.29449
DN34,0.18372,0.33045
DN35,0.08053,0.15411
DN36,0.06255,0.14272
DN37,0.05446,0.09857
DN38,0.03253,0.05898
DN39,0.03942,0.07333
DN40,0.09421,0.17329
DN41,0.07248,0.13595
DT1,0.05865,0.12972
DT2,0.02698,0.05339
DT3,0.03498,0.06234
DT4,0.03583,0.06705
DT5,0.01066,0.02257
DT6,0.03453,0.0597
DT7,0.01312,0.02652
DT8,0.04129,0.06971
DT9,0.05464,0.09928
DT10,0.08549,0.14558
DT11,0.01851,0.04226
DY1,0.09294,0.22143
DY2,0.11827,0.24773
DY3,0.04375,0.09927
DY4,0.14974,0.32415
DY5,0.10133,0.22356
DY6,0.05875,0.13771
DY7,0.03058,0.06435
DY8,0.04685,0.11631
DY9,0.03989,0.07992
DY10,0.03591,0.0795
DY11,0.04378,0.10118
DY12,0.02922,0.05779
DY13,0.03502,0.08726
DY14,0.03531,0.07187
E1,0.19018,0.43193
E1W,0.13293,0.26778
E2,0.21821,0.45666
E3,0.13676,0.33209
E4,0.14968,0.2762
E5,0.28257,0.54853
E6,0.12756,0.35298
E7,0.10142,0.37637
E8,0.35642,0.69329
E9,0.30021,0.57471
E10,0.13531,0.37732
E11,0.09257,0.26148
E12,0.08619,0.27341
E13,0.14996,0.43105
E14,0.11554,0.25417
E15,0.15274,0.38228
E16,0.1151,0.28578
E17,0.14848,0.32084
E18,0.14754,0.33212
E20,0.15611,0.32463
EC1A,0.00884,0.03031
EC1M,0.19465,0.37885
EC1N,0.15955,0.32363
EC1R,0.13308,0.28588
EC1V,0.18238,0.42384
EC1Y,0.11422,0.22503
EC2A,0.2866,0.58537
EC2M,0.01565,0.22901
EC2N,0.0,0.11672
EC2R,0.0,0.27802
EC2V,0.0,0.0
EC2Y,0.01571,0.11147
EC3A,0.0,0.00542
EC3M,0.0,0.0
EC3N,0.0582,0.10543
EC3R,0.00265,0.17303
EC3V,0.0,0.02427
EC4A,0.19656,0.20691
EC4M,0.02983,0.03561
EC4N,0.0,0.02842
EC4R,0.08037,0.30187
EC4V,0.20758,0.29633
EC4Y,0.30316,0.41411
EH1,0.13535,0.19788
EH2,0.12826,0.19302
EH3,0.08347,0.14861
EH4,0.05685,0.09244
EH5,0.0211,0.03939
EH6,0.03204,0.05755
EH7,0.09212,0.15888
EH8,0.1061,0.16596
EH9,0.11103,0.17678
EH10,0.0645,0.0986
EH11,0.13663,0.21177
EH12,0.08988,0.1476
EH13,0.08608,0.12212
EH14,0.08687,0.11746
EH15,0.04365,0.06991
EH16,0.10275,0.16557
EH17,0.09766,0.15632
EH18,0.03428,0.05799
EH19,0.09164,0.13808
EH20,0.07651,0.11778
EH21,0.05317,0.08625
EH22,0.08829,0.13225
EH23,0.06946,0.09073
EH24,0.08249,0.11176
EH25,0.08296,0.11527
EH26,0.06488,0.08786
EH27,0.09417,0.12123
EH28,0.10358,0.14238
EH29,0.11286,0.16163
EH30,0.05784,0.07914
EH31,0.01519,0.02945
EH32,0.06005,0.08793
EH33,0.11518,0.16704
EH34,0.08113,0.11733
EH35,0.11681,0.15795
EH36,0.05785,0.0785
EH37,0.05942,0.08204
EH38,0.05157,0.06467
EH39,0.0635,0.08887
EH40,0.11703,0.15558
EH41,0.08234,0.10905
EH42,0.05809,0.07887
EH43,0.05395,0.06975
EH44,0.05115,0.06772
EH45,0.05287,0.0694
EH46,0.06805,0.09019
EH47,0.12491,0.16724
EH48,0.10579,0.13955
EH49,0.08359,0.1082
EH51,0.0524,0.07621
EH52,0.11701,0.15519
EH53,0.07785,0.11198
EH54,0.11722,0.17014
EH55,0.10788,0.14191
EN1,0.12133,0.28774
EN2,0.10249,0.19836
EN3,0.10999,0.34624
EN4,0.09679,0.20454
EN5,0.13089,0.23765
EN6,0.09339,0.16704
EN7,0.07119,0.15026
EN8,0.11839,0.31436
EN9,0.11848,0.23003
EN10,0.07822,0.17738
EN11,0.09041,0.24483
EX1,0.06053,0.11439
EX2,0.05072,0.11651
EX3,0.04051,0.09091
EX4,0.04875,0.08562
EX5,0.05077,0.08822
EX6,0.03062,0.05183
EX7,0.0113,0.02376
EX8,0.03462,0.06641
EX9,0.01245,0.03051
EX10,0.02188,0.044
EX11,0.02781,0.05418
EX12,0.02052,0.04239
EX13,0.04369,0.07861
EX14,0.03184,0.0628
EX15,0.03967,0.0729
EX16,0.03889,0.06378
EX17,0.03478,0.05916
EX18,0.03236,0.05172
EX19,0.03952,0.06756
EX20,0.03896,0.07305
EX21,0.04123,0.08535
EX22,0.04949,0.09748
EX23,0.0369,0.07297
EX24,0.03691,0.06794
EX31,0.02853,0.05348
EX32,0.02746,0.04842
EX33,0.01598,0.04201
EX34,0.01277,0.02402
EX35,0.01426,0.02434
EX36,0.03412,0.06096
EX37,0.03237,0.05338
EX38,0.03405,0.06229
EX39,0.02774,0.05725
FK1,0.12779,0.16116
FK2,0.12256,0.16702
FK3,0.12682,0.20722
FK4,0.11582,0.15139
FK5,0.10434,0.14185
FK6,0.14736,0.17779
FK7,0.12186,0.15832
FK8,0.13365,0.16329
FK9,0.11986,0.15695
FK10,0.11075,0.14488
FK11,0.14716,0.19068
FK12,0.15206,0.18546
FK13,0.12715,0.15908
FK14,0.08367,0.10258
FK15,0.08782,0.11931
FK16,0.10755,0.1366
FK17,0.15079,0.17802
FK18,0.10991,0.14005
FK19,0.13172,0.16506
FK20,0.14976,0.19304
FK21,0.15752,0.19536
FY1,0.05555,0.1062
FY2,0.0743,0.13079
FY3,0.13633,0.21837
FY4,0.10634,0.20408
FY5,0.06844,0.16296
FY6,0.08371,0.1325
FY7,0.02126,0.05436
FY8,0.04105,0.08979
G1,0.26542,0.34254
G2,0.20489,0.27806
G3,0.15516,0.2206
G4,0.20946,0.27989
G5,0.17108,0.24694
G11,0.1344,0.19826
G12,0.14798,0.21075
G13,0.09781,0.15741
G14,0.11494,0.17872
G15,0.16951,0.22318
G20,0.15329,0.20997
G21,0.16978,0.23274
G22,0.18503,0.24536
G23,0.07525,0.10603
G31,0.17925,0.2395
G32,0.14681,0.2013
G33,0.17056,0.21966
G34,0.16691,0.21351
G40,0.1702,0.24825
G41,0.10577,0.16185
G42,0.12255,0.1871
G43,0.10683,0.15773
G44,0.14938,0.20046
G45,0.16362,0.2159
G46,0.15812,0.21161
G51,0.14216,0.2153
G52,0.09939,0.15902
G53,0.09962,0.1454
G60,0.14176,0.18039
G61,0.13463,0.17426
G62,0.14994,0.18138
G63,0.1862,0.21566
G64,0.11759,0.15784
G65,0.1326,0.17131
G66,0.12181,0.15705
G67,0.14754,0.19253
G68,0.16483,0.21149
G69,0.16174,0.20485
G71,0.12591,0.17295
G72,0.12123,0.16595
G73,0.13294,0.18555
G74,0.13727,0.18214
G75,0.13761,0.18334
G76,0.12451,0.1615
G77,0.14158,0.17079
G78,0.10399,0.13203
G81,0.12405,0.16241
G82,0.09804,0.12641
G83,0.20339,0.23602
G84,0.06466,0.08713
GL1,0.20225,0.40636
GL2,0.10249,0.19524
GL3,0.0915,0.17869
GL4,0.05524,0.1117
GL5,0.03362,0.06804
GL6,0.01272,0.02558
GL7,0.02839,0.05978
GL8,0.01941,0.03619
GL9,0.02441,0.04898
GL10,0.07611,0.13721
GL11,0.04212,0.07967
GL12,0.05055,0.09351
GL13,0.09634,0.17587
GL14,0.05288,0.10469
GL15,0.02394,0.04878
GL16,0.03416,0.06563
GL17,0.02088,0.04418
GL18,0.04489,0.08345
GL19,0.08555,0.15733
GL20,0.09472,0.18071
GL50,0.12233,0.25382
GL51,0.12818,0.23635
GL52,0.0653,0.1437
GL53,0.02361,0.04922
GL54,0.02442,0.04582
GL55,0.06209,0.11741
GL56,0.06277,0.1122
GU1,0.06103,0.14772
GU2,0.08498,0.15073
GU3,0.05715,0.1063
GU4,0.05206,0.09933
GU5,0.02959,0.0529
GU6,0.1062,0.16801
GU7,0.03785,0.08299
GU8,0.05699,0.09045
GU9,0.05606,0.11605
GU10,0.04205,0.07151
GU11,0.06787,0.14608
GU12,0.06925,0.14713
GU14,0.09304,0.21481
GU15,0.05331,0.11779
GU16,0.04276,0.10802
GU17,0.03777,0.08902
GU18,0.07756,0.13079
GU19,0.0677,0.11348
GU20,0.06736,0.11499
GU21,0.09977,0.21231
GU22,0.06296,0.14892
GU23,0.06112,0.12738
GU24,0.07337,0.13253
GU25,0.04201,0.08919
GU26,0.02102,0.0363
GU27,0.04712,0.07673
GU28,0.05509,0.07946
GU29,0.03743,0.05884
GU30,0.03607,0.06105
GU31,0.03394,0.05375
GU32,0.01623,0.02866
GU33,0.0442,0.07784
GU34,0.02197,0.04211
GU35,0.05183,0.09272
GU46,0.04192,0.11672
GU47,0.06517,0.17211
GU51,0.07803,0.16043
GU52,0.05913,0.12913
HA0,0.20651,0.36559
HA1,0.1661,0.29575
HA2,0.21744,0.36371
HA3,0.20576,0.34782
HA4,0.21458,0.3317
HA5,0.16643,0.27844
HA6,0.13557,0.22886
HA7,0.1506,0.25578
HA8,0.18417,0.28985
HA9,0.1781,0.31655
HD1,0.08509,0.19116
HD2,0.04537,0.11317
HD3,0.03879,0.0868
HD4,0.01882,0.04507
HD5,0.03209,0.07994
HD6,0.05441,0.11773
HD7,0.06913,0.12803
HD8,0.0289,0.0585
HD9,0.05677,0.10798
HG1,0.0953,0.18711
HG2,0.07955,0.18321
HG3,0.05828,0.13618
HG4,0.06736,0.1399
HG5,0.08425,0.15151
HP1,0.03635,0.08269
HP2,0.04959,0.11224
HP3,0.02969,0.0739
HP4,0.02589,0.0562
HP5,0.03945,0.07038
HP6,0.0223,0.05669
HP7,0.02919,0.05969
HP8,0.0215,0.05052
HP9,0.05324,0.10377
HP10,0.02451,0.06126
HP11,0.1684,0.31311
HP12,0.09798,0.17444
HP13,0.09958,0.1548
HP14,0.02197,0.04203
HP15,0.026,0.05944
HP16,0.02602,0.04744
HP17,0.08019,0.13966
HP18,0.11855,0.19836
HP19,0.21506,0.38487
HP20,0.15752,0.35979
HP21,0.09897,0.25889
HP22,0.07091,0.15016
HP23,0.04661,0.10099
HP27,0.02731,0.06024
HR1,0.04322,0.10026
HR2,0.03527,0.07137
HR3,0.03056,0.0626
HR4,0.06518,0.13924
HR5,0.03153,0.05994
HR6,0.05351,0.1056
HR7,0.03079,0.06114
HR8,0.03857,0.08339
HR9,0.02194,0.0483
HS1,0.0964,0.13998
HS2,0.12323,0.15891
HS3,0.09175,0.12284
HS4,0.0265,0.03386
HS5,0.04995,0.06356
HS6,0.07736,0.09118
HS7,0.08144,0.09064
HS8,0.08811,0.10606
HS9,0.01748,0.02543
HU1,0.08612,0.16253
HU2,0.16496,0.39069
HU3,0.08293,0.22422
HU4,0.05695,0.20759
HU5,0.06784,0.2841
HU6,0.04659,0.20598
HU7,0.09116,0.22464
HU8,0.07684,0.2605
HU9,0.06548,0.18937
HU10,0.06621,0.14838
HU11,0.10441,0.16958
HU12,0.05,0.11056
HU13,0.05257,0.12096
HU14,0.02429,0.05187
HU15,0.05031,0.12591
HU16,0.04734,0.11008
HU17,0.0607,0.12845
HU18,0.04898,0.08005
HU19,0.05705,0.10044
HU20,0.005,0.01379
HX1,0.07539,0.21689
HX2,0.0469,0.10561
HX3,0.02556,0.06685
HX4,0.03862,0.0629
HX5,0.06464,0.14997
HX6,0.05292,0.1097
HX7,0.06213,0.17154
IG1,0.11683,0.31796
IG2,0.08905,0.22322
IG3,0.08809,0.30177
IG4,0.06955,0.18172
IG5,0.14387,0.29452
IG6,0.17768,0.37134
IG7,0.10838,0.20629
IG8,0.15592,0.2861
IG9,0.1154,0.24884
IG10,0.13635,0.24165
IG11,0.37241,0.61742
IP1,0.1299,0.2899
IP2,0.17845,0.30914
IP3,0.13314,0.30422
IP4,0.10064,0.28718
IP5,0.06586,0.21748
IP6,0.0653,0.12297
IP7,0.05305,0.09464
IP8,0.06745,0.13095
IP9,0.03334,0.06413
IP10,0.03448,0.08082
IP11,0.07017,0.15779
IP12,0.02761,0.07915
IP13,0.07051,0.11978
IP14,0.07635,0.13054
IP15,0.09836,0.15572
IP16,0.04916,0.09935
IP17,0.05927,0.09969
IP18,0.03149,0.07938
IP19,0.08089,0.13002
IP20,0.09737,0.15474
IP21,0.09403,0.14824
IP22,0.07426,0.13076
IP23,0.08161,0.13875
IP24,0.03116,0.07814
IP25,0.06003,0.10233
IP26,0.0815,0.1584
IP27,0.12086,0.26938
IP28,0.08685,0.19374
IP29,0.06609,0.11195
IP30,0.0637,0.11424
IP31,0.05459,0.10242
IP32,0.13161,0.26688
IP33,0.17297,0.28228
IV1,0.04309,0.06501
IV2,0.11146,0.14095
IV3,0.11617,0.1422
IV4,0.14894,0.18602
IV5,0.05303,0.07473
IV6,0.11523,0.14854
IV7,0.0494,0.06819
IV8,0.06117,0.08401
IV9,0.02471,0.03673
IV10,0.0346,0.04982
IV11,0.00667,0.00926
IV12,0.07615,0.10887
IV13,0.08363,0.11829
IV14,0.11446,0.14958
IV15,0.0342,0.05048
IV16,0.09455,0.12684
IV17,0.1166,0.15333
IV18,0.03866,0.05898
IV19,0.06128,0.0936
IV20,0.0271,0.03906
IV21,0.08265,0.10744
IV22,0.16421,0.19534
IV23,0.15271,0.19588
IV24,0.10497,0.15077
IV25,0.07108,0.10419
IV26,0.12011,0.14675
IV27,0.14171,0.18805
IV28,0.11656,0.17901
IV30,0.05873,0.08969
IV31,0.01946,0.04005
IV32,0.07292,0.11289
IV36,0.07458,0.11219
IV40,0.10298,0.13126
IV41,0.09355,0.11881
IV42,0.11388,0.14572
IV43,0.09471,0.12206
IV44,0.08248,0.10586
IV45,0.05936,0.07858
IV46,0.08268,0.10307
IV47,0.11866,0.1644
IV48,0.10487,0.14576
IV49,0.09204,0.12077
IV51,0.10078,0.1444
IV52,0.05034,0.06269
IV53,0.10733,0.1333
IV54,0.11822,0.14692
IV55,0.0727,0.10841
IV56,0.12672,0.18464
IV63,0.18348,0.22156
KA1,0.12734,0.173
KA2,0.11594,0.15413
KA3,0.10936,0.14615
KA4,0.12107,0.16162
KA5,0.09349,0.12817
KA6,0.1472,0.19039
KA7,0.03824,0.05956
KA8,0.05939,0.11784
KA9,0.07779,0.11525
KA10,0.02256,0.03613
KA11,0.08765,0.12745
KA12,0.0251,0.04938
KA13,0.10217,0.14128
KA14,0.12155,0.16263
KA15,0.14165,0.17806
KA16,0.08881,0.12693
KA17,0.09495,0.12962
KA18,0.11196,0.15439
KA19,0.12761,0.16792
KA20,0.05655,0.08866
KA21,0.06065,0.09406
KA22,0.0341,0.05068
KA23,0.03018,0.04346
KA24,0.11825,0.15086
KA25,0.10865,0.14171
KA26,0.0928,0.13077
KA27,0.06295,0.08911
KA28,0.01395,0.01999
KA29,0.08587,0.11825
KA30,0.08876,0.11822
KT1,0.07383,0.23383
KT2,0.10047,0.26821
KT3,0.14873,0.32046
KT4,0.15236,0.27934
KT5,0.09264,0.20332
KT6,0.11794,0.28641
KT7,0.0837,0.22597
KT8,0.04545,0.16833
KT9,0.09331,0.18014
KT10,0.0875,0.18308
KT11,0.10015,0.17361
KT12,0.04751,0.18259
KT13,0.06418,0.15241
KT14,0.07151,0.19805
KT15,0.06372,0.15857
KT16,0.05727,0.12099
KT17,0.06406,0.13933
KT18,0.04004,0.08535
KT19,0.12387,0.24448
KT20,0.01895,0.04754
KT21,0.10281,0.20944
KT22,0.08153,0.14789
KT23,0.05739,0.10464
KT24,0.05113,0.09492
KW1,0.13369,0.2126
KW2,0.08969,0.13049
KW3,0.15017,0.25135
KW5,0.15875,0.24502
KW6,0.12365,0.19989
KW7,0.07257,0.11657
KW8,0.07648,0.12079
KW9,0.10634,0.15839
KW10,0.0842,0.12189
KW11,0.1455,0.22055
KW12,0.16532,0.26517
KW13,0.15604,0.27037
KW14,0.10543,0.16328
KW15,0.04275,0.0703
KW16,0.07019,0.09666
KW17,0.03536,0.05598
KY1,0.06366,0.09085
KY2,0.10347,0.13628
KY3,0.03897,0.05158
KY4,0.12362,0.16066
KY5,0.14642,0.17867
KY6,0.10062,0.13157
KY7,0.08778,0.12778
KY8,0.05235,0.07794
KY9,0.05139,0.07008
KY10,0.06368,0.08877
KY11,0.08034,0.11094
KY12,0.1,0.12823
KY13,0.1531,0.17803
KY14,0.05477,0.07229
KY15,0.06689,0.09213
KY16,0.05493,0.0796
L1,0.13374,0.36278
L2,0.15986,0.32684
L3,0.06097,0.16562
L4,0.14571,0.3717
L5,0.09393,0.23398
L6,0.12018,0.32443
L7,0.11108,0.2792
L8,0.08969,0.23236
L9,0.16,0.33463
L10,0.25562,0.41074
L11,0.11542,0.30575
L12,0.11573,0.28249
L13,0.13728,0.32578
L14,0.12778,0.30887
L15,0.12407,0.31562
L16,0.06844,0.17207
L17,0.04249,0.1181
L18,0.07924,0.22597
L19,0.05729,0.14049
L20,0.3605,0.58188
L21,0.36211,0.518
L22,0.20713,0.27418
L23,0.22022,0.3181
L24,0.04377,0.12379
L25,0.05349,0.15988
L26,0.11922,0.27854
L27,0.10722,0.27888
L28,0.19108,0.40262
L29,0.30058,0.4553
L30,0.42456,0.58608
L31,0.28169,0.40732
L32,0.06269,0.16907
L33,0.10025,0.20837
L34,0.07594,0.16803
L35,0.09247,0.17719
L36,0.1108,0.24404
L37,0.20334,0.28062
L38,0.24816,0.36887
L39,0.10816,0.17709
L40,0.08913,0.15933
LA1,0.06982,0.1522
LA2,0.07874,0.14674
LA3,0.0157,0.04216
LA4,0.01357,0.05126
LA5,0.04195,0.07592
LA6,0.06867,0.11756
LA7,0.05356,0.09771
LA8,0.06257,0.10737
LA9,0.05899,0.17999
LA10,0.07157,0.12673
LA11,0.04497,0.08795
LA12,0.05683,0.09761
LA13,0.01945,0.04445
LA14,0.02767,0.06158
LA15,0.05535,0.10037
LA16,0.03875,0.07666
LA17,0.06941,0.12413
LA18,0.06011,0.10166
LA19,0.04815,0.08299
LA20,0.09549,0.1688
LA21,0.10189,0.15876
LA22,0.0948,0.149
LA23,0.06473,0.10499
LD1,0.04334,0.05541
LD2,0.03597,0.04839
LD3,0.0441,0.05209
LD4,0.05446,0.06978
LD5,0.05521,0.07843
LD6,0.07642,0.0964
LD7,0.037,0.05263
LD8,0.03002,0.04854
LE1,0.15213,0.36832
LE2,0.0866,0.19976
LE3,0.08838,0.21336
LE4,0.10709,0.28323
LE5,0.10043,0.25795
LE6,0.07562,0.14865
LE7,0.05853,0.11966
LE8,0.07286,0.14938
LE9,0.06619,0.13793
LE10,0.06389,0.13393
LE11,0.10494,0.26252
LE12,0.06821,0.15133
LE13,0.07552,0.17401
LE14,0.07311,0.14669
LE15,0.05104,0.1016
LE16,0.09953,0.18071
LE17,0.07853,0.14346
LE18,0.09574,0.20645
LE19,0.08606,0.19517
LE65,0.05279,0.09851
LE67,0.06022,0.12668
LL11,0.02932,0.05086
LL12,0.03012,0.05886
LL13,0.05099,0.07873
LL14,0.05766,0.09147
LL15,0.03235,0.04608
LL16,0.05175,0.07437
LL17,0.04789,0.07587
LL18,0.027,0.05075
LL19,0.01605,0.03622
LL20,0.03687,0.04845
LL21,0.05625,0.08069
LL22,0.03203,0.04723
LL23,0.10729,0.14563
LL24,0.10918,0.17451
LL25,0.13839,0.20971
LL26,0.06498,0.10187
LL27,0.10922,0.14265
LL28,0.03252,0.04491
LL29,0.02545,0.03299
LL30,0.00695,0.0181
LL31,0.02485,0.05035
LL32,0.04804,0.07126
LL33,0.04699,0.06877
LL34,0.02235,0.03561
LL35,0.01914,0.02552
LL36,0.0526,0.07649
LL37,0.01116,0.02098
LL38,0.03331,0.04647
LL39,0.0489,0.07437
LL40,0.09494,0.14939
LL41,0.15577,0.21932
LL42,0.03056,0.04532
LL43,0.02002,0.04235
LL44,0.01213,0.0257
LL45,0.07861,0.1193
LL46,0.02976,0.05032
LL47,0.07416,0.11454
LL48,0.06027,0.09041
LL49,0.03637,0.06291
LL51,0.09668,0.142
LL52,0.03942,0.06554
LL53,0.02534,0.03893
LL54,0.05616,0.08243
LL55,0.10026,0.14828
LL56,0.01232,0.02327
LL57,0.08212,0.12198
LL58,0.01462,0.02444
LL59,0.04923,0.09136
LL60,0.04829,0.09488
LL61,0.02359,0.04377
LL62,0.05059,0.0835
LL63,0.02098,0.0372
LL64,0.00277,0.00619
LL65,0.03868,0.06402
LL66,0.16797,0.19559
LL67,0.02701,0.04001
LL68,0.04453,0.06784
LL69,0.06854,0.11118
LL70,0.02401,0.0371
LL71,0.08134,0.1277
LL72,0.00365,0.00784
LL73,0.01921,0.02852
LL74,0.00764,0.01473
LL75,0.0297,0.05306
LL76,0.02259,0.04458
LL77,0.04825,0.07051
LL78,0.0326,0.05919
LN1,0.14124,0.25129
LN2,0.06293,0.11506
LN3,0.14901,0.2476
LN4,0.08948,0.17859
LN5,0.15248,0.25623
LN6,0.13034,0.25148
LN7,0.04847,0.08625
LN8,0.07322,0.12297
LN9,0.05271,0.08395
LN10,0.12714,0.21708
LN11,0.05472,0.11714
LN12,0.02661,0.1276
LN13,0.10878,0.19233
LS1,0.10698,0.3362
LS2,0.09151,0.22984
LS3,0.10148,0.31413
LS4,0.13187,0.25017
LS5,0.08456,0.18946
LS6,0.08019,0.19194
LS7,0.089,0.19358
LS8,0.07356,0.151
LS9,0.13081,0.25961
LS10,0.10155,0.22799
LS11,0.13704,0.28527
LS12,0.08719,0.18829
LS13,0.0802,0.189
LS14,0.05347,0.10882
LS15,0.06205,0.11932
LS16,0.04655,0.11279
LS17,0.06466,0.11997
LS18,0.05423,0.14261
LS19,0.04961,0.12397
LS20,0.06589,0.15006
LS21,0.06076,0.13907
LS22,0.06591,0.11631
LS23,0.03671,0.07729
LS24,0.0635,0.12623
LS25,0.05868,0.1199
LS26,0.06179,0.12815
LS27,0.06581,0.14206
LS28,0.04748,0.11902
LS29,0.07555,0.16962
LU1,0.0591,0.10446
LU2,0.04495,0.08043
LU3,0.09679,0.16675
LU4,0.14019,0.23475
LU5,0.07987,0.15377
LU6,0.03735,0.07753
LU7,0.07568,0.15114
M1,0.13405,0.35689
M2,0.15691,0.37284
M3,0.12471,0.33114
M4,0.15459,0.34073
M5,0.14478,0.34314
M6,0.13502,0.30742
M7,0.12331,0.28276
M8,0.12783,0.26981
M9,0.11084,0.22247
M11,0.15399,0.34813
M12,0.16752,0.39287
M13,0.19372,0.48135
M14,0.20258,0.48082
M15,0.15348,0.42759
M16,0.14144,0.4587
M17,0.17173,0.43908
M18,0.15866,0.31672
M19,0.15728,0.35518
M20,0.11266,0.36186
M21,0.06616,0.28103
M22,0.1281,0.31478
M23,0.09889,0.30331
M24,0.07602,0.16012
M25,0.05355,0.13371
M26,0.11692,0.20585
M27,0.12039,0.24897
M28,0.1426,0.25063
M29,0.15958,0.26599
M30,0.19192,0.35156
M31,0.11669,0.26239
M32,0.09191,0.30461
M33,0.07915,0.27495
M34,0.11319,0.23585
M35,0.11712,0.23856
M38,0.14828,0.2638
M40,0.13378,0.27844
M41,0.07999,0.24557
M43,0.12825,0.24662
M44,0.1767,0.32175
M45,0.05708,0.13978
M46,0.10181,0.15226
M50,0.14373,0.37853
M90,0.14691,0.30203
ME1,0.03633,0.09445
ME2,0.04025,0.09664
ME3,0.0635,0.14541
ME4,0.0644,0.17539
ME5,0.0357,0.09189
ME6,0.06093,0.14094
ME7,0.04329,0.11067
ME8,0.0494,0.12924
ME9,0.05119,0.09862
ME10,0.08952,0.23749
ME11,0.08076,0.20514
ME12,0.08794,0.18049
ME13,0.06051,0.1071
ME14,0.03114,0.06542
ME15,0.03498,0.08138
ME16,0.0455,0.11497
ME17,0.04589,0.08065
ME18,0.05164,0.09793
ME19,0.0332,0.07571
ME20,0.06071,0.15621
MK1,0.17239,0.35942
MK2,0.12985,0.25875
MK3,0.10978,0.20765
MK4,0.10216,0.18692
MK5,0.12997,0.22348
MK6,0.15198,0.2846
MK7,0.15808,0.29181
MK8,0.12277,0.2063
MK9,0.14168,0.26117
MK10,0.16687,0.33823
MK11,0.1147,0.23858
MK12,0.14033,0.26595
MK13,0.11964,0.23182
MK14,0.14615,0.27909
MK15,0.15847,0.3816
MK16,0.08024,0.15569
MK17,0.06737,0.1288
MK18,0.09438,0.15471
MK19,0.08456,0.14519
MK40,0.08996,0.24834
MK41,0.10706,0.21297
MK42,0.15393,0.32415
MK43,0.0835,0.15883
MK44,0.08628,0.16179
MK45,0.08905,0.17645
MK46,0.05814,0.10854
ML1,0.15035,0.2003
ML2,0.1145,0.16098
ML3,0.124,0.16643
ML4,0.15867,0.21956
ML5,0.17426,0.22312
ML6,0.14759,0.18391
ML7,0.11718,0.15688
ML8,0.09681,0.13519
ML9,0.08307,0.1156
ML10,0.10943,0.15154
ML11,0.08562,0.11927
ML12,0.07547,0.1007
N1,0.20878,0.46155
N1C,0.24994,0.62433
N2,0.15887,0.22841
N3,0.13468,0.21181
N4,0.25928,0.44166
N5,0.1732,0.32608
N6,0.11375,0.18793
N7,0.27602,0.5011
N8,0.23699,0.34935
N9,0.11439,0.34694
N10,0.14775,0.23189
N11,0.18947,0.2953
N12,0.13342,0.23288
N13,0.18057,0.3259
N14,0.10715,0.20983
N15,0.31799,0.4861
N16,0.33845,0.63451
N17,0.29118,0.44425
N18,0.15532,0.37304
N19,0.21243,0.37185
N20,0.117,0.2051
N21,0.1212,0.22265
N22,0.26649,0.36175
NE1,0.11127,0.29649
NE2,0.10767,0.21553
NE3,0.11373,0.22595
NE4,0.07822,0.19835
NE5,0.08828,0.18153
NE6,0.08736,0.22471
NE7,0.10208,0.22234
NE8,0.0666,0.2038
NE9,0.0321,0.09875
NE10,0.08249,0.18898
NE11,0.09069,0.20037
NE12,0.15329,0.25005
NE13,0.12248,0.20013
NE15,0.07013,0.14198
NE16,0.06071,0.11951
NE17,0.05521,0.1059
NE18,0.0927,0.15397
NE19,0.06127,0.13303
NE20,0.07572,0.13121
NE21,0.05923,0.13393
NE22,0.08807,0.15641
NE23,0.11356,0.20365
NE24,0.06984,0.13395
NE25,0.13821,0.22565
NE26,0.04684,0.07998
NE27,0.14202,0.22134
NE28,0.14174,0.1942
NE29,0.10339,0.18533
NE30,0.05223,0.10271
NE31,0.06608,0.18209
NE32,0.06471,0.18197
NE33,0.03624,0.08818
NE34,0.05154,0.15871
NE35,0.06502,0.21523
NE36,0.08247,0.18838
NE37,0.08293,0.1759
NE38,0.10236,0.2125
NE39,0.06997,0.11769
NE40,0.03522,0.07492
NE41,0.06649,0.11209
NE42,0.06431,0.13106
NE43,0.05012,0.09119
NE44,0.05725,0.09907
NE45,0.05831,0.11273
NE46,0.05338,0.09744
NE47,0.06724,0.1145
NE48,0.0659,0.14268
NE49,0.07991,0.13653
NE61,0.07142,0.1214
NE62,0.08395,0.13795
NE63,0.09893,0.17686
NE64,0.01981,0.0386
NE65,0.04808,0.08986
NE66,0.05023,0.08969
NE67,0.07431,0.12671
NE68,0.02834,0.04996
NE69,0.03296,0.06018
NE70,0.08488,0.15759
NE71,0.04826,0.09784
NG1,0.1216,0.24034
NG2,0.09703,0.29613
NG3,0.05251,0.11496
NG4,0.0719,0.1876
NG5,0.04609,0.10258
NG6,0.06131,0.1346
NG7,0.10048,0.23237
NG8,0.06707,0.15369
NG9,0.06992,0.20435
NG10,0.08456,0.25856
NG11,0.11016,0.2236
NG12,0.08848,0.18516
NG13,0.1387,0.25038
NG14,0.05532,0.12323
NG15,0.03884,0.09357
NG16,0.06743,0.13536
NG17,0.05288,0.11946
NG18,0.04269,0.10702
NG19,0.03202,0.07467
NG20,0.02651,0.05767
NG21,0.02526,0.0565
NG22,0.0529,0.10445
NG23,0.10932,0.21083
NG24,0.11495,0.23887
NG25,0.05656,0.12347
NG31,0.05198,0.11595
NG32,0.08534,0.15242
NG33,0.04409,0.08064
NG34,0.10573,0.18997
NG90,0.08956,0.29406
NN1,0.14209,0.2795
NN2,0.05421,0.11845
NN3,0.05649,0.11984
NN4,0.13302,0.22637
NN5,0.10213,0.1864
NN6,0.06657,0.11667
NN7,0.07534,0.12745
NN8,0.10625,0.1829
NN9,0.05609,0.10719
NN10,0.0725,0.13862
NN11,0.08942,0.14664
NN12,0.07351,0.12279
NN13,0.04946,0.08466
NN14,0.06052,0.11001
NN15,0.07667,0.14225
NN16,0.09244,0.15442
NN17,0.07503,0.13367
NN18,0.09507,0.17702
NN29,0.04387,0.08697
NP4,0.05696,0.07475
NP7,0.02184,0.03166
NP8,0.01378,0.01691
NP10,0.01509,0.03601
NP11,0.0223,0.03541
NP12,0.02487,0.03803
NP13,0.03114,0.03979
NP15,0.02995,0.0497
NP16,0.01844,0.03832
NP18,0.01818,0.03451
NP19,0.01564,0.06683
NP20,0.02141,0.05842
NP22,0.07147,0.09845
NP23,0.07032,0.10238
NP24,0.02843,0.03696
NP25,0.02243,0.03221
NP26,0.00774,0.02174
NP44,0.02979,0.05214
NR1,0.09128,0.20023
NR2,0.10809,0.23955
NR3,0.08706,0.21825
NR4,0.05983,0.12822
NR5,0.06184,0.13948
NR6,0.07265,0.16435
NR7,0.05736,0.17139
NR8,0.03842,0.09658
NR9,0.06302,0.10856
NR10,0.0375,0.07371
NR11,0.02655,0.04944
NR12,0.07434,0.14192
NR13,0.06486,0.13551
NR14,0.06751,0.11986
NR15,0.08744,0.13701
NR16,0.07116,0.12615
NR17,0.0779,0.1334
NR18,0.08415,0.13654
NR19,0.0779,0.13011
NR20,0.06517,0.10963
NR21,0.0365,0.06798
NR22,0.01388,0.03241
NR23,0.01522,0.05142
NR24,0.02962,0.05297
NR25,0.01536,0.04225
NR26,0.01304,0.03624
NR27,0.01231,0.03007
NR28,0.03658,0.07413
NR29,0.04276,0.1085
NR30,0.04417,0.11442
NR31,0.04727,0.12477
NR32,0.0349,0.08137
NR33,0.04494,0.09428
NR34,0.09731,0.16094
NR35,0.10163,0.15811
NW1,0.20043,0.34228
NW2,0.20946,0.36149
NW3,0.11636,0.20411
NW4,0.18018,0.2895
NW5,0.19906,0.4251
NW6,0.22809,0.39689
NW7,0.14927,0.23718
NW8,0.11792,0.18007
NW9,0.20379,0.32531
NW10,0.23534,0.42929
NW11,0.2211,0.38449
OL1,0.06529,0.14925
OL2,0.06917,0.13996
OL3,0.08373,0.15005
OL4,0.04407,0.10126
OL5,0.04586,0.10222
OL6,0.09356,0.19421
OL7,0.13932,0.27263
OL8,0.11037,0.23124
OL9,0.11571,0.27619
OL10,0.07969,0.15541
OL11,0.06179,0.1291
OL12,0.08926,0.14122
OL13,0.05003,0.09497
OL14,0.07773,0.14621
OL15,0.11278,0.16986
OL16,0.08702,0.15087
OX1,0.07008,0.13623
OX2,0.06463,0.134
OX3,0.09459,0.17446
OX4,0.14099,0.25981
OX5,0.09186,0.16779
OX7,0.03146,0.05391
OX9,0.11326,0.19049
OX10,0.03516,0.083
OX11,0.04416,0.09209
OX12,0.05026,0.08463
OX13,0.06378,0.12065
OX14,0.05935,0.13453
OX15,0.0372,0.06538
OX16,0.11893,0.21964
OX17,0.07579,0.12332
OX18,0.04691,0.09269
OX20,0.01825,0.03438
OX25,0.09897,0.16152
OX26,0.12709,0.21088
OX27,0.07856,0.12293
OX28,0.06983,0.15185
OX29,0.05442,0.10167
OX33,0.08814,0.15475
OX39,0.03632,0.07148
OX44,0.06686,0.11157
OX49,0.01685,0.03601
PA1,0.11386,0.16789
PA2,0.13122,0.16838
PA3,0.08807,0.13937
PA4,0.0773,0.12636
PA5,0.11537,0.15254
PA6,0.0911,0.11899
PA7,0.09932,0.13398
PA8,0.12288,0.16623
PA9,0.13896,0.15806
PA10,0.10013,0.12661
PA11,0.12624,0.15622
PA12,0.14578,0.17411
PA13,0.12463,0.15889
PA14,0.0642,0.08484
PA15,0.09233,0.12384
PA16,0.11821,0.14523
PA17,0.01817,0.02332
PA18,0.03232,0.04198
PA19,0.02948,0.04127
PA20,0.04026,0.05273
PA21,0.06367,0.08529
PA22,0.09584,0.12986
PA23,0.08235,0.10824
PA24,0.11209,0.1475
PA25,0.06371,0.08112
PA26,0.13421,0.1746
PA27,0.09145,0.11961
PA28,0.06606,0.09204
PA29,0.07548,0.10215
PA30,0.06922,0.08917
PA31,0.07391,0.09063
PA32,0.11061,0.13814
PA33,0.19992,0.23131
PA34,0.06197,0.0753
PA35,0.16588,0.19751
PA36,0.17275,0.21876
PA37,0.081,0.10217
PA38,0.07497,0.09663
PA41,0.00616,0.008
PA42,0.08557,0.10963
PA43,0.07744,0.10226
PA44,0.0888,0.11485
PA45,0.11323,0.1406
PA46,0.07401,0.0958
PA47,0.04441,0.06024
PA48,0.06963,0.09177
PA49,0.10338,0.1287
PA60,0.08641,0.10825
PA61,0.03618,0.04765
PA62,0.09544,0.11443
PA63,0.04998,0.06391
PA64,0.06148,0.07832
PA65,0.08654,0.11318
PA66,0.03206,0.04248
PA67,0.0649,0.08468
PA68,0.04017,0.05439
PA69,0.0919,0.1223
PA70,0.09389,0.12293
PA71,0.1364,0.16034
PA72,0.11694,0.15304
PA73,0.03802,0.05253
PA74,0.08492,0.11808
PA75,0.08564,0.11167
PA76,0.01235,0.0173
PA77,0.03771,0.04938
PA78,0.04959,0.06568
PA80,0.11195,0.14875
PE1,0.12005,0.30662
PE2,0.17085,0.30247
PE3,0.08995,0.22828
PE4,0.08921,0.20442
PE5,0.04601,0.10611
PE6,0.08449,0.19865
PE7,0.17239,0.30299
PE8,0.05967,0.11265
PE9,0.04403,0.08874
PE10,0.09754,0.19184
PE11,0.08328,0.21422
PE12,0.06705,0.17759
PE13,0.09799,0.22133
PE14,0.08145,0.19823
PE15,0.17836,0.31259
PE16,0.11161,0.25188
PE19,0.10048,0.18832
PE20,0.08671,0.20081
PE21,0.08138,0.23381
PE22,0.07537,0.16859
PE23,0.09799,0.16059
PE24,0.05357,0.15837
PE25,0.03168,0.11625
PE26,0.16146,0.29765
PE27,0.12623,0.24589
PE28,0.12798,0.22433
PE29,0.13798,0.24471
PE30,0.07234,0.18941
PE31,0.02167,0.05717
PE32,0.04718,0.09222
PE33,0.09265,0.17204
PE34,0.06051,0.15576
PE35,0.0201,0.05564
PE36,0.01161,0.03633
PE37,0.02304,0.05568
PE38,0.14732,0.27363
PH1,0.07276,0.09896
PH2,0.07131,0.09531
PH3,0.06331,0.08394
PH4,0.0942,0.11732
PH5,0.0609,0.08624
PH6,0.11249,0.14124
PH7,0.08999,0.1177
PH8,0.09058,0.1186
PH9,0.08098,0.10938
PH10,0.08337,0.11531
PH11,0.05925,0.07664
PH12,0.06911,0.09712
PH13,0.06324,0.08815
PH14,0.06528,0.09387
PH15,0.13041,0.16331
PH16,0.11673,0.14703
PH17,0.19967,0.24358
PH18,0.09639,0.13106
PH19,0.1504,0.188
PH20,0.11737,0.15398
PH21,0.09458,0.12766
PH22,0.0807,0.10755
PH23,0.10772,0.15623
PH24,0.07512,0.10381
PH25,0.09475,0.13354
PH26,0.09972,0.14327
PH30,0.16797,0.20804
PH31,0.13548,0.17368
PH32,0.18438,0.22331
PH33,0.11574,0.14823
PH34,0.18415,0.21725
PH35,0.18814,0.22534
PH36,0.09463,0.12436
PH37,0.18568,0.2242
PH38,0.11576,0.14547
PH39,0.05496,0.07213
PH40,0.27268,0.30065
PH41,0.10912,0.13652
PH42,0.03937,0.05529
PH43,0.06887,0.09323
PH44,0.01765,0.02542
PH49,0.14452,0.17937
PH50,0.14484,0.17993
PL1,0.04839,0.11162
PL2,0.05866,0.13425
PL3,0.05909,0.14358
PL4,0.08623,0.21135
PL5,0.03283,0.07779
PL6,0.03462,0.07882
PL7,0.05813,0.11144
PL8,0.01614,0.03144
PL9,0.01718,0.03798
PL10,0.00842,0.01814
PL11,0.02164,0.03859
PL12,0.02915,0.04991
PL13,0.01973,0.03453
PL14,0.04638,0.07986
PL15,0.04756,0.10077
PL16,0.02935,0.05752
PL17,0.02209,0.04649
PL18,0.03384,0.06614
PL19,0.02866,0.06253
PL20,0.04942,0.09854
PL21,0.03203,0.06691
PL22,0.02594,0.04859
PL23,0.0117,0.02315
PL24,0.02937,0.05845
PL25,0.03142,0.08339
PL26,0.05712,0.105
PL27,0.03344,0.07172
PL28,0.01529,0.03268
PL29,0.01813,0.03646
PL30,0.03807,0.08317
PL31,0.03481,0.08779
PL32,0.05644,0.12822
PL33,0.0217,0.0521
PL34,0.0125,0.03417
PL35,0.01431,0.03482
PO1,0.10356,0.2305
PO2,0.06361,0.15657
PO3,0.05425,0.14027
PO4,0.03023,0.08216
PO5,0.03676,0.0893
PO6,0.05736,0.134
PO7,0.05819,0.09574
PO8,0.02187,0.04339
PO9,0.06341,0.11209
PO10,0.04171,0.08322
PO11,0.01762,0.04178
PO12,0.03309,0.07592
PO13,0.04208,0.09061
PO14,0.04989,0.09492
PO15,0.1009,0.16011
PO16,0.06417,0.11441
PO17,0.06648,0.09831
PO18,0.01947,0.03781
PO19,0.06724,0.15333
PO20,0.03188,0.0794
PO21,0.02882,0.09012
PO22,0.04658,0.11168
PO30,0.04125,0.0659
PO31,0.03339,0.05167
PO32,0.02039,0.03568
PO33,0.05233,0.08173
PO34,0.01742,0.02485
PO35,0.0239,0.04163
PO36,0.04319,0.06955
PO37,0.01427,0.02363
PO38,0.01715,0.03041
PO39,0.00256,0.00508
PO40,0.01403,0.02785
PO41,0.02991,0.04736
PR1,0.15746,0.27789
PR2,0.12029,0.2054
PR3,0.11167,0.16842
PR4,0.14545,0.22451
PR5,0.10583,0.17259
PR6,0.06791,0.11334
PR7,0.09687,0.15938
PR8,0.20634,0.27451
PR9,0.22269,0.34095
PR25,0.11294,0.20428
PR26,0.16131,0.26008
RG1,0.07622,0.19753
RG2,0.10503,0.20456
RG4,0.02225,0.06069
RG5,0.05094,0.1498
RG6,0.08479,0.19506
RG7,0.08089,0.13404
RG8,0.01714,0.04317
RG9,0.01805,0.04111
RG10,0.08689,0.15274
RG12,0.0893,0.16339
RG14,0.07679,0.14069
RG17,0.02322,0.04079
RG18,0.05203,0.08549
RG19,0.0935,0.14816
RG20,0.03558,0.05929
RG21,0.07394,0.14724
RG22,0.05431,0.10781
RG23,0.01997,0.03887
RG24,0.1076,0.16914
RG25,0.01103,0.02409
RG26,0.05765,0.09027
RG27,0.0793,0.12949
RG28,0.0127,0.02554
RG29,0.04907,0.08133
RG30,0.06402,0.1396
RG31,0.07896,0.13882
RG40,0.08762,0.16321
RG41,0.09047,0.1766
RG42,0.13889,0.2202
RG45,0.03611,0.08769
RH1,0.09505,0.16078
RH2,0.07902,0.13704
RH3,0.07383,0.12671
RH4,0.03786,0.06807
RH5,0.06416,0.10273
RH6,0.16761,0.27912
RH7,0.1151,0.17934
RH8,0.07084,0.11677
RH9,0.09248,0.14342
RH10,0.07597,0.12997
RH11,0.11442,0.18745
RH12,0.08022,0.12449
RH13,0.08851,0.12992
RH14,0.0967,0.14057
RH15,0.12725,0.19446
RH16,0.06246,0.09935
RH17,0.06132,0.08805
RH18,0.05902,0.0895
RH19,0.06559,0.09686
RH20,0.05748,0.0893
RM1,0.1534,0.28178
RM2,0.1482,0.28617
RM3,0.15832,0.27546
RM4,0.091,0.1643
RM5,0.15164,0.28018
RM6,0.21074,0.38005
RM7,0.17352,0.3697
RM8,0.38797,0.69402
RM9,0.37057,0.661
RM10,0.32877,0.64646
RM11,0.11864,0.24121
RM12,0.10625,0.25917
RM13,0.07983,0.21895
RM14,0.15819,0.27672
RM15,0.12192,0.21367
RM16,0.23655,0.31443
RM17,0.45998,0.5357
RM18,0.32143,0.35191
RM19,0.40338,0.45546
RM20,0.43542,0.52544
S1,0.12102,0.32414
S2,0.06289,0.17235
S3,0.11647,0.28064
S4,0.129,0.31858
S5,0.06217,0.16226
S6,0.04731,0.13058
S7,0.08415,0.20631
S8,0.05391,0.12183
S9,0.11057,0.27386
S10,0.06375,0.15974
S11,0.04134,0.11495
S12,0.0283,0.07325
S13,0.05356,0.13444
S14,0.04389,0.0967
S17,0.04834,0.1092
S18,0.0295,0.06306
S20,0.05244,0.12713
S21,0.04351,0.09487
S25,0.05144,0.09972
S26,0.03935,0.08054
S32,0.0324,0.06767
S33,0.05028,0.09764
S35,0.03526,0.07537
S36,0.05385,0.11883
S40,0.07695,0.1736
S41,0.06858,0.14295
S42,0.04513,0.08297
S43,0.05287,0.10595
S44,0.04851,0.09103
S45,0.03856,0.07262
S60,0.066,0.15676
S61,0.0528,0.12548
S62,0.04703,0.11112
S63,0.06384,0.15645
S64,0.05831,0.14248
S65,0.05528,0.13364
S66,0.03997,0.08792
S70,0.05525,0.13145
S71,0.06771,0.14958
S72,0.03912,0.08665
S73,0.07446,0.16276
S74,0.06428,0.14081
S75,0.04163,0.09603
S80,0.03079,0.06619
S81,0.03633,0.07786
SA1,0.02928,0.06081
SA2,0.04873,0.07908
SA3,0.01429,0.02176
SA4,0.04755,0.0721
SA5,0.05197,0.07876
SA6,0.03656,0.05599
SA7,0.06267,0.11122
SA8,0.05293,0.06351
SA9,0.07065,0.09193
SA10,0.06805,0.08716
SA11,0.0787,0.10654
SA12,0.0119,0.02408
SA13,0.03479,0.04551
SA14,0.05456,0.07517
SA15,0.04951,0.07011
SA16,0.00967,0.01707
SA17,0.02995,0.04274
SA18,0.06017,0.0771
SA19,0.04581,0.05984
SA20,0.0436,0.05337
SA31,0.02683,0.04429
SA32,0.04031,0.05156
SA33,0.03241,0.03873
SA34,0.02887,0.03483
SA35,0.02587,0.02834
SA36,0.02957,0.03827
SA37,0.02434,0.02949
SA38,0.02242,0.02635
SA39,0.0323,0.03783
SA40,0.03695,0.04646
SA41,0.03525,0.04853
SA42,0.01206,0.01647
SA43,0.01398,0.01764
SA44,0.02186,0.02653
SA45,0.00921,0.01069
SA46,0.01576,0.01868
SA47,0.02964,0.03563
SA48,0.03691,0.04685
SA61,0.01644,0.03245
SA62,0.01526,0.02009
SA63,0.03502,0.03828
SA64,0.01037,0.0146
SA65,0.02246,0.03078
SA66,0.02728,0.03692
SA67,0.02923,0.03446
SA68,0.03185,0.04333
SA69,0.0299,0.03207
SA70,0.01189,0.01941
SA71,0.01156,0.01727
SA72,0.01062,0.01781
SA73,0.01477,0.02277
SE1,0.15193,0.37555
SE2,0.10345,0.26563
SE3,0.1328,0.25549
SE4,0.15328,0.32589
SE5,0.15077,0.31979
SE6,0.17413,0.33845
SE7,0.15474,0.272
SE8,0.16367,0.36348
SE9,0.11413,0.21828
SE10,0.12985,0.27648
SE11,0.10531,0.42941
SE12,0.15738,0.30779
SE13,0.16017,0.33352
SE14,0.17643,0.38323
SE15,0.26685,0.47844
SE16,0.13606,0.35795
SE17,0.17997,0.4664
SE18,0.12767,0.25794
SE19,0.12622,0.22227
SE20,0.2415,0.39212
SE21,0.12601,0.26759
SE22,0.16456,0.29944
SE23,0.10395,0.28788
SE24,0.12084,0.28638
SE25,0.19616,0.34097
SE26,0.11778,0.27544
SE27,0.09344,0.19299
SE28,0.09008,0.22414
SG1,0.05685,0.15439
SG2,0.04591,0.09819
SG3,0.05093,0.09564
SG4,0.02669,0.05934
SG5,0.04255,0.09658
SG6,0.12419,0.24084
SG7,0.0483,0.09542
SG8,0.04425,0.10131
SG9,0.04486,0.09346
SG10,0.04521,0.08959
SG11,0.04082,0.0785
SG12,0.04736,0.09693
SG13,0.07123,0.13495
SG14,0.03842,0.08735
SG15,0.09697,0.2147
SG16,0.07496,0.16786
SG17,0.06066,0.13112
SG18,0.07043,0.15977
SG19,0.10035,0.19228
SK1,0.09786,0.22937
SK2,0.11849,0.26401
SK3,0.10204,0.27989
SK4,0.13057,0.2933
SK5,0.10948,0.22505
SK6,0.07558,0.14477
SK7,0.11162,0.22262
SK8,0.1099,0.27185
SK9,0.09403,0.17598
SK10,0.05212,0.09549
SK11,0.05587,0.10203
SK12,0.07801,0.14741
SK13,0.08329,0.1574
SK14,0.06859,0.13733
SK15,0.08825,0.17863
SK16,0.10917,0.26294
SK17,0.03501,0.07139
SK22,0.04995,0.09528
SK23,0.03887,0.07497
SL0,0.09794,0.18454
SL1,0.0777,0.17926
SL2,0.10366,0.19409
SL3,0.08105,0.18653
SL4,0.11824,0.21892
SL5,0.05697,0.10508
SL6,0.0646,0.1354
SL7,0.03016,0.07783
SL8,0.03517,0.11586
SL9,0.05756,0.11242
SM1,0.13217,0.3064
SM2,0.06516,0.13861
SM3,0.09258,0.20876
SM4,0.11695,0.23888
SM5,0.07511,0.20617
SM6,0.07078,0.1794
SM7,0.01712,0.04956
SN1,0.14882,0.26324
SN2,0.10747,0.2032
SN3,0.12332,0.21192
SN4,0.04708,0.07893
SN5,0.13366,0.21802
SN6,0.10243,0.16842
SN7,0.12221,0.18782
SN8,0.01383,0.02822
SN9,0.01687,0.03384
SN10,0.04323,0.0751
SN11,0.04337,0.07659
SN12,0.09128,0.15852
SN13,0.02272,0.04552
SN14,0.0243,0.04782
SN15,0.09464,0.15583
SN16,0.07257,0.11716
SN25,0.10028,0.1721
SN26,0.09694,0.18314
SO14,0.07603,0.16437
SO15,0.10192,0.2145
SO16,0.07185,0.14233
SO17,0.10717,0.20365
SO18,0.0705,0.13668
SO19,0.04462,0.09433
SO20,0.00977,0.02589
SO21,0.01471,0.02975
SO22,0.01342,0.03558
SO23,0.03771,0.08703
SO24,0.00837,0.01972
SO30,0.07802,0.12461
SO31,0.04535,0.07555
SO32,0.03271,0.05393
SO40,0.09294,0.15772
SO41,0.02385,0.05219
SO42,0.05431,0.09353
SO43,0.06837,0.10865
SO45,0.03958,0.08125
SO50,0.09366,0.16713
SO51,0.064,0.10734
SO52,0.09573,0.14393
SO53,0.08262,0.13744
SP1,0.03836,0.09194
SP2,0.01758,0.05503
SP3,0.01782,0.03669
SP4,0.01158,0.03072
SP5,0.02098,0.0423
SP6,0.03024,0.06462
SP7,0.06412,0.10875
SP8,0.06996,0.12898
SP9,0.0102,0.02553
SP10,0.04555,0.10004
SP11,0.0113,0.0269
SR1,0.01915,0.07701
SR2,0.0289,0.08265
SR3,0.07102,0.1533
SR4,0.0383,0.11162
SR5,0.08897,0.20801
SR6,0.03461,0.09145
SR7,0.05472,0.10864
SR8,0.04687,0.09655
SS0,0.04682,0.13246
SS1,0.03608,0.10012
SS2,0.09335,0.21312
SS3,0.01432,0.04849
SS4,0.12079,0.24991
SS5,0.19602,0.42723
SS6,0.22172,0.44111
SS7,0.21663,0.44698
SS8,0.14142,0.2589
SS9,0.09397,0.19794
SS11,0.22666,0.43071
SS12,0.23191,0.44052
SS13,0.22611,0.49854
SS14,0.25216,0.5429
SS15,0.17348,0.49331
SS16,0.22065,0.43387
SS17,0.17351,0.2753
ST1,0.0848,0.20986
ST2,0.08074,0.16625
ST3,0.07929,0.17966
ST4,0.07568,0.1943
ST5,0.06362,0.1348
ST6,0.07142,0.16009
ST7,0.10146,0.16203
ST8,0.06445,0.1378
ST9,0.05786,0.11454
ST10,0.04214,0.08233
ST11,0.04256,0.09997
ST12,0.0603,0.13025
ST13,0.05017,0.11757
ST14,0.07371,0.13841
ST15,0.06317,0.12468
ST16,0.11714,0.24894
ST17,0.05081,0.11072
ST18,0.07302,0.14118
ST19,0.07501,0.13784
ST20,0.06434,0.12234
ST21,0.0438,0.09657
SW1A,0.21761,0.34466
SW1E,0.18526,0.36246
SW1H,0.20495,0.32612
SW1P,0.25516,0.39275
SW1V,0.30718,0.516
SW1W,0.19266,0.32116
SW1X,0.15322,0.28043
SW1Y,0.1747,0.24667
SW2,0.08247,0.22652
SW3,0.14166,0.36511
SW4,0.09814,0.26973
SW5,0.09544,0.32082
SW6,0.11552,0.35196
SW7,0.14615,0.29701
SW8,0.15518,0.47763
SW9,0.14015,0.42343
SW10,0.10359,0.31759
SW11,0.17029,0.41496
SW12,0.15831,0.3446
SW13,0.2077,0.4288
SW14,0.14958,0.39096
SW15,0.12214,0.29695
SW16,0.13079,0.25243
SW17,0.16239,0.3776
SW18,0.16067,0.35974
SW19,0.13738,0.29138
SW20,0.19713,0.38945
SY1,0.12808,0.2539
SY2,0.0648,0.15396
SY3,0.06867,0.1381
SY4,0.06959,0.13415
SY5,0.05676,0.10953
SY6,0.03602,0.06772
SY7,0.02745,0.05222
SY8,0.04146,0.08153
SY9,0.03154,0.06244
SY10,0.08713,0.13966
SY11,0.08738,0.15399
SY12,0.07979,0.13693
SY13,0.06933,0.11539
SY14,0.06771,0.1122
SY15,0.08028,0.12939
SY16,0.05166,0.06731
SY17,0.06108,0.08398
SY18,0.05887,0.07375
SY19,0.07488,0.09944
SY20,0.05919,0.0774
SY21,0.06527,0.08962
SY22,0.04676,0.06872
SY23,0.05268,0.07025
SY24,0.03324,0.05016
SY25,0.05835,0.08227
TA1,0.13652,0.24164
TA2,0.05803,0.10434
TA3,0.09545,0.16975
TA4,0.03377,0.05557
TA5,0.07295,0.12513
TA6,0.09143,0.20698
TA7,0.17884,0.32487
TA8,0.01531,0.05029
TA9,0.08809,0.2234
TA10,0.1489,0.27816
TA11,0.08941,0.16605
TA12,0.11441,0.22835
TA13,0.07252,0.12419
TA14,0.05303,0.09506
TA15,0.03016,0.0556
TA16,0.05574,0.10139
TA17,0.04187,0.0707
TA18,0.05223,0.09127
TA19,0.07052,0.13117
TA20,0.03344,0.06447
TA21,0.04819,0.08296
TA22,0.02626,0.04537
TA23,0.03386,0.05427
TA24,0.03131,0.05892
TD1,0.03707,0.05072
TD2,0.04767,0.06437
TD3,0.06457,0.09144
TD4,0.06177,0.08777
TD5,0.09748,0.1339
TD6,0.07438,0.10055
TD7,0.08679,0.11292
TD8,0.07739,0.11344
TD9,0.08407,0.1258
TD10,0.08474,0.11939
TD11,0.07841,0.10429
TD12,0.03492,0.05845
TD13,0.04321,0.05629
TD14,0.0456,0.06362
TD15,0.05123,0.09461
TF1,0.1007,0.23191
TF2,0.06293,0.15091
TF3,0.10202,0.21247
TF4,0.10264,0.21069
TF5,0.0645,0.14397
TF6,0.07821,0.15643
TF7,0.09134,0.19397
TF8,0.04947,0.09438
TF9,0.04993,0.10122
TF10,0.05333,0.10866
TF11,0.03865,0.08024
TF12,0.03707,0.07571
TF13,0.03357,0.07081
TN1,0.11,0.20685
TN2,0.06361,0.10595
TN3,0.06897,0.10218
TN4,0.06788,0.10985
TN5,0.06076,0.08338
TN6,0.05956,0.08689
TN7,0.06544,0.09686
TN8,0.09343,0.14313
TN9,0.10678,0.20822
TN10,0.12057,0.2157
TN11,0.10048,0.15897
TN12,0.14419,0.23484
TN13,0.0432,0.08604
TN14,0.03925,0.0698
TN15,0.03071,0.06032
TN16,0.02985,0.05473
TN17,0.09214,0.13484
TN18,0.09014,0.13489
TN19,0.09454,0.13048
TN20,0.0845,0.11109
TN21,0.05877,0.08004
TN22,0.06077,0.08843
TN23,0.13277,0.22451
TN24,0.0789,0.17247
TN25,0.05356,0.0906
TN26,0.12136,0.20024
TN27,0.1055,0.1559
TN28,0.01421,0.07745
TN29,0.0363,0.13102
TN30,0.12718,0.21202
TN31,0.0636,0.13588
TN32,0.08205,0.11885
TN33,0.07145,0.10516
TN34,0.11633,0.16136
TN35,0.04687,0.07243
TN36,0.06762,0.15829
TN37,0.083,0.13277
TN38,0.06104,0.1054
TN39,0.05682,0.10038
TN40,0.03679,0.0684
TQ1,0.00385,0.01051
TQ2,0.0318,0.06583
TQ3,0.02286,0.04866
TQ4,0.02766,0.05469
TQ5,0.01041,0.0208
TQ6,0.0175,0.02861
TQ7,0.0178,0.03273
TQ8,0.00987,0.01963
TQ9,0.0238,0.04073
TQ10,0.03226,0.062
TQ11,0.04298,0.07937
TQ12,0.04008,0.07321
TQ13,0.03163,0.05565
TQ14,0.01088,0.0259
TR1,0.04082,0.08541
TR2,0.02781,0.04764
TR3,0.02871,0.05539
TR4,0.02686,0.05522
TR5,0.01431,0.03047
TR6,0.01523,0.03477
TR7,0.01811,0.05111
TR8,0.02825,0.0644
TR9,0.0748,0.16681
TR10,0.02674,0.05581
TR11,0.01758,0.03685
TR12,0.01539,0.03215
TR13,0.02473,0.05019
TR14,0.03163,0.0698
TR15,0.04662,0.1102
TR16,0.02531,0.05713
TR17,0.0171,0.03705
TR18,0.02903,0.07062
TR19,0.0122,0.02606
TR20,0.03306,0.08044
TR21,0.00496,0.011
TR22,0.00052,0.001
TR23,0.00146,0.00332
TR24,0.00628,0.01957
TR25,0.00155,0.00283
TR26,0.0164,0.04391
TR27,0.02554,0.05467
TS1,0.13979,0.37889
TS2,0.05933,0.20624
TS3,0.11525,0.25129
TS4,0.12979,0.27331
TS5,0.09386,0.20848
TS6,0.13042,0.29517
TS7,0.11581,0.1899
TS8,0.08715,0.14571
TS9,0.07784,0.14463
TS10,0.08465,0.17264
TS11,0.06123,0.1134
TS12,0.06065,0.1046
TS13,0.04147,0.06902
TS14,0.08149,0.13801
TS15,0.0851,0.14007
TS16,0.09827,0.18546
TS17,0.09792,0.22011
TS18,0.10404,0.22692
TS19,0.09952,0.20964
TS20,0.12155,0.22559
TS21,0.08497,0.14277
TS22,0.08871,0.15103
TS23,0.12339,0.26696
TS24,0.05111,0.11596
TS25,0.0833,0.18291
TS26,0.10518,0.22582
TS27,0.06094,0.10622
TS28,0.07662,0.12499
TS29,0.05978,0.10735
TW1,0.06696,0.20767
TW2,0.08032,0.24535
TW3,0.14015,0.38759
TW4,0.13657,0.41493
TW5,0.15245,0.37751
TW6,0.15626,0.32518
TW7,0.1533,0.31263
TW8,0.1419,0.34348
TW9,0.08242,0.27484
TW10,0.07986,0.21933
TW11,0.05341,0.20287
TW12,0.13102,0.31931
TW13,0.16118,0.40524
TW14,0.14604,0.33508
TW15,0.06074,0.21891
TW16,0.06272,0.21292
TW17,0.0375,0.13114
TW18,0.04704,0.16559
TW19,0.04319,0.12833
TW20,0.09348,0.19819
UB1,0.13612,0.35562
UB2,0.13579,0.33167
UB3,0.18479,0.36685
UB4,0.24046,0.43646
UB5,0.15935,0.33258
UB6,0.12158,0.32253
UB7,0.12685,0.27569
UB8,0.1875,0.33016
UB9,0.08642,0.16855
UB10,0.22718,0.3572
UB11,0.20057,0.33975
W1B,0.13987,0.18394
W1C,0.02147,0.05366
W1D,0.04794,0.0737
W1F,0.05239,0.07069
W1G,0.19285,0.27706
W1H,0.21098,0.31398
W1J,0.08193,0.13756
W1K,0.09973,0.15504
W1S,0.07524,0.14196
W1T,0.17226,0.3272
W1U,0.16541,0.26782
W1W,0.15257,0.20994
W2,0.11336,0.17765
W3,0.17862,0.36761
W4,0.21385,0.47389
W5,0.14276,0.31563
W6,0.1427,0.44526
W7,0.13461,0.2919
W8,0.10257,0.30746
W9,0.18737,0.26192
W10,0.25259,0.43937
W11,0.19482,0.44441
W12,0.21234,0.54402
W13,0.16008,0.38062
W14,0.17067,0.41734
WA1,0.08158,0.26131
WA2,0.09807,0.25041
WA3,0.12354,0.22956
WA4,0.07123,0.14697
WA5,0.11181,0.24254
WA6,0.05525,0.11229
WA7,0.06411,0.1534
WA8,0.10272,0.22169
WA9,0.1082,0.21773
WA10,0.09348,0.19272
WA11,0.09031,0.16567
WA12,0.08836,0.17619
WA13,0.05922,0.13307
WA14,0.07306,0.16169
WA15,0.10276,0.22722
WA16,0.08766,0.15022
WC1A,0.16832,0.34984
WC1B,0.16055,0.41015
WC1E,0.14677,0.42485
WC1H,0.16229,0.38652
WC1N,0.19382,0.42374
WC1R,0.18367,0.38288
WC1V,0.13388,0.27767
WC1X,0.12841,0.38149
WC2A,0.15073,0.22961
WC2B,0.1239,0.25204
WC2E,0.01728,0.02592
WC2H,0.14498,0.26706
WC2N,0.12346,0.27174
WC2R,0.28015,0.40237
WD3,0.03805,0.08351
WD4,0.0505,0.09529
WD5,0.02163,0.06124
WD6,0.14372,0.24686
WD7,0.05528,0.1095
WD17,0.06876,0.16779
WD18,0.08495,0.20263
WD19,0.15669,0.25235
WD23,0.12075,0.22025
WD24,0.08787,0.20716
WD25,0.06295,0.14248
WF1,0.07902,0.19012
WF2,0.05771,0.13732
WF3,0.05865,0.12858
WF4,0.03593,0.08048
WF5,0.06967,0.15352
WF6,0.10111,0.21578
WF7,0.05429,0.11952
WF8,0.03304,0.0776
WF9,0.05159,0.11626
WF10,0.08323,0.18542
WF11,0.053,0.13625
WF12,0.05105,0.11603
WF13,0.09783,0.24601
WF14,0.05765,0.12398
WF15,0.05374,0.1125
WF16,0.09137,0.20769
WF17,0.05256,0.12625
WN1,0.0999,0.17637
WN2,0.11718,0.20447
WN3,0.10271,0.21616
WN4,0.1039,0.18687
WN5,0.0722,0.14765
WN6,0.09678,0.16862
WN7,0.1265,0.24112
WN8,0.05977,0.12551
WR1,0.1053,0.29972
WR2,0.04967,0.11425
WR3,0.05808,0.13963
WR4,0.12994,0.26286
WR5,0.08032,0.1689
WR6,0.045,0.09004
WR7,0.08777,0.16593
WR8,0.0894,0.16541
WR9,0.07928,0.14981
WR10,0.07229,0.14139
WR11,0.09989,0.18755
WR12,0.06939,0.12951
WR13,0.06372,0.12943
WR14,0.07336,0.18303
WR15,0.03795,0.06812
WS1,0.1243,0.27704
WS2,0.13195,0.26894
WS3,0.12568,0.23229
WS4,0.10764,0.20252
WS5,0.0905,0.20124
WS6,0.10482,0.19829
WS7,0.05513,0.1271
WS8,0.11443,0.20315
WS9,0.05301,0.12374
WS10,0.13433,0.29296
WS11,0.10004,0.19134
WS12,0.0389,0.08169
WS13,0.05423,0.12164
WS14,0.04271,0.09252
WS15,0.05277,0.10727
WV1,0.13899,0.31074
WV2,0.133,0.32836
WV3,0.11881,0.23991
WV4,0.07392,0.16137
WV5,0.0281,0.06397
WV6,0.04998,0.10709
WV7,0.04866,0.10786
WV8,0.07356,0.13647
WV9,0.0701,0.14505
WV10,0.09429,0.19776
WV11,0.11083,0.22021
WV12,0.13417,0.29079
WV13,0.16184,0.34066
WV14,0.13209,0.28888
WV15,0.0251,0.05615
WV16,0.03334,0.06914
YO1,0.14905,0.31423
YO7,0.06203,0.12277
YO8,0.06678,0.1788
YO10,0.07441,0.20108
YO11,0.04909,0.09575
YO12,0.02973,0.07
YO13,0.03502,0.08045
YO14,0.02567,0.05018
YO15,0.02985,0.06077
YO16,0.02066,0.05376
YO17,0.04281,0.09536
YO18,0.05188,0.11169
YO19,0.06429,0.15011
YO21,0.04679,0.09286
YO22,0.05349,0.13559
YO23,0.09924,0.20245
YO24,0.0962,0.257
YO25,0.04472,0.08614
YO26,0.10415,0.18782
YO30,0.13896,0.26191
YO31,0.14508,0.3266
YO32,0.07834,0.19432
YO41,0.08234,0.16935
YO42,0.04753,0.11476
YO43,0.03471,0.08558
YO51,0.0861,0.15521
YO60,0.07468,0.13789
YO61,0.06988,0.13582
YO62,0.0405,0.08437
ZE1,0.05307,0.07866
ZE2,0.04568,0.06781
ZE3,0.00786,0.01359
