name,sw_high,sw_low
AB10,0.0,0.0
AB11,0.0,0.0
AB12,0.0,0.0
AB13,0.0,0.0
AB14,0.0,0.0
AB15,0.0,0.0
AB16,0.0,0.0
AB21,0.0,0.0
AB22,0.0,0.0
AB23,0.0,0.0
AB24,0.0,0.0
AB25,0.0,0.0
AB30,0.0,0.0
AB31,0.0,0.0
AB32,0.0,0.0
AB33,0.0,0.0
AB34,0.0,0.0
AB35,0.0,0.0
AB36,0.0,0.0
AB37,0.0,0.0
AB38,0.0,0.0
AB39,0.0,0.0
AB41,0.0,0.0
AB42,0.0,0.0
AB43,0.0,0.0
AB44,0.0,0.0
AB45,0.0,0.0
AB51,0.0,0.0
AB52,0.0,0.0
AB53,0.0,0.0
AB54,0.0,0.0
AB55,0.0,0.0
AB56,0.0,0.0
AL1,0.08931,0.19354
AL2,0.06602,0.15058
AL3,0.03518,0.07758
AL4,0.06992,0.14584
AL5,0.04056,0.09202
AL6,0.03499,0.07711
AL7,0.08166,0.20152
AL8,0.05496,0.12671
AL9,0.09486,0.18468
AL10,0.128,0.28159
B1,0.14329,0.29645
B2,0.145,0.36296
B3,0.15241,0.40106
B4,0.13272,0.29391
B5,0.14441,0.31991
B6,0.16429,0.36975
B7,0.14351,0.30835
B8,0.11814,0.26949
B9,0.12992,0.27496
B10,0.14182,0.29904
B11,0.17207,0.348
B12,0.1361,0.33642
B13,0.10044,0.22167
B14,0.11514,0.23398
B15,0.09293,0.21409
B16,0.13307,0.30655
B17,0.08178,0.19686
B18,0.15772,0.31724
B19,0.12646,0.27632
B20,0.13208,0.27719
B21,0.09078,0.20553
B23,0.06744,0.1711
B24,0.12984,0.30676
B25,0.15313,0.33052
B26,0.12594,0.26749
B27,0.13178,0.29013
B28,0.13107,0.2824
B29,0.08119,0.18834
B30,0.09663,0.21003
B31,0.08733,0.18359
B32,0.0822,0.16438
B33,0.14475,0.30081
B34,0.11606,0.27576
B35,0.17836,0.4406
B36,0.11918,0.26666
B37,0.10306,0.23851
B38,0.08773,0.17303
B40,0.12336,0.37158
B42,0.14237,0.29879
B43,0.09971,0.20606
B44,0.08773,0.21025
B45,0.07057,0.13336
B46,0.07116,0.1563
B47,0.10754,0.19874
B48,0.08027,0.14961
B49,0.09369,0.18549
B50,0.12285,0.22584
B60,0.06977,0.14843
B61,0.06799,0.14153
B62,0.06656,0.12351
B63,0.08496,0.18465
B64,0.15089,0.30233
B65,0.12328,0.26552
B66,0.18626,0.35411
B67,0.06315,0.15096
B68,0.05122,0.13875
B69,0.16216,0.3503
B70,0.16519,0.32694
B71,0.13724,0.27204
B72,0.07764,0.19145
B73,0.04288,0.13959
B74,0.03031,0.09748
B75,0.04986,0.11738
B76,0.07887,0.18621
B77,0.09643,0.22185
B78,0.08813,0.18442
B79,0.09318,0.1903
B80,0.10043,0.19778
B90,0.13462,0.26208
B91,0.10513,0.21302
B92,0.09906,0.19524
B93,0.07233,0.15076
B94,0.09183,0.18128
B95,0.09754,0.17937
B96,0.09839,0.18741
B97,0.08366,0.16332
B98,0.13456,0.26421
BA1,0.03389,0.07489
BA2,0.03561,0.07227
BA3,0.03692,0.07442
BA4,0.06627,0.13915
BA5,0.10002,0.17083
BA6,0.23543,0.38704
BA7,0.08924,0.17652
BA8,0.07773,0.16779
BA9,0.06412,0.14245
BA10,0.05152,0.10939
BA11,0.0717,0.13138
BA12,0.02651,0.05694
BA13,0.06863,0.12314
BA14,0.10325,0.18166
BA15,0.03823,0.07092
BA16,0.21982,0.36674
BA20,0.0782,0.15399
BA21,0.07559,0.15071
BA22,0.09584,0.18611
BB1,0.12629,0.19744
BB2,0.12478,0.19577
BB3,0.1139,0.21376
BB4,0.07826,0.1368
BB5,0.10819,0.17649
BB6,0.08487,0.13219
BB7,0.09629,0.16826
BB8,0.09343,0.19476
BB9,0.08586,0.15832
BB10,0.0923,0.17973
BB11,0.10297,0.17676
BB12,0.09187,0.15564
BB18,0.08802,0.17185
BD1,0.31656,0.50069
BD2,0.06487,0.17919
BD3,0.1215,0.2918
BD4,0.07701,0.17835
BD5,0.14203,0.32743
BD6,0.05156,0.17087
BD7,0.09315,0.22555
BD8,0.11662,0.30952
BD9,0.06193,0.16946
BD10,0.05556,0.15362
BD11,0.03262,0.0846
BD12,0.09288,0.21695
BD13,0.05048,0.11657
BD14,0.02924,0.09212
BD15,0.06193,0.1543
BD16,0.0743,0.19945
BD17,0.10025,0.24044
BD18,0.0582,0.13845
BD19,0.07427,0.16483
BD20,0.09168,0.20653
BD21,0.09276,0.20029
BD22,0.09428,0.22906
BD23,0.09168,0.19458
BD24,0.10065,0.18337
BH1,0.02219,0.16812
BH2,0.04222,0.11188
BH3,0.0472,0.18002
BH4,0.03063,0.10861
BH5,0.02473,0.09235
BH6,0.04056,0.10342
BH7,0.13196,0.31509
BH8,0.1505,0.34307
BH9,0.0891,0.28654
BH10,0.1287,0.27371
BH11,0.05605,0.15389
BH12,0.09891,0.23614
BH13,0.02534,0.05537
BH14,0.08179,0.16693
BH15,0.08114,0.17832
BH16,0.05747,0.13274
BH17,0.17512,0.28909
BH18,0.07012,0.13539
BH19,0.0187,0.04372
BH20,0.04684,0.10181
BH21,0.04504,0.0964
BH22,0.0866,0.22444
BH23,0.15702,0.26847
BH24,0.07408,0.1475
BH25,0.04455,0.08632
BH31,0.06025,0.12685
BL0,0.11207,0.18769
BL1,0.13246,0.24937
BL2,0.10827,0.19266
BL3,0.14632,0.26818
BL4,0.15501,0.2846
BL5,0.14333,0.24721
BL6,0.12569,0.23019
BL7,0.10797,0.19452
BL8,0.11164,0.19022
BL9,0.10309,0.18166
BN1,0.03715,0.0708
BN2,0.02513,0.05017
BN3,0.06432,0.12602
BN5,0.1013,0.14831
BN6,0.0922,0.14007
BN7,0.0502,0.09728
BN8,0.1003,0.14941
BN9,0.03775,0.09271
BN10,0.02245,0.048
BN11,0.06936,0.12415
BN12,0.07307,0.14056
BN13,0.04446,0.08275
BN14,0.04313,0.09321
BN15,0.04964,0.09767
BN16,0.05808,0.10766
BN17,0.06075,0.12183
BN18,0.04296,0.08511
BN20,0.00777,0.02171
BN21,0.05692,0.12411
BN22,0.08291,0.18193
BN23,0.07948,0.16654
BN24,0.05816,0.13557
BN25,0.01974,0.05496
BN26,0.06495,0.10531
BN27,0.1239,0.19883
BN41,0.04063,0.07063
BN42,0.08816,0.18693
BN43,0.03799,0.08225
BN44,0.08012,0.12582
BN45,0.02292,0.03826
BR1,0.12471,0.2327
BR2,0.09583,0.18973
BR3,0.16436,0.29286
BR4,0.09685,0.19037
BR5,0.08026,0.15505
BR6,0.04418,0.09489
BR7,0.05347,0.10846
BR8,0.05926,0.1081
BS1,0.28128,0.51489
BS2,0.28544,0.51292
BS3,0.26425,0.44824
BS4,0.16378,0.338
BS5,0.17317,0.35482
BS6,0.16438,0.3659
BS7,0.11549,0.34406
BS8,0.04829,0.10189
BS9,0.15118,0.26684
BS10,0.14408,0.32534
BS11,0.1582,0.24632
BS13,0.11998,0.23321
BS14,0.10645,0.21365
BS15,0.12659,0.25935
BS16,0.10871,0.22846
BS20,0.03976,0.09114
BS21,0.03926,0.0962
BS22,0.03207,0.09565
BS23,0.02718,0.08202
BS24,0.1125,0.27171
BS25,0.04857,0.09963
BS26,0.13432,0.28271
BS27,0.08763,0.1981
BS28,0.22464,0.38062
BS29,0.13469,0.29062
BS30,0.05962,0.11892
BS31,0.0571,0.12168
BS32,0.1624,0.29399
BS34,0.19347,0.37983
BS35,0.09543,0.20416
BS36,0.10995,0.20451
BS37,0.10708,0.20065
BS39,0.0509,0.09412
BS40,0.03986,0.08076
BS41,0.02934,0.0596
BS48,0.08054,0.15465
BS49,0.14454,0.28649
CA1,0.20881,0.29001
CA2,0.13611,0.21952
CA3,0.17968,0.25589
CA4,0.03861,0.07449
CA5,0.0499,0.0953
CA6,0.08144,0.16839
CA7,0.05871,0.117
CA8,0.08125,0.1633
CA9,0.11068,0.20681
CA10,0.06082,0.11701
CA11,0.06342,0.11543
CA12,0.09523,0.17047
CA13,0.06113,0.11629
CA14,0.06376,0.12053
CA15,0.0493,0.09437
CA16,0.06426,0.12491
CA17,0.08288,0.15996
CA18,0.04351,0.08274
CA19,0.07164,0.13721
CA20,0.08288,0.18688
CA21,0.02485,0.0471
CA22,0.03458,0.08261
CA23,0.08417,0.18416
CA24,0.07831,0.13509
CA25,0.07743,0.13438
CA26,0.05561,0.09767
CA27,0.00968,0.01948
CA28,0.0545,0.08674
CB1,0.21399,0.38487
CB2,0.11272,0.29004
CB3,0.18186,0.32712
CB4,0.21162,0.43288
CB5,0.0917,0.21057
CB6,0.26024,0.43493
CB7,0.195,0.35826
CB8,0.06432,0.12438
CB9,0.12728,0.18973
CB10,0.05499,0.11428
CB11,0.04473,0.10145
CB21,0.04306,0.09649
CB22,0.03817,0.12553
CB23,0.10663,0.21011
CB24,0.23644,0.404
CB25,0.13771,0.27228
CF3,0.0,0.0
CF5,0.0,0.0
CF10,0.0,0.0
CF11,0.0,0.0
CF14,0.0,0.0
CF15,0.0,0.0
CF23,0.0,0.0
CF24,0.0,0.0
CF31,0.0,0.0
CF32,0.0,0.0
CF33,0.0,0.0
CF34,0.0,0.0
CF35,0.0,0.0
CF36,0.0,0.0
CF37,0.0,0.0
CF38,0.0,0.0
CF39,0.0,0.0
CF40,0.0,0.0
CF41,0.0,0.0
CF42,0.0,0.0
CF43,0.0,0.0
CF44,0.0,0.0
CF45,0.0,0.0
CF46,0.0,0.0
CF47,0.0,0.0
CF48,0.0,0.0
CF61,0.0,0.0
CF62,0.0,0.0
CF63,0.0,0.0
CF64,0.0,0.0
CF71,0.0,0.0
CF72,0.0,0.0
CF81,0.0,0.0
CF82,0.0,0.0
CF83,0.0,0.0
CH1,0.10091,0.19775
CH2,0.12256,0.24592
CH3,0.11449,0.19805
CH4,0.09644,0.17421
CH5,0.00267,0.00508
CH6,0.0,0.0
CH7,0.0,0.0
CH8,3e-05,5e-05
CH41,0.14929,0.31279
CH42,0.09786,0.21795
CH43,0.09852,0.23154
CH44,0.1038,0.23975
CH45,0.03423,0.0872
CH46,0.0739,0.17925
CH47,0.0203,0.05267
CH48,0.01815,0.04236
CH49,0.10819,0.23985
CH60,0.0718,0.18723
CH61,0.06813,0.15155
CH62,0.08641,0.1779
CH63,0.08513,0.17264
CH64,0.08453,0.20931
CH65,0.09703,0.22255
CH66,0.14672,0.28321
CM0,0.05343,0.13192
CM1,0.08617,0.16185
CM2,0.10809,0.22149
CM3,0.10457,0.19006
CM4,0.12384,0.20993
CM5,0.09147,0.16254
CM6,0.07756,0.14315
CM7,0.06214,0.12285
CM8,0.08888,0.1679
CM9,0.10485,0.21015
CM11,0.22209,0.35677
CM12,0.21068,0.3836
CM13,0.18117,0.30576
CM14,0.10245,0.17375
CM15,0.12101,0.20244
CM16,0.11347,0.20681
CM17,0.1272,0.21918
CM18,0.18954,0.32094
CM19,0.18209,0.31029
CM20,0.24934,0.33817
CM21,0.0659,0.13016
CM22,0.07363,0.1386
CM23,0.08261,0.14981
CM24,0.09021,0.17694
CM77,0.08144,0.14508
CO1,0.0897,0.26404
CO2,0.0605,0.1454
CO3,0.05042,0.15498
CO4,0.03454,0.11169
CO5,0.08196,0.16752
CO6,0.048,0.1022
CO7,0.03359,0.10226
CO8,0.03397,0.07543
CO9,0.05173,0.10286
CO10,0.05966,0.1168
CO11,0.03218,0.08767
CO12,0.06491,0.14404
CO13,0.06739,0.14074
CO14,0.02243,0.06579
CO15,0.03472,0.09669
CO16,0.05314,0.12265
CR0,0.12369,0.25617
CR2,0.07232,0.12643
CR3,0.03207,0.07248
CR4,0.25629,0.47901
CR5,0.0512,0.09795
CR6,0.02314,0.0541
CR7,0.20597,0.4188
CR8,0.08635,0.13634
CT1,0.10301,0.21083
CT2,0.10937,0.201
CT3,0.06879,0.14449
CT4,0.03823,0.06906
CT5,0.09135,0.17313
CT6,0.06829,0.12703
CT7,0.04765,0.12996
CT8,0.03011,0.06449
CT9,0.03324,0.07446
CT10,0.02774,0.06104
CT11,0.0227,0.04947
CT12,0.07474,0.17123
CT13,0.06096,0.15562
CT14,0.04699,0.09773
CT15,0.0228,0.0471
CT16,0.03725,0.0835
CT17,0.02388,0.04726
CT18,0.03284,0.06336
CT19,0.06681,0.12943
CT20,0.02857,0.05831
CT21,0.04236,0.10187
CV1,0.16716,0.32752
CV2,0.10077,0.20327
CV3,0.08797,0.18049
CV4,0.09032,0.17936
CV5,0.07421,0.16095
CV6,0.11299,0.24274
CV7,0.05557,0.11854
CV8,0.06068,0.11046
CV9,0.07139,0.1498
CV10,0.07982,0.16387
CV11,0.11282,0.22948
CV12,0.09526,0.18893
CV13,0.08669,0.18021
CV21,0.1603,0.27607
CV22,0.0792,0.16181
CV23,0.11071,0.19866
CV31,0.12323,0.22788
CV32,0.06126,0.1221
CV33,0.09396,0.16421
CV34,0.10523,0.20853
CV35,0.10532,0.18807
CV36,0.09619,0.17551
CV37,0.11526,0.21241
CV47,0.15417,0.25443
CW1,0.16274,0.28044
CW2,0.08808,0.17109
CW3,0.07381,0.13716
CW4,0.07944,0.15137
CW5,0.09799,0.17206
CW6,0.07237,0.12914
CW7,0.12173,0.21638
CW8,0.07273,0.14014
CW9,0.13846,0.24134
CW10,0.11759,0.21254
CW11,0.09803,0.16993
CW12,0.07869,0.14716
DA1,0.12388,0.2736
DA2,0.07157,0.13973
DA3,0.03984,0.08402
DA4,0.02631,0.0603
DA5,0.09211,0.17724
DA6,0.1047,0.20581
DA7,0.11438,0.24092
DA8,0.11088,0.26795
DA9,0.09434,0.18117
DA10,0.10097,0.20373
DA11,0.10607,0.22521
DA12,0.05308,0.13476
DA13,0.02894,0.06796
DA14,0.08147,0.17371
DA15,0.1369,0.28227
DA16,0.15759,0.30036
DA17,0.1165,0.26391
DA18,0.13467,0.34504
DD1,0.0,0.0
DD2,0.0,0.0
DD3,0.0,0.0
DD4,0.0,0.0
DD5,0.0,0.0
DD6,0.0,0.0
DD7,0.0,0.0
DD8,0.0,0.0
DD9,0.0,0.0
DD10,0.0,0.0
DD11,0.0,0.0
DE1,0.24127,0.47652
DE3,0.08092,0.22761
DE4,0.03612,0.07187
DE5,0.10129,0.18894
DE6,0.05695,0.11179
DE7,0.0958,0.18731
DE11,0.07462,0.14989
DE12,0.06948,0.13303
DE13,0.09491,0.19705
DE14,0.17445,0.41283
DE15,0.04499,0.11377
DE21,0.10818,0.24721
DE22,0.12621,0.20553
DE23,0.12218,0.33568
DE24,0.27224,0.51612
DE45,0.03119,0.06467
DE55,0.0737,0.14637
DE56,0.05633,0.11111
DE65,0.0863,0.19542
DE72,0.09251,0.20893
DE73,0.06515,0.13903
DE74,0.08525,0.20269
DE75,0.09566,0.19439
DG1,0.0,0.0
DG2,0.0,0.0
DG3,0.0,0.0
DG4,0.0,0.0
DG5,0.0,0.0
DG6,0.0,0.0
DG7,0.0,0.0
DG8,0.0,0.0
DG9,0.0,0.0
DG10,0.0,0.0
DG11,0.0,0.0
DG12,7e-05,0.00014
DG13,0.0,0.0
DG14,0.00074,0.00211
DG16,0.02094,0.03559
DH1,0.08767,0.16269
DH2,0.08652,0.16513
DH3,0.10488,0.20438
DH4,0.11101,0.20265
DH5,0.09153,0.17818
DH6,0.08637,0.15409
DH7,0.06213,0.13565
DH8,0.06687,0.14036
DH9,0.08725,0.17241
DL1,0.1394,0.243
DL2,0.09887,0.17918
DL3,0.12079,0.22107
DL4,0.08415,0.15977
DL5,0.13329,0.24465
DL6,0.09621,0.19185
DL7,0.1183,0.20356
DL8,0.09457,0.20253
DL9,0.09526,0.20495
DL10,0.08644,0.17154
DL11,0.08291,0.18354
DL12,0.08725,0.17593
DL13,0.07566,0.15049
DL14,0.08745,0.16185
DL15,0.07992,0.16331
DL16,0.09239,0.17906
DL17,0.08945,0.16244
DN1,0.19178,0.39172
DN2,0.12713,0.33828
DN3,0.10772,0.24418
DN4,0.1224,0.29469
DN5,0.08116,0.1708
DN6,0.10489,0.22706
DN7,0.18352,0.36709
DN8,0.22117,0.43906
DN9,0.12401,0.28185
DN10,0.1241,0.25399
DN11,0.07546,0.15737
DN12,0.05141,0.11938
DN14,0.10957,0.27177
DN15,0.04697,0.11167
DN16,0.1137,0.22505
DN17,0.07341,0.19426
DN18,0.02455,0.0601
DN19,0.05454,0.12637
DN20,0.05249,0.1203
DN21,0.09837,0.1857
DN22,0.09984,0.20229
DN31,0.09464,0.17151
DN32,0.26827,0.50521
DN33,0.19957,0.35073
DN34,0.22165,0.38987
DN35,0.09951,0.18633
DN36,0.07888,0.18422
DN37,0.06475,0.12159
DN38,0.03886,0.07187
DN39,0.04738,0.08832
DN40,0.11563,0.20719
DN41,0.08923,0.1671
DT1,0.08158,0.16509
DT2,0.03384,0.06867
DT3,0.04264,0.0791
DT4,0.04831,0.0823
DT5,0.01502,0.02959
DT6,0.04269,0.07607
DT7,0.01691,0.03545
DT8,0.05169,0.0883
DT9,0.06618,0.12494
DT10,0.10104,0.17961
DT11,0.02371,0.05607
DY1,0.12318,0.26764
DY2,0.1473,0.29857
DY3,0.0557,0.12718
DY4,0.19259,0.38225
DY5,0.12898,0.26848
DY6,0.07415,0.16937
DY7,0.03781,0.08136
DY8,0.06165,0.14549
DY9,0.04867,0.10069
DY10,0.0447,0.09894
DY11,0.05665,0.12496
DY12,0.03652,0.07314
DY13,0.04641,0.10811
DY14,0.04412,0.0995
E1,0.24292,0.51883
E1W,0.1545,0.34333
E2,0.29363,0.51799
E3,0.18873,0.39653
E4,0.17832,0.3402
E5,0.3875,0.57592
E6,0.17668,0.45797
E7,0.15152,0.46949
E8,0.52033,0.72075
E9,0.42978,0.59241
E10,0.19663,0.44254
E11,0.13012,0.32071
E12,0.11901,0.39748
E13,0.21437,0.547
E14,0.14811,0.32002
E15,0.20394,0.45138
E16,0.14265,0.35788
E17,0.18859,0.3834
E18,0.19321,0.39205
E20,0.19203,0.35794
EC1A,0.01579,0.41866
EC1M,0.24088,0.49146
EC1N,0.2085,0.42969
EC1R,0.19299,0.36133
EC1V,0.26438,0.48984
EC1Y,0.14263,0.36482
EC2A,0.4248,0.67253
EC2M,0.09045,0.52702
EC2N,0.0,0.57972
EC2R,0.01024,0.6336
EC2V,0.0,0.38572
EC2Y,0.05087,0.62992
EC3A,0.0,0.54743
EC3M,0.0,0.29126
EC3N,0.07303,0.28004
EC3R,0.07945,0.42905
EC3V,0.0,0.34504
EC4A,0.19656,0.44278
EC4M,0.03465,0.30701
EC4N,0.02463,0.45662
EC4R,0.27051,0.44006
EC4V,0.26267,0.41364
EC4Y,0.3938,0.54147
EH1,0.0,0.0
EH2,0.0,0.0
EH3,0.0,0.0
EH4,0.0,0.0
EH5,0.0,0.0
EH6,0.0,0.0
EH7,0.0,0.0
EH8,0.0,0.0
EH9,0.0,0.0
EH10,0.0,0.0
EH11,0.0,0.0
EH12,0.0,0.0
EH13,0.0,0.0
EH14,0.0,0.0
EH15,0.0,0.0
EH16,0.0,0.0
EH17,0.0,0.0
EH18,0.0,0.0
EH19,0.0,0.0
EH20,0.0,0.0
EH21,0.0,0.0
EH22,0.0,0.0
EH23,0.0,0.0
EH24,0.0,0.0
EH25,0.0,0.0
EH26,0.0,0.0
EH27,0.0,0.0
EH28,0.0,0.0
EH29,0.0,0.0
EH30,0.0,0.0
EH31,0.0,0.0
EH32,0.0,0.0
EH33,0.0,0.0
EH34,0.0,0.0
EH35,0.0,0.0
EH36,0.0,0.0
EH37,0.0,0.0
EH38,0.0,0.0
EH39,0.0,0.0
EH40,0.0,0.0
EH41,0.0,0.0
EH42,0.0,0.0
EH43,0.0,0.0
EH44,0.0,0.0
EH45,0.0,0.0
EH46,0.0,0.0
EH47,0.0,0.0
EH48,0.0,0.0
EH49,0.0,0.0
EH51,0.0,0.0
EH52,0.0,0.0
EH53,0.0,0.0
EH54,0.0,0.0
EH55,0.0,0.0
EN1,0.15731,0.34264
EN2,0.12455,0.23957
EN3,0.15121,0.42552
EN4,0.12637,0.27067
EN5,0.16035,0.30572
EN6,0.10969,0.20226
EN7,0.09071,0.18733
EN8,0.16235,0.3719
EN9,0.14164,0.27446
EN10,0.09798,0.21936
EN11,0.12914,0.27788
EX1,0.08075,0.14757
EX2,0.07115,0.15388
EX3,0.05402,0.11603
EX4,0.06246,0.10672
EX5,0.06377,0.11128
EX6,0.03862,0.06586
EX7,0.01606,0.03199
EX8,0.04593,0.08821
EX9,0.01749,0.04058
EX10,0.02862,0.0594
EX11,0.03618,0.07167
EX12,0.02633,0.05242
EX13,0.05436,0.10365
EX14,0.04043,0.08507
EX15,0.05077,0.09618
EX16,0.04738,0.08314
EX17,0.04233,0.07521
EX18,0.03919,0.06668
EX19,0.04678,0.08707
EX20,0.04838,0.09969
EX21,0.04985,0.118
EX22,0.05906,0.13007
EX23,0.04437,0.09613
EX24,0.04584,0.08897
EX31,0.03531,0.07119
EX32,0.03441,0.06371
EX33,0.02249,0.05772
EX34,0.0161,0.033
EX35,0.01778,0.03538
EX36,0.04066,0.08359
EX37,0.03896,0.06868
EX38,0.04078,0.08258
EX39,0.03438,0.07791
FK1,0.0,0.0
FK2,0.0,0.0
FK3,0.0,0.0
FK4,0.0,0.0
FK5,0.0,0.0
FK6,0.0,0.0
FK7,0.0,0.0
FK8,0.0,0.0
FK9,0.0,0.0
FK10,0.0,0.0
FK11,0.0,0.0
FK12,0.0,0.0
FK13,0.0,0.0
FK14,0.0,0.0
FK15,0.0,0.0
FK16,0.0,0.0
FK17,0.0,0.0
FK18,0.0,0.0
FK19,0.0,0.0
FK20,0.0,0.0
FK21,0.0,0.0
FY1,0.07121,0.13506
FY2,0.09482,0.15946
FY3,0.1697,0.26529
FY4,0.1399,0.25291
FY5,0.09991,0.20915
FY6,0.10372,0.16433
FY7,0.03324,0.07206
FY8,0.05805,0.12116
G1,0.0,0.0
G2,0.0,0.0
G3,0.0,0.0
G4,0.0,0.0
G5,0.0,0.0
G11,0.0,0.0
G12,0.0,0.0
G13,0.0,0.0
G14,0.0,0.0
G15,0.0,0.0
G20,0.0,0.0
G21,0.0,0.0
G22,0.0,0.0
G23,0.0,0.0
G31,0.0,0.0
G32,0.0,0.0
G33,0.0,0.0
G34,0.0,0.0
G40,0.0,0.0
G41,0.0,0.0
G42,0.0,0.0
G43,0.0,0.0
G44,0.0,0.0
G45,0.0,0.0
G46,0.0,0.0
G51,0.0,0.0
G52,0.0,0.0
G53,0.0,0.0
G60,0.0,0.0
G61,0.0,0.0
G62,0.0,0.0
G63,0.0,0.0
G64,0.0,0.0
G65,0.0,0.0
G66,0.0,0.0
G67,0.0,0.0
G68,0.0,0.0
G69,0.0,0.0
G71,0.0,0.0
G72,0.0,0.0
G73,0.0,0.0
G74,0.0,0.0
G75,0.0,0.0
G76,0.0,0.0
G77,0.0,0.0
G78,0.0,0.0
G81,0.0,0.0
G82,0.0,0.0
G83,0.0,0.0
G84,0.0,0.0
GL1,0.2523,0.47704
GL2,0.12818,0.24575
GL3,0.11619,0.22378
GL4,0.0699,0.14286
GL5,0.0465,0.09022
GL6,0.0175,0.03513
GL7,0.03637,0.07733
GL8,0.02443,0.04736
GL9,0.03163,0.06311
GL10,0.09267,0.17328
GL11,0.05201,0.10333
GL12,0.06209,0.12022
GL13,0.11881,0.21846
GL14,0.06648,0.135
GL15,0.03108,0.06531
GL16,0.04374,0.08654
GL17,0.02722,0.06016
GL18,0.05421,0.1069
GL19,0.10335,0.1952
GL20,0.11214,0.2235
GL50,0.16012,0.30771
GL51,0.15504,0.28838
GL52,0.08112,0.18732
GL53,0.03108,0.06324
GL54,0.02986,0.0575
GL55,0.07498,0.14708
GL56,0.07398,0.13814
GU1,0.08409,0.18721
GU2,0.10258,0.1831
GU3,0.06905,0.13066
GU4,0.06582,0.12326
GU5,0.03646,0.06586
GU6,0.12443,0.19974
GU7,0.0507,0.10458
GU8,0.06851,0.11058
GU9,0.07417,0.14614
GU10,0.05202,0.08895
GU11,0.08932,0.18526
GU12,0.09029,0.18349
GU14,0.1265,0.26585
GU15,0.07181,0.14643
GU16,0.05851,0.13684
GU17,0.05092,0.11683
GU18,0.09439,0.15998
GU19,0.08089,0.13886
GU20,0.08263,0.14678
GU21,0.13104,0.25915
GU22,0.08587,0.18703
GU23,0.07756,0.15964
GU24,0.09012,0.16155
GU25,0.056,0.10983
GU26,0.02902,0.04423
GU27,0.05789,0.09616
GU28,0.06465,0.0959
GU29,0.04616,0.07213
GU30,0.04494,0.07563
GU31,0.04087,0.06585
GU32,0.02039,0.03637
GU33,0.05579,0.09763
GU34,0.02858,0.05352
GU35,0.0656,0.11487
GU46,0.06024,0.1581
GU47,0.09278,0.22151
GU51,0.10264,0.19641
GU52,0.08108,0.16482
HA0,0.24484,0.42463
HA1,0.19766,0.35301
HA2,0.25478,0.42144
HA3,0.2391,0.39967
HA4,0.24217,0.39593
HA5,0.19669,0.32642
HA6,0.15926,0.27585
HA7,0.17621,0.3052
HA8,0.21429,0.35917
HA9,0.20965,0.3651
HD1,0.11792,0.25603
HD2,0.06591,0.15218
HD3,0.05361,0.12151
HD4,0.02796,0.06331
HD5,0.04704,0.10572
HD6,0.07466,0.15194
HD7,0.08626,0.17377
HD8,0.03625,0.07675
HD9,0.07071,0.15062
HG1,0.11941,0.24343
HG2,0.10664,0.25182
HG3,0.0732,0.19286
HG4,0.08264,0.18788
HG5,0.10463,0.18703
HP1,0.04657,0.09965
HP2,0.06287,0.13261
HP3,0.03831,0.09038
HP4,0.032,0.06909
HP5,0.04734,0.09152
HP6,0.03025,0.07811
HP7,0.0367,0.07311
HP8,0.02713,0.06258
HP9,0.06936,0.12596
HP10,0.03353,0.07682
HP11,0.24494,0.32992
HP12,0.12883,0.1923
HP13,0.12266,0.16621
HP14,0.0274,0.05177
HP15,0.03506,0.07251
HP16,0.03125,0.0622
HP17,0.0926,0.20538
HP18,0.13979,0.25501
HP19,0.29949,0.50211
HP20,0.24504,0.47307
HP21,0.14903,0.34339
HP22,0.0858,0.22843
HP23,0.05664,0.12772
HP27,0.03273,0.09201
HR1,0.05576,0.13389
HR2,0.04303,0.09398
HR3,0.0379,0.08455
HR4,0.08038,0.18509
HR5,0.03823,0.07765
HR6,0.06729,0.13702
HR7,0.0382,0.08138
HR8,0.04741,0.11002
HR9,0.02847,0.06353
HS1,0.0,0.0
HS2,0.0,0.0
HS3,0.0,0.0
HS4,0.0,0.0
HS5,0.0,0.0
HS6,0.0,0.0
HS7,0.0,0.0
HS8,0.0,0.0
HS9,0.0,0.0
HU1,0.11079,0.19769
HU2,0.21718,0.46126
HU3,0.1207,0.2795
HU4,0.09131,0.27765
HU5,0.10987,0.37955
HU6,0.07883,0.27979
HU7,0.12286,0.2823
HU8,0.12163,0.33845
HU9,0.10085,0.24505
HU10,0.08643,0.18234
HU11,0.11819,0.19843
HU12,0.06286,0.14083
HU13,0.06941,0.14449
HU14,0.03258,0.06456
HU15,0.06445,0.16165
HU16,0.06215,0.13857
HU17,0.07394,0.157
HU18,0.05539,0.09357
HU19,0.06755,0.11783
HU20,0.00665,0.01886
HX1,0.11929,0.28091
HX2,0.05973,0.14753
HX3,0.03749,0.09258
HX4,0.04934,0.07664
HX5,0.09148,0.19886
HX6,0.06995,0.15659
HX7,0.08126,0.25558
IG1,0.16189,0.40257
IG2,0.11224,0.26846
IG3,0.12717,0.36599
IG4,0.10691,0.23147
IG5,0.17858,0.4071
IG6,0.22631,0.43155
IG7,0.13184,0.25102
IG8,0.18726,0.34327
IG9,0.14241,0.30835
IG10,0.16059,0.28457
IG11,0.49136,0.64472
IP1,0.18996,0.30577
IP2,0.22525,0.33031
IP3,0.17711,0.32618
IP4,0.1605,0.29804
IP5,0.10932,0.23281
IP6,0.08263,0.14164
IP7,0.06224,0.11619
IP8,0.08798,0.14936
IP9,0.03947,0.07647
IP10,0.04425,0.09408
IP11,0.09701,0.1717
IP12,0.03935,0.09879
IP13,0.08271,0.14146
IP14,0.08858,0.15726
IP15,0.12293,0.16107
IP16,0.06124,0.12165
IP17,0.07048,0.1228
IP18,0.04439,0.10291
IP19,0.09378,0.15523
IP20,0.1129,0.18497
IP21,0.10627,0.17432
IP22,0.08618,0.1556
IP23,0.09443,0.16492
IP24,0.04283,0.0951
IP25,0.06979,0.12528
IP26,0.10109,0.19031
IP27,0.18525,0.28966
IP28,0.12396,0.2143
IP29,0.07804,0.13935
IP30,0.07751,0.13775
IP31,0.06634,0.12375
IP32,0.18895,0.28752
IP33,0.23175,0.30151
IV1,0.0,0.0
IV2,0.0,0.0
IV3,0.0,0.0
IV4,0.0,0.0
IV5,0.0,0.0
IV6,0.0,0.0
IV7,0.0,0.0
IV8,0.0,0.0
IV9,0.0,0.0
IV10,0.0,0.0
IV11,0.0,0.0
IV12,0.0,0.0
IV13,0.0,0.0
IV14,0.0,0.0
IV15,0.0,0.0
IV16,0.0,0.0
IV17,0.0,0.0
IV18,0.0,0.0
IV19,0.0,0.0
IV20,0.0,0.0
IV21,0.0,0.0
IV22,0.0,0.0
IV23,0.0,0.0
IV24,0.0,0.0
IV25,0.0,0.0
IV26,0.0,0.0
IV27,0.0,0.0
IV28,0.0,0.0
IV30,0.0,0.0
IV31,0.0,0.0
IV32,0.0,0.0
IV36,0.0,0.0
IV40,0.0,0.0
IV41,0.0,0.0
IV42,0.0,0.0
IV43,0.0,0.0
IV44,0.0,0.0
IV45,0.0,0.0
IV46,0.0,0.0
IV47,0.0,0.0
IV48,0.0,0.0
IV49,0.0,0.0
IV51,0.0,0.0
IV52,0.0,0.0
IV53,0.0,0.0
IV54,0.0,0.0
IV55,0.0,0.0
IV56,0.0,0.0
IV63,0.0,0.0
KA1,0.0,0.0
KA2,0.0,0.0
KA3,0.0,0.0
KA4,0.0,0.0
KA5,0.0,0.0
KA6,0.0,0.0
KA7,0.0,0.0
KA8,0.0,0.0
KA9,0.0,0.0
KA10,0.0,0.0
KA11,0.0,0.0
KA12,0.0,0.0
KA13,0.0,0.0
KA14,0.0,0.0
KA15,0.0,0.0
KA16,0.0,0.0
KA17,0.0,0.0
KA18,0.0,0.0
KA19,0.0,0.0
KA20,0.0,0.0
KA21,0.0,0.0
KA22,0.0,0.0
KA23,0.0,0.0
KA24,0.0,0.0
KA25,0.0,0.0
KA26,0.0,0.0
KA27,0.0,0.0
KA28,0.0,0.0
KA29,0.0,0.0
KA30,0.0,0.0
KT1,0.10983,0.30729
KT2,0.15803,0.33812
KT3,0.17741,0.3952
KT4,0.18308,0.32946
KT5,0.12225,0.25895
KT6,0.15938,0.3645
KT7,0.11323,0.28544
KT8,0.0666,0.22715
KT9,0.11202,0.27109
KT10,0.10741,0.22571
KT11,0.1201,0.20822
KT12,0.07253,0.24177
KT13,0.08479,0.1916
KT14,0.09831,0.26191
KT15,0.08684,0.20381
KT16,0.0737,0.14945
KT17,0.08178,0.17302
KT18,0.05121,0.10508
KT19,0.15516,0.29191
KT20,0.02647,0.06045
KT21,0.12971,0.26397
KT22,0.09934,0.17876
KT23,0.06997,0.12823
KT24,0.06264,0.11752
KW1,0.0,0.0
KW2,0.0,0.0
KW3,0.0,0.0
KW5,0.0,0.0
KW6,0.0,0.0
KW7,0.0,0.0
KW8,0.0,0.0
KW9,0.0,0.0
KW10,0.0,0.0
KW11,0.0,0.0
KW12,0.0,0.0
KW13,0.0,0.0
KW14,0.0,0.0
KW15,0.0,0.0
KW16,0.0,0.0
KW17,0.0,0.0
KY1,0.0,0.0
KY2,0.0,0.0
KY3,0.0,0.0
KY4,0.0,0.0
KY5,0.0,0.0
KY6,0.0,0.0
KY7,0.0,0.0
KY8,0.0,0.0
KY9,0.0,0.0
KY10,0.0,0.0
KY11,0.0,0.0
KY12,0.0,0.0
KY13,0.0,0.0
KY14,0.0,0.0
KY15,0.0,0.0
KY16,0.0,0.0
L1,0.20039,0.47329
L2,0.21688,0.40677
L3,0.09148,0.20174
L4,0.21987,0.44393
L5,0.14221,0.28894
L6,0.17122,0.40049
L7,0.15041,0.35948
L8,0.12661,0.29981
L9,0.21166,0.40613
L10,0.33264,0.44095
L11,0.172,0.37406
L12,0.15356,0.34987
L13,0.18882,0.4056
L14,0.16705,0.3812
L15,0.16746,0.38688
L16,0.09218,0.22206
L17,0.06712,0.15995
L18,0.11411,0.29103
L19,0.07944,0.17747
L20,0.47249,0.6214
L21,0.46547,0.54553
L22,0.24688,0.28275
L23,0.28395,0.3274
L24,0.05832,0.1504
L25,0.07666,0.20839
L26,0.15039,0.34287
L27,0.1441,0.33929
L28,0.25763,0.47618
L29,0.39625,0.46355
L30,0.52786,0.60921
L31,0.35508,0.42763
L32,0.09657,0.21383
L33,0.13219,0.2582
L34,0.10696,0.20936
L35,0.1121,0.21838
L36,0.14575,0.29848
L37,0.25101,0.29432
L38,0.33278,0.37312
L39,0.13078,0.21379
L40,0.11403,0.20231
LA1,0.09853,0.19377
LA2,0.09969,0.19962
LA3,0.02522,0.05722
LA4,0.02337,0.06741
LA5,0.05199,0.09657
LA6,0.08262,0.15437
LA7,0.06754,0.12295
LA8,0.07889,0.13878
LA9,0.12539,0.19875
LA10,0.08873,0.18027
LA11,0.05779,0.11551
LA12,0.07035,0.12379
LA13,0.02775,0.05872
LA14,0.04141,0.08409
LA15,0.07235,0.12898
LA16,0.05532,0.10344
LA17,0.09174,0.16745
LA18,0.07997,0.14022
LA19,0.06137,0.11762
LA20,0.12285,0.24459
LA21,0.12511,0.20391
LA22,0.11588,0.19355
LA23,0.07917,0.13506
LD1,0.0,0.0
LD2,0.0,0.0
LD3,0.0,0.0
LD4,0.0,0.0
LD5,0.0,0.0
LD6,0.0,0.0
LD7,0.01002,0.01864
LD8,0.00818,0.01689
LE1,0.1919,0.42841
LE2,0.10765,0.24129
LE3,0.11344,0.25494
LE4,0.13894,0.33655
LE5,0.13074,0.30858
LE6,0.08844,0.18062
LE7,0.06944,0.14792
LE8,0.08533,0.1817
LE9,0.07798,0.16967
LE10,0.07626,0.16304
LE11,0.13626,0.31984
LE12,0.08094,0.188
LE13,0.0912,0.21325
LE14,0.08492,0.17975
LE15,0.05984,0.12541
LE16,0.11651,0.21649
LE17,0.09206,0.17295
LE18,0.11676,0.24958
LE19,0.1063,0.2341
LE65,0.06229,0.11937
LE67,0.07254,0.15486
LL11,0.0,0.0
LL12,0.00357,0.00645
LL13,0.00094,0.00182
LL14,0.00178,0.00331
LL15,0.0,0.0
LL16,0.0,0.0
LL17,0.0,0.0
LL18,0.0,0.0
LL19,0.0,0.0
LL20,0.0,0.0
LL21,0.0,0.0
LL22,0.0,0.0
LL23,0.0,0.0
LL24,0.0,0.0
LL25,0.0,0.0
LL26,0.0,0.0
LL27,0.0,0.0
LL28,0.0,0.0
LL29,0.0,0.0
LL30,0.0,0.0
LL31,0.0,0.0
LL32,0.0,0.0
LL33,0.0,0.0
LL34,0.0,0.0
LL35,0.0,0.0
LL36,0.0,0.0
LL37,0.0,0.0
LL38,0.0,0.0
LL39,0.0,0.0
LL40,0.0,0.0
LL41,0.0,0.0
LL42,0.0,0.0
LL43,0.0,0.0
LL44,0.0,0.0
LL45,0.0,0.0
LL46,0.0,0.0
LL47,0.0,0.0
LL48,0.0,0.0
LL49,0.0,0.0
LL51,0.0,0.0
LL52,0.0,0.0
LL53,0.0,0.0
LL54,0.0,0.0
LL55,0.0,0.0
LL56,0.0,0.0
LL57,0.0,0.0
LL58,0.0,0.0
LL59,0.0,0.0
LL60,0.0,0.0
LL61,0.0,0.0
LL62,0.0,0.0
LL63,0.0,0.0
LL64,0.0,0.0
LL65,0.0,0.0
LL66,0.0,0.0
LL67,0.0,0.0
LL68,0.0,0.0
LL69,0.0,0.0
LL70,0.0,0.0
LL71,0.0,0.0
LL72,0.0,0.0
LL73,0.0,0.0
LL74,0.0,0.0
LL75,0.0,0.0
LL76,0.0,0.0
LL77,0.0,0.0
LL78,0.0,0.0
LN1,0.16717,0.29851
LN2,0.07611,0.14083
LN3,0.1743,0.29146
LN4,0.11134,0.2215
LN5,0.1756,0.29776
LN6,0.15706,0.30351
LN7,0.05753,0.10469
LN8,0.08614,0.14827
LN9,0.06208,0.10219
LN10,0.15148,0.26191
LN11,0.06951,0.14972
LN12,0.04998,0.17384
LN13,0.12923,0.22794
LS1,0.16803,0.44429
LS2,0.14994,0.30096
LS3,0.17694,0.41182
LS4,0.16982,0.31012
LS5,0.11278,0.23995
LS6,0.11198,0.25094
LS7,0.11831,0.24924
LS8,0.09687,0.19849
LS9,0.17183,0.31938
LS10,0.13893,0.28638
LS11,0.18353,0.34774
LS12,0.11865,0.23905
LS13,0.10646,0.25212
LS14,0.07043,0.14054
LS15,0.07744,0.15327
LS16,0.06227,0.1558
LS17,0.07889,0.15638
LS18,0.07718,0.19246
LS19,0.06769,0.1741
LS20,0.08616,0.19234
LS21,0.07562,0.19305
LS22,0.08069,0.14577
LS23,0.04879,0.10188
LS24,0.08067,0.16246
LS25,0.07468,0.15488
LS26,0.07763,0.17543
LS27,0.08799,0.184
LS28,0.06348,0.15995
LS29,0.09382,0.2291
LU1,0.07229,0.13157
LU2,0.05362,0.10038
LU3,0.12022,0.18638
LU4,0.16635,0.27247
LU5,0.09415,0.18463
LU6,0.04507,0.09805
LU7,0.08912,0.21652
M1,0.19756,0.46007
M2,0.19676,0.45559
M3,0.17646,0.39347
M4,0.20595,0.43468
M5,0.19961,0.41637
M6,0.18286,0.38628
M7,0.16916,0.35113
M8,0.16992,0.32794
M9,0.14801,0.27567
M11,0.20888,0.42472
M12,0.23675,0.48075
M13,0.28025,0.57904
M14,0.26633,0.56567
M15,0.21254,0.52691
M16,0.21228,0.56832
M17,0.26174,0.53525
M18,0.20266,0.38499
M19,0.20585,0.43259
M20,0.18377,0.44718
M21,0.11732,0.37088
M22,0.17576,0.38668
M23,0.13741,0.37507
M24,0.10189,0.2022
M25,0.0766,0.17195
M26,0.14457,0.25155
M27,0.15658,0.3098
M28,0.1771,0.30531
M29,0.18833,0.32258
M30,0.23827,0.4156
M31,0.15064,0.32261
M32,0.13947,0.43653
M33,0.12258,0.36279
M34,0.14896,0.29468
M35,0.15533,0.29545
M38,0.18564,0.32633
M40,0.17765,0.34046
M41,0.11921,0.31621
M43,0.16713,0.30661
M44,0.21551,0.38129
M45,0.08056,0.18001
M46,0.11065,0.27015
M50,0.22435,0.45967
M90,0.19001,0.36596
ME1,0.05181,0.12494
ME2,0.05248,0.12035
ME3,0.08071,0.1809
ME4,0.09148,0.21595
ME5,0.05077,0.11478
ME6,0.0774,0.18537
ME7,0.06027,0.13943
ME8,0.07006,0.1598
ME9,0.0625,0.11919
ME10,0.11751,0.29821
ME11,0.1113,0.24609
ME12,0.10905,0.22206
ME13,0.07209,0.13029
ME14,0.04085,0.08201
ME15,0.04537,0.10564
ME16,0.06472,0.14509
ME17,0.05536,0.09778
ME18,0.0627,0.11871
ME19,0.04346,0.09728
ME20,0.08271,0.19391
MK1,0.22852,0.41139
MK2,0.15574,0.30453
MK3,0.13318,0.24987
MK4,0.12507,0.22807
MK5,0.15766,0.26549
MK6,0.18763,0.33491
MK7,0.18865,0.33953
MK8,0.14774,0.24607
MK9,0.17568,0.31055
MK10,0.22102,0.39131
MK11,0.15104,0.28674
MK12,0.16815,0.32209
MK13,0.15526,0.27417
MK14,0.1804,0.32738
MK15,0.2258,0.43264
MK16,0.09547,0.18822
MK17,0.07855,0.16446
MK18,0.10881,0.19964
MK19,0.10002,0.17456
MK40,0.1239,0.30053
MK41,0.12895,0.25359
MK42,0.18817,0.38167
MK43,0.09743,0.19008
MK44,0.1022,0.19843
MK45,0.10245,0.20874
MK46,0.06924,0.13248
ML1,0.0,0.0
ML2,0.0,0.0
ML3,0.0,0.0
ML4,0.0,0.0
ML5,0.0,0.0
ML6,0.0,0.0
ML7,0.0,0.0
ML8,0.0,0.0
ML9,0.0,0.0
ML10,0.0,0.0
ML11,0.0,0.0
ML12,0.0,0.0
N1,0.30822,0.52144
N1C,0.34802,0.69323
N2,0.18624,0.31823
N3,0.16379,0.35023
N4,0.32148,0.57244
N5,0.21926,0.3886
N6,0.14392,0.27718
N7,0.35273,0.56819
N8,0.28604,0.51023
N9,0.15964,0.42702
N10,0.17733,0.37012
N11,0.23064,0.38885
N12,0.16993,0.3537
N13,0.22049,0.38035
N14,0.13394,0.26082
N15,0.40573,0.60947
N16,0.46997,0.66714
N17,0.35678,0.54149
N18,0.19817,0.43956
N19,0.27232,0.44677
N20,0.14208,0.30537
N21,0.1429,0.26883
N22,0.29466,0.52202
NE1,0.17061,0.40298
NE2,0.14508,0.27205
NE3,0.14802,0.28083
NE4,0.11466,0.26071
NE5,0.11548,0.22804
NE6,0.1272,0.28576
NE7,0.13049,0.28997
NE8,0.10904,0.26999
NE9,0.04729,0.13967
NE10,0.11382,0.2465
NE11,0.11935,0.25879
NE12,0.19249,0.3441
NE13,0.14208,0.24015
NE15,0.0908,0.18454
NE16,0.07825,0.16156
NE17,0.07047,0.14238
NE18,0.10651,0.18638
NE19,0.07621,0.18301
NE20,0.08969,0.16241
NE21,0.07811,0.18212
NE22,0.10753,0.19447
NE23,0.1373,0.24903
NE24,0.0867,0.16511
NE25,0.1686,0.28786
NE26,0.05783,0.10439
NE27,0.17237,0.28789
NE28,0.16065,0.3046
NE29,0.12914,0.31555
NE30,0.06767,0.135
NE31,0.1098,0.31151
NE32,0.11922,0.30325
NE33,0.06219,0.16608
NE34,0.10083,0.25424
NE35,0.13399,0.34987
NE36,0.13551,0.22495
NE37,0.10676,0.22502
NE38,0.12845,0.26331
NE39,0.08538,0.15598
NE40,0.04584,0.09958
NE41,0.0815,0.14494
NE42,0.08283,0.17903
NE43,0.06146,0.12008
NE44,0.07064,0.13222
NE45,0.07429,0.14936
NE46,0.06675,0.12766
NE47,0.08597,0.15622
NE48,0.08253,0.19845
NE49,0.10133,0.17712
NE61,0.08555,0.15368
NE62,0.09843,0.17259
NE63,0.11988,0.21949
NE64,0.02582,0.04869
NE65,0.05939,0.12269
NE66,0.06183,0.1202
NE67,0.08818,0.15983
NE68,0.03307,0.06119
NE69,0.03979,0.07561
NE70,0.10008,0.20135
NE71,0.06092,0.14346
NG1,0.14692,0.40639
NG2,0.13068,0.38239
NG3,0.06403,0.17206
NG4,0.09091,0.22684
NG5,0.05622,0.14515
NG6,0.07573,0.19999
NG7,0.12635,0.36772
NG8,0.07981,0.279
NG9,0.09378,0.24831
NG10,0.11537,0.31242
NG11,0.12875,0.27634
NG12,0.10279,0.22455
NG13,0.16055,0.29547
NG14,0.06845,0.15751
NG15,0.05057,0.11768
NG16,0.08024,0.16672
NG17,0.06801,0.14597
NG18,0.05479,0.13132
NG19,0.04168,0.09248
NG20,0.03226,0.07238
NG21,0.03232,0.0699
NG22,0.06323,0.12835
NG23,0.1297,0.25375
NG24,0.14175,0.28792
NG25,0.06922,0.15376
NG31,0.06503,0.14221
NG32,0.09917,0.18146
NG33,0.05117,0.09892
NG34,0.12488,0.22931
NG90,0.12751,0.46504
NN1,0.18359,0.33114
NN2,0.07053,0.1462
NN3,0.07262,0.1563
NN4,0.17045,0.30712
NN5,0.13832,0.25836
NN6,0.0788,0.14175
NN7,0.08898,0.1564
NN8,0.12948,0.22032
NN9,0.06798,0.13502
NN10,0.08627,0.17327
NN11,0.1049,0.17552
NN12,0.08692,0.14838
NN13,0.05892,0.10317
NN14,0.07159,0.13502
NN15,0.09682,0.17584
NN16,0.1147,0.19312
NN17,0.09174,0.18353
NN18,0.13191,0.24733
NN29,0.05324,0.10897
NP4,0.0,0.0
NP7,0.00083,0.00159
NP8,0.0,0.0
NP10,0.0,0.0
NP11,0.0,0.0
NP12,0.0,0.0
NP13,0.0,0.0
NP15,0.0,0.0
NP16,0.00841,0.01724
NP18,0.0,0.0
NP19,0.0,0.0
NP20,0.0,0.0
NP22,0.0,0.0
NP23,0.0,0.0
NP24,0.0,0.0
NP25,0.00252,0.00489
NP26,0.00013,0.00032
NP44,0.0,0.0
NR1,0.12036,0.24477
NR2,0.14442,0.28846
NR3,0.11895,0.26205
NR4,0.07674,0.15673
NR5,0.08235,0.16971
NR6,0.09396,0.19989
NR7,0.07888,0.20912
NR8,0.04937,0.12114
NR9,0.07309,0.13002
NR10,0.04601,0.08958
NR11,0.03171,0.05981
NR12,0.09267,0.16783
NR13,0.08552,0.16892
NR14,0.08244,0.14622
NR15,0.09986,0.16271
NR16,0.08407,0.15205
NR17,0.09087,0.15741
NR18,0.09698,0.16185
NR19,0.08895,0.15678
NR20,0.07493,0.12994
NR21,0.04317,0.08199
NR22,0.01775,0.04169
NR23,0.022,0.07228
NR24,0.03511,0.06397
NR25,0.02066,0.05645
NR26,0.01778,0.0466
NR27,0.01593,0.03814
NR28,0.04595,0.09009
NR29,0.06084,0.14077
NR30,0.06528,0.14855
NR31,0.06988,0.16297
NR32,0.0483,0.10506
NR33,0.0572,0.11703
NR34,0.11721,0.19502
NR35,0.11808,0.19571
NW1,0.24997,0.47172
NW2,0.26364,0.42508
NW3,0.14512,0.31787
NW4,0.21964,0.3772
NW5,0.2754,0.50629
NW6,0.27808,0.53905
NW7,0.17896,0.32555
NW8,0.13022,0.47405
NW9,0.23823,0.3815
NW10,0.29164,0.48551
NW11,0.2836,0.44477
OL1,0.08992,0.20023
OL2,0.09348,0.18032
OL3,0.10401,0.20165
OL4,0.06163,0.13984
OL5,0.05987,0.13651
OL6,0.12484,0.24621
OL7,0.18241,0.33661
OL8,0.14843,0.29429
OL9,0.16393,0.34671
OL10,0.106,0.197
OL11,0.08223,0.1684
OL12,0.10888,0.17965
OL13,0.06993,0.13171
OL14,0.09743,0.19763
OL15,0.1357,0.20928
OL16,0.11003,0.18854
OX1,0.09054,0.16776
OX2,0.08306,0.1701
OX3,0.11416,0.21437
OX4,0.1839,0.31265
OX5,0.11145,0.20244
OX7,0.0378,0.06635
OX9,0.13558,0.22495
OX10,0.04572,0.10702
OX11,0.05697,0.11636
OX12,0.05985,0.10326
OX13,0.07794,0.14834
OX14,0.07923,0.17173
OX15,0.04492,0.08086
OX16,0.14964,0.26178
OX17,0.08795,0.14782
OX18,0.05899,0.1173
OX20,0.02239,0.04253
OX25,0.11676,0.18899
OX26,0.15228,0.24977
OX27,0.09005,0.14403
OX28,0.09037,0.18729
OX29,0.06663,0.1284
OX33,0.10523,0.18981
OX39,0.04527,0.09032
OX44,0.0781,0.13521
OX49,0.02184,0.04708
PA1,0.0,0.0
PA2,0.0,0.0
PA3,0.0,0.0
PA4,0.0,0.0
PA5,0.0,0.0
PA6,0.0,0.0
PA7,0.0,0.0
PA8,0.0,0.0
PA9,0.0,0.0
PA10,0.0,0.0
PA11,0.0,0.0
PA12,0.0,0.0
PA13,0.0,0.0
PA14,0.0,0.0
PA15,0.0,0.0
PA16,0.0,0.0
PA17,0.0,0.0
PA18,0.0,0.0
PA19,0.0,0.0
PA20,0.0,0.0
PA21,0.0,0.0
PA22,0.0,0.0
PA23,0.0,0.0
PA24,0.0,0.0
PA25,0.0,0.0
PA26,0.0,0.0
PA27,0.0,0.0
PA28,0.0,0.0
PA29,0.0,0.0
PA30,0.0,0.0
PA31,0.0,0.0
PA32,0.0,0.0
PA33,0.0,0.0
PA34,0.0,0.0
PA35,0.0,0.0
PA36,0.0,0.0
PA37,0.0,0.0
PA38,0.0,0.0
PA41,0.0,0.0
PA42,0.0,0.0
PA43,0.0,0.0
PA44,0.0,0.0
PA45,0.0,0.0
PA46,0.0,0.0
PA47,0.0,0.0
PA48,0.0,0.0
PA49,0.0,0.0
PA60,0.0,0.0
PA61,0.0,0.0
PA62,0.0,0.0
PA63,0.0,0.0
PA64,0.0,0.0
PA65,0.0,0.0
PA66,0.0,0.0
PA67,0.0,0.0
PA68,0.0,0.0
PA69,0.0,0.0
PA70,0.0,0.0
PA71,0.0,0.0
PA72,0.0,0.0
PA73,0.0,0.0
PA74,0.0,0.0
PA75,0.0,0.0
PA76,0.0,0.0
PA77,0.0,0.0
PA78,0.0,0.0
PA80,0.0,0.0
PE1,0.16499,0.37486
PE2,0.20637,0.35316
PE3,0.13113,0.27981
PE4,0.11825,0.25482
PE5,0.06397,0.13182
PE6,0.11355,0.25689
PE7,0.20895,0.36133
PE8,0.07117,0.13995
PE9,0.05372,0.10918
PE10,0.11829,0.2341
PE11,0.11655,0.27566
PE12,0.09949,0.23579
PE13,0.13776,0.28077
PE14,0.114,0.2554
PE15,0.21831,0.37595
PE16,0.14972,0.32056
PE19,0.11866,0.22778
PE20,0.12248,0.2584
PE21,0.12386,0.30666
PE22,0.10026,0.21609
PE23,0.11421,0.19201
PE24,0.07572,0.20428
PE25,0.04828,0.15577
PE26,0.20008,0.36236
PE27,0.15669,0.30169
PE28,0.15194,0.27077
PE29,0.16341,0.2915
PE30,0.09874,0.24582
PE31,0.02941,0.07521
PE32,0.05724,0.11182
PE33,0.1121,0.20681
PE34,0.08525,0.20487
PE35,0.02914,0.07126
PE36,0.01689,0.0491
PE37,0.03014,0.06996
PE38,0.17828,0.32999
PH1,0.0,0.0
PH2,0.0,0.0
PH3,0.0,0.0
PH4,0.0,0.0
PH5,0.0,0.0
PH6,0.0,0.0
PH7,0.0,0.0
PH8,0.0,0.0
PH9,0.0,0.0
PH10,0.0,0.0
PH11,0.0,0.0
PH12,0.0,0.0
PH13,0.0,0.0
PH14,0.0,0.0
PH15,0.0,0.0
PH16,0.0,0.0
PH17,0.0,0.0
PH18,0.0,0.0
PH19,0.0,0.0
PH20,0.0,0.0
PH21,0.0,0.0
PH22,0.0,0.0
PH23,0.0,0.0
PH24,0.0,0.0
PH25,0.0,0.0
PH26,0.0,0.0
PH30,0.0,0.0
PH31,0.0,0.0
PH32,0.0,0.0
PH33,0.0,0.0
PH34,0.0,0.0
PH35,0.0,0.0
PH36,0.0,0.0
PH37,0.0,0.0
PH38,0.0,0.0
PH39,0.0,0.0
PH40,0.0,0.0
PH41,0.0,0.0
PH42,0.0,0.0
PH43,0.0,0.0
PH44,0.0,0.0
PH49,0.0,0.0
PH50,0.0,0.0
PL1,0.07082,0.14012
PL2,0.08428,0.18461
PL3,0.08386,0.19509
PL4,0.13109,0.27198
PL5,0.04406,0.10415
PL6,0.04686,0.10874
PL7,0.07266,0.14938
PL8,0.02038,0.04131
PL9,0.0228,0.05089
PL10,0.01081,0.02489
PL11,0.02695,0.05103
PL12,0.03559,0.06437
PL13,0.02446,0.04553
PL14,0.05434,0.10361
PL15,0.05733,0.13898
PL16,0.03598,0.07601
PL17,0.02693,0.06492
PL18,0.0414,0.09314
PL19,0.03651,0.09223
PL20,0.06238,0.14016
PL21,0.04067,0.0977
PL22,0.03131,0.06527
PL23,0.01501,0.03191
PL24,0.03725,0.07559
PL25,0.04544,0.11178
PL26,0.07024,0.13072
PL27,0.04128,0.09733
PL28,0.01896,0.04426
PL29,0.02204,0.0495
PL30,0.04709,0.11231
PL31,0.04772,0.11963
PL32,0.06791,0.17684
PL33,0.02753,0.07732
PL34,0.01569,0.05145
PL35,0.01773,0.05292
PO1,0.14188,0.28711
PO2,0.08914,0.20105
PO3,0.08004,0.17971
PO4,0.04416,0.10771
PO5,0.05324,0.11414
PO6,0.08255,0.16987
PO7,0.07005,0.1158
PO8,0.02828,0.05367
PO9,0.07972,0.13605
PO10,0.05456,0.10505
PO11,0.02497,0.05458
PO12,0.04585,0.09656
PO13,0.05747,0.11431
PO14,0.06421,0.11754
PO15,0.12513,0.19285
PO16,0.0809,0.14131
PO17,0.07897,0.11768
PO18,0.02444,0.04842
PO19,0.0934,0.19106
PO20,0.04373,0.10137
PO21,0.04401,0.12154
PO22,0.06363,0.14163
PO30,0.04977,0.08068
PO31,0.04085,0.06462
PO32,0.02665,0.04399
PO33,0.06314,0.10001
PO34,0.02075,0.02976
PO35,0.02904,0.05083
PO36,0.05265,0.08558
PO37,0.01818,0.02991
PO38,0.02159,0.03787
PO39,0.00339,0.00662
PO40,0.01852,0.03437
PO41,0.03514,0.05716
PR1,0.20094,0.3409
PR2,0.15437,0.25329
PR3,0.13657,0.20991
PR4,0.17645,0.27528
PR5,0.133,0.21594
PR6,0.08555,0.1517
PR7,0.1187,0.19761
PR8,0.24337,0.29856
PR9,0.28159,0.38773
PR25,0.14396,0.25563
PR26,0.19955,0.31366
RG1,0.10418,0.24697
RG2,0.13224,0.24799
RG4,0.03133,0.08084
RG5,0.07051,0.19083
RG6,0.11307,0.24208
RG7,0.09697,0.16314
RG8,0.02348,0.05668
RG9,0.02416,0.05161
RG10,0.10302,0.18409
RG12,0.11363,0.19617
RG14,0.09837,0.17243
RG17,0.02847,0.05084
RG18,0.0619,0.11342
RG19,0.11349,0.18299
RG20,0.0433,0.07269
RG21,0.10137,0.17953
RG22,0.0739,0.13295
RG23,0.02627,0.049
RG24,0.12853,0.20008
RG25,0.01474,0.03178
RG26,0.06884,0.10945
RG27,0.09562,0.15633
RG28,0.01696,0.0319
RG29,0.0575,0.0981
RG30,0.08312,0.17685
RG31,0.09728,0.17068
RG40,0.10741,0.19667
RG41,0.11477,0.21521
RG42,0.16332,0.26031
RG45,0.05016,0.11314
RH1,0.11398,0.19194
RH2,0.09401,0.16382
RH3,0.08578,0.15312
RH4,0.04615,0.08275
RH5,0.07577,0.12471
RH6,0.19608,0.32769
RH7,0.13358,0.21081
RH8,0.08495,0.14195
RH9,0.10568,0.17481
RH10,0.09404,0.15647
RH11,0.13488,0.21947
RH12,0.09549,0.15235
RH13,0.10296,0.15498
RH14,0.11221,0.16712
RH15,0.1507,0.23035
RH16,0.07541,0.11975
RH17,0.07182,0.10481
RH18,0.06975,0.10821
RH19,0.07697,0.11633
RH20,0.06851,0.10743
RM1,0.18182,0.33023
RM2,0.17912,0.33518
RM3,0.18925,0.32206
RM4,0.10755,0.20301
RM5,0.17724,0.33094
RM6,0.25891,0.41942
RM7,0.22906,0.41304
RM8,0.50907,0.71346
RM9,0.53439,0.67891
RM10,0.47252,0.66288
RM11,0.14457,0.28795
RM12,0.14265,0.30634
RM13,0.10788,0.26634
RM14,0.18343,0.32016
RM15,0.14414,0.25609
RM16,0.25923,0.34211
RM17,0.4968,0.5481
RM18,0.33154,0.38032
RM19,0.42348,0.48596
RM20,0.47249,0.56389
S1,0.17755,0.38247
S2,0.08504,0.21708
S3,0.15767,0.33505
S4,0.17117,0.37389
S5,0.08374,0.20591
S6,0.05913,0.18389
S7,0.11006,0.26288
S8,0.06943,0.15525
S9,0.14643,0.32057
S10,0.08136,0.20937
S11,0.05402,0.1566
S12,0.03771,0.09357
S13,0.07297,0.16635
S14,0.05755,0.12293
S17,0.06039,0.14459
S18,0.03683,0.08341
S20,0.07068,0.15625
S21,0.05539,0.11645
S25,0.05952,0.12091
S26,0.04699,0.09896
S32,0.03934,0.08774
S33,0.06163,0.12909
S35,0.04331,0.09749
S36,0.06635,0.15739
S40,0.09691,0.21472
S41,0.08664,0.17494
S42,0.05487,0.10436
S43,0.06401,0.12999
S44,0.05794,0.11121
S45,0.0456,0.09128
S60,0.0865,0.18754
S61,0.06533,0.15927
S62,0.05833,0.1374
S63,0.08007,0.19384
S64,0.07452,0.1746
S65,0.07477,0.15932
S66,0.04981,0.10735
S70,0.07018,0.16374
S71,0.08497,0.18355
S72,0.04705,0.1056
S73,0.09023,0.199
S74,0.07864,0.17734
S75,0.05148,0.12345
S80,0.03808,0.08291
S81,0.04439,0.09713
SA1,0.0,0.0
SA2,0.0,0.0
SA3,0.0,0.0
SA4,0.0,0.0
SA5,0.0,0.0
SA6,0.0,0.0
SA7,0.0,0.0
SA8,0.0,0.0
SA9,0.0,0.0
SA10,0.0,0.0
SA11,0.0,0.0
SA12,0.0,0.0
SA13,0.0,0.0
SA14,0.0,0.0
SA15,0.0,0.0
SA16,0.0,0.0
SA17,0.0,0.0
SA18,0.0,0.0
SA19,0.0,0.0
SA20,0.0,0.0
SA31,0.0,0.0
SA32,0.0,0.0
SA33,0.0,0.0
SA34,0.0,0.0
SA35,0.0,0.0
SA36,0.0,0.0
SA37,0.0,0.0
SA38,0.0,0.0
SA39,0.0,0.0
SA40,0.0,0.0
SA41,0.0,0.0
SA42,0.0,0.0
SA43,0.0,0.0
SA44,0.0,0.0
SA45,0.0,0.0
SA46,0.0,0.0
SA47,0.0,0.0
SA48,0.0,0.0
SA61,0.0,0.0
SA62,0.0,0.0
SA63,0.0,0.0
SA64,0.0,0.0
SA65,0.0,0.0
SA66,0.0,0.0
SA67,0.0,0.0
SA68,0.0,0.0
SA69,0.0,0.0
SA70,0.0,0.0
SA71,0.0,0.0
SA72,0.0,0.0
SA73,0.0,0.0
SE1,0.22532,0.51967
SE2,0.13325,0.31952
SE3,0.16329,0.30146
SE4,0.21026,0.36738
SE5,0.17672,0.61963
SE6,0.21532,0.40108
SE7,0.19036,0.31221
SE8,0.21309,0.44549
SE9,0.14118,0.2601
SE10,0.16665,0.32804
SE11,0.20438,0.82267
SE12,0.19943,0.36214
SE13,0.21367,0.3771
SE14,0.23536,0.45751
SE15,0.32434,0.60868
SE16,0.18436,0.43449
SE17,0.21602,0.75017
SE18,0.16332,0.30682
SE19,0.15586,0.30735
SE20,0.28984,0.44519
SE21,0.15929,0.51969
SE22,0.19725,0.40939
SE23,0.16557,0.38126
SE24,0.18144,0.49225
SE25,0.2381,0.39811
SE26,0.1659,0.37542
SE27,0.1266,0.40554
SE28,0.11874,0.2652
SG1,0.07774,0.18817
SG2,0.05623,0.11848
SG3,0.06061,0.11144
SG4,0.03227,0.07307
SG5,0.05509,0.11369
SG6,0.15948,0.25898
SG7,0.0565,0.11455
SG8,0.05298,0.12551
SG9,0.05229,0.11631
SG10,0.05335,0.10703
SG11,0.0481,0.09576
SG12,0.05722,0.11833
SG13,0.084,0.16636
SG14,0.04726,0.10734
SG15,0.13739,0.23411
SG16,0.0926,0.20042
SG17,0.07217,0.1564
SG18,0.08418,0.19628
SG19,0.11587,0.23126
SK1,0.13836,0.28387
SK2,0.15346,0.32922
SK3,0.14738,0.34371
SK4,0.17105,0.3574
SK5,0.1376,0.27815
SK6,0.09531,0.18677
SK7,0.13645,0.27514
SK8,0.14823,0.33495
SK9,0.11379,0.21527
SK10,0.06245,0.12127
SK11,0.06852,0.13099
SK12,0.09419,0.18716
SK13,0.1054,0.21709
SK14,0.08788,0.17838
SK15,0.11049,0.2392
SK16,0.15039,0.32852
SK17,0.04322,0.09466
SK22,0.06204,0.1298
SK23,0.04812,0.10216
SL0,0.12103,0.22482
SL1,0.10211,0.22025
SL2,0.12142,0.23398
SL3,0.10288,0.23038
SL4,0.14196,0.2651
SL5,0.06997,0.13366
SL6,0.08058,0.1682
SL7,0.04252,0.10077
SL8,0.05152,0.14624
SL9,0.07228,0.1388
SM1,0.18819,0.38385
SM2,0.08796,0.16808
SM3,0.12661,0.29698
SM4,0.14466,0.3113
SM5,0.11686,0.24522
SM6,0.09467,0.21735
SM7,0.02616,0.06465
SN1,0.1849,0.43752
SN2,0.13009,0.36385
SN3,0.14926,0.35115
SN4,0.05577,0.10991
SN5,0.1602,0.27049
SN6,0.11957,0.20248
SN7,0.13954,0.2196
SN8,0.01778,0.03603
SN9,0.0228,0.04548
SN10,0.05332,0.09462
SN11,0.05382,0.09819
SN12,0.11172,0.19736
SN13,0.03031,0.06055
SN14,0.03097,0.06253
SN15,0.11341,0.1912
SN16,0.08406,0.14222
SN25,0.11254,0.29634
SN26,0.111,0.27319
SO14,0.1022,0.20413
SO15,0.13823,0.26381
SO16,0.09479,0.17854
SO17,0.14169,0.25134
SO18,0.09304,0.17078
SO19,0.06278,0.1211
SO20,0.01325,0.03435
SO21,0.01866,0.03844
SO22,0.01971,0.04758
SO23,0.05476,0.11137
SO24,0.01098,0.02678
SO30,0.09553,0.15103
SO31,0.05678,0.09324
SO32,0.03953,0.06669
SO40,0.11245,0.1891
SO41,0.03157,0.06564
SO42,0.06633,0.11399
SO43,0.0829,0.13442
SO45,0.05248,0.10252
SO50,0.11663,0.20322
SO51,0.07714,0.12921
SO52,0.11517,0.16895
SO53,0.1017,0.16875
SP1,0.05747,0.1209
SP2,0.02747,0.07642
SP3,0.02271,0.04811
SP4,0.01697,0.04254
SP5,0.02668,0.0547
SP6,0.03945,0.08392
SP7,0.07772,0.13721
SP8,0.08575,0.16071
SP9,0.01492,0.03576
SP10,0.06387,0.1251
SP11,0.01549,0.03485
SR1,0.02873,0.09641
SR2,0.04271,0.10769
SR3,0.09132,0.19301
SR4,0.05579,0.15007
SR5,0.11561,0.26926
SR6,0.0541,0.13061
SR7,0.06891,0.13792
SR8,0.05916,0.12249
SS0,0.06237,0.16389
SS1,0.04857,0.12286
SS2,0.12268,0.25736
SS3,0.02108,0.06257
SS4,0.15603,0.28483
SS5,0.28747,0.46523
SS6,0.29591,0.47909
SS7,0.2882,0.49201
SS8,0.17901,0.27562
SS9,0.11838,0.23651
SS11,0.30425,0.46875
SS12,0.31381,0.49571
SS13,0.33845,0.55573
SS14,0.37696,0.60176
SS15,0.30182,0.54497
SS16,0.31387,0.47406
SS17,0.20228,0.31097
ST1,0.11711,0.26912
ST2,0.1012,0.21252
ST3,0.10443,0.2291
ST4,0.11104,0.24288
ST5,0.08,0.17341
ST6,0.0958,0.20577
ST7,0.11881,0.19463
ST8,0.07974,0.17933
ST9,0.06944,0.14926
ST10,0.05217,0.1099
ST11,0.05362,0.13474
ST12,0.07887,0.16654
ST13,0.06311,0.16972
ST14,0.09152,0.17561
ST15,0.078,0.16005
ST16,0.1534,0.30951
ST17,0.06674,0.14383
ST18,0.0892,0.18024
ST19,0.09124,0.17398
ST20,0.07659,0.15603
ST21,0.05272,0.1291
SW1A,0.2398,0.52524
SW1E,0.23896,0.59605
SW1H,0.23935,0.51386
SW1P,0.28818,0.57303
SW1V,0.42867,0.6363
SW1W,0.23609,0.52517
SW1X,0.18301,0.52176
SW1Y,0.17261,0.59815
SW2,0.13774,0.47157
SW3,0.20961,0.4541
SW4,0.19203,0.46159
SW5,0.15033,0.39935
SW6,0.1705,0.42774
SW7,0.20194,0.43886
SW8,0.32174,0.67695
SW9,0.23857,0.77535
SW10,0.1619,0.39277
SW11,0.24237,0.50867
SW12,0.21554,0.52775
SW13,0.27138,0.51421
SW14,0.23047,0.45268
SW15,0.17144,0.36974
SW16,0.17012,0.40658
SW17,0.21425,0.44301
SW18,0.21477,0.41786
SW19,0.1787,0.37242
SW20,0.27069,0.44748
SY1,0.16618,0.30988
SY2,0.0877,0.19021
SY3,0.08768,0.17798
SY4,0.08468,0.1716
SY5,0.0695,0.14301
SY6,0.04537,0.08974
SY7,0.03527,0.07113
SY8,0.05255,0.10879
SY9,0.03985,0.08424
SY10,0.02674,0.05269
SY11,0.10577,0.19297
SY12,0.09569,0.17139
SY13,0.08125,0.14239
SY14,0.08053,0.14009
SY15,0.02803,0.05053
SY16,0.0004,0.00073
SY17,0.0,0.0
SY18,0.0,0.0
SY19,0.0,0.0
SY20,0.0,0.0
SY21,0.00258,0.00509
SY22,0.00202,0.00368
SY23,0.0,0.0
SY24,0.0,0.0
SY25,0.0,0.0
TA1,0.17051,0.29084
TA2,0.07304,0.134
TA3,0.11783,0.20886
TA4,0.04192,0.07179
TA5,0.09107,0.15818
TA6,0.1233,0.26944
TA7,0.22691,0.38656
TA8,0.02527,0.07167
TA9,0.13679,0.3105
TA10,0.18598,0.33277
TA11,0.10797,0.19986
TA12,0.14208,0.27462
TA13,0.08733,0.14834
TA14,0.06512,0.12002
TA15,0.03902,0.07398
TA16,0.06543,0.12337
TA17,0.05019,0.08713
TA18,0.06405,0.11598
TA19,0.08525,0.16782
TA20,0.04225,0.08643
TA21,0.06112,0.10769
TA22,0.03187,0.06216
TA23,0.04108,0.06982
TA24,0.03965,0.08564
TD1,0.0,0.0
TD2,0.0,0.0
TD3,0.0,0.0
TD4,0.0,0.0
TD5,0.00134,0.00292
TD6,0.0,0.0
TD7,0.0,0.0
TD8,0.00103,0.00305
TD9,0.00406,0.01204
TD10,0.0,0.0
TD11,0.0,0.0
TD12,0.04101,0.07322
TD13,0.0,0.0
TD14,0.0,0.0
TD15,0.06085,0.12022
TF1,0.1359,0.2879
TF2,0.08218,0.19353
TF3,0.13095,0.25787
TF4,0.12764,0.25617
TF5,0.08104,0.18613
TF6,0.09393,0.19684
TF7,0.11555,0.23389
TF8,0.06109,0.11821
TF9,0.0605,0.1313
TF10,0.06484,0.13934
TF11,0.04587,0.10265
TF12,0.04472,0.09725
TF13,0.04157,0.0941
TN1,0.16629,0.25528
TN2,0.08174,0.13212
TN3,0.08121,0.12395
TN4,0.08439,0.13497
TN5,0.07087,0.10048
TN6,0.07097,0.10687
TN7,0.07543,0.11632
TN8,0.10827,0.17228
TN9,0.13341,0.26787
TN10,0.14992,0.25431
TN11,0.1165,0.189
TN12,0.16729,0.27414
TN13,0.0564,0.11027
TN14,0.04731,0.08789
TN15,0.03797,0.0756
TN16,0.0376,0.06819
TN17,0.10597,0.15833
TN18,0.10413,0.15715
TN19,0.1084,0.15424
TN20,0.09779,0.13138
TN21,0.06883,0.09629
TN22,0.07146,0.10754
TN23,0.15554,0.26336
TN24,0.10347,0.21572
TN25,0.06328,0.1087
TN26,0.14184,0.23784
TN27,0.11965,0.18316
TN28,0.0248,0.10964
TN29,0.05571,0.17605
TN30,0.14829,0.2473
TN31,0.07865,0.16699
TN32,0.09393,0.13991
TN33,0.08364,0.1244
TN34,0.13772,0.19205
TN35,0.05483,0.08639
TN36,0.08576,0.19406
TN37,0.10236,0.15936
TN38,0.07393,0.12666
TN39,0.06934,0.12056
TN40,0.04678,0.08215
TQ1,0.00615,0.01522
TQ2,0.04506,0.08727
TQ3,0.03255,0.06251
TQ4,0.03697,0.07033
TQ5,0.0139,0.02702
TQ6,0.02165,0.03618
TQ7,0.02239,0.0425
TQ8,0.01305,0.02689
TQ9,0.02964,0.05219
TQ10,0.04051,0.08669
TQ11,0.05275,0.11345
TQ12,0.0519,0.09411
TQ13,0.03995,0.07382
TQ14,0.01574,0.03517
TR1,0.05346,0.11327
TR2,0.03343,0.06107
TR3,0.03542,0.0731
TR4,0.03349,0.07548
TR5,0.01819,0.0414
TR6,0.02019,0.04731
TR7,0.02468,0.07079
TR8,0.03532,0.0887
TR9,0.0924,0.21887
TR10,0.03414,0.07274
TR11,0.02307,0.04983
TR12,0.01967,0.0432
TR13,0.03066,0.06818
TR14,0.04058,0.09505
TR15,0.06408,0.14925
TR16,0.0333,0.07876
TR17,0.02149,0.05037
TR18,0.03949,0.09728
TR19,0.01522,0.03619
TR20,0.0416,0.11274
TR21,0.0065,0.01446
TR22,0.00063,0.00139
TR23,0.0023,0.00392
TR24,0.01013,0.02308
TR25,0.00174,0.00347
TR26,0.02137,0.06525
TR27,0.03221,0.07479
TS1,0.19815,0.46117
TS2,0.09665,0.28086
TS3,0.15616,0.31045
TS4,0.17287,0.33303
TS5,0.12325,0.26559
TS6,0.18178,0.37153
TS7,0.14059,0.22918
TS8,0.10508,0.17972
TS9,0.09677,0.19531
TS10,0.11013,0.21338
TS11,0.07604,0.15019
TS12,0.07707,0.13673
TS13,0.05021,0.08731
TS14,0.10033,0.17936
TS15,0.10039,0.17258
TS16,0.12076,0.22754
TS17,0.13196,0.27614
TS18,0.13811,0.27619
TS19,0.13326,0.26271
TS20,0.14825,0.27278
TS21,0.09883,0.17682
TS22,0.10458,0.18501
TS23,0.16119,0.32415
TS24,0.07091,0.14317
TS25,0.1085,0.23047
TS26,0.13389,0.27609
TS27,0.07235,0.13223
TS28,0.08996,0.15434
TS29,0.07234,0.13629
TW1,0.09218,0.2714
TW2,0.11132,0.30804
TW3,0.20876,0.4867
TW4,0.21424,0.47985
TW5,0.2154,0.42798
TW6,0.19878,0.39334
TW7,0.20407,0.36795
TW8,0.19153,0.43701
TW9,0.11005,0.34403
TW10,0.11197,0.25944
TW11,0.08259,0.2659
TW12,0.18074,0.37784
TW13,0.25203,0.46861
TW14,0.20057,0.39941
TW15,0.09266,0.28813
TW16,0.09349,0.27973
TW17,0.05498,0.18099
TW18,0.06921,0.22258
TW19,0.05941,0.16797
TW20,0.11509,0.24864
UB1,0.19311,0.49451
UB2,0.19156,0.39633
UB3,0.23178,0.45534
UB4,0.29737,0.50354
UB5,0.20111,0.44224
UB6,0.17161,0.46944
UB7,0.16072,0.34171
UB8,0.22412,0.38654
UB9,0.10933,0.2032
UB10,0.26356,0.40767
UB11,0.24345,0.39163
W1B,0.14919,0.49334
W1C,0.02147,0.35016
W1D,0.04722,0.56309
W1F,0.03992,0.65696
W1G,0.23468,0.64538
W1H,0.25961,0.58355
W1J,0.08556,0.42235
W1K,0.12696,0.30861
W1S,0.1055,0.47086
W1T,0.22506,0.51806
W1U,0.18628,0.60521
W1W,0.163,0.56463
W2,0.13198,0.41454
W3,0.22751,0.43802
W4,0.28644,0.55595
W5,0.19083,0.37853
W6,0.19176,0.5928
W7,0.18002,0.34561
W8,0.15928,0.37928
W9,0.17689,0.62511
W10,0.31069,0.54353
W11,0.27013,0.54084
W12,0.29172,0.63136
W13,0.20649,0.46667
W14,0.25037,0.4898
WA1,0.12001,0.33083
WA2,0.12906,0.30876
WA3,0.15047,0.28056
WA4,0.08854,0.18703
WA5,0.14123,0.29757
WA6,0.07138,0.14503
WA7,0.0863,0.19574
WA8,0.12901,0.27508
WA9,0.13146,0.27072
WA10,0.11685,0.24108
WA11,0.10953,0.20562
WA12,0.10718,0.21867
WA13,0.07415,0.17562
WA14,0.0945,0.20497
WA15,0.13076,0.28385
WA16,0.1011,0.18498
WC1A,0.20793,0.4208
WC1B,0.22452,0.4992
WC1E,0.1962,0.5075
WC1H,0.24618,0.48609
WC1N,0.26645,0.48185
WC1R,0.27409,0.43233
WC1V,0.16197,0.39667
WC1X,0.16466,0.49053
WC2A,0.16713,0.49516
WC2B,0.21385,0.41413
WC2E,0.02222,0.35179
WC2H,0.17359,0.53985
WC2N,0.17099,0.52575
WC2R,0.32233,0.6306
WD3,0.04848,0.10613
WD4,0.06188,0.1106
WD5,0.0299,0.07626
WD6,0.17006,0.28946
WD7,0.06808,0.13539
WD17,0.09487,0.20841
WD18,0.11146,0.25498
WD19,0.18393,0.30097
WD23,0.14763,0.26474
WD24,0.12061,0.25102
WD25,0.08025,0.17066
WF1,0.10728,0.23764
WF2,0.07865,0.17931
WF3,0.07743,0.16472
WF4,0.04541,0.10641
WF5,0.09239,0.1955
WF6,0.12996,0.26264
WF7,0.06507,0.14702
WF8,0.04083,0.0972
WF9,0.06309,0.14254
WF10,0.10945,0.23379
WF11,0.07267,0.17138
WF12,0.07161,0.14689
WF13,0.13554,0.3103
WF14,0.07386,0.16125
WF15,0.0689,0.14971
WF16,0.12388,0.26596
WF17,0.07412,0.16881
WN1,0.12441,0.22371
WN2,0.14339,0.25073
WN3,0.13571,0.27316
WN4,0.12653,0.23661
WN5,0.09174,0.18706
WN6,0.12008,0.21069
WN7,0.15479,0.30417
WN8,0.08044,0.1585
WR1,0.14213,0.35946
WR2,0.06441,0.14578
WR3,0.07418,0.17001
WR4,0.15799,0.30546
WR5,0.09902,0.20493
WR6,0.05497,0.11532
WR7,0.10165,0.19868
WR8,0.10538,0.20438
WR9,0.09198,0.17838
WR10,0.08554,0.17418
WR11,0.11814,0.22613
WR12,0.08209,0.15936
WR13,0.07727,0.16483
WR14,0.09637,0.23934
WR15,0.04714,0.08794
WS1,0.15313,0.33518
WS2,0.16463,0.31501
WS3,0.1482,0.28141
WS4,0.12863,0.23735
WS5,0.11306,0.24611
WS6,0.12777,0.24866
WS7,0.07136,0.16121
WS8,0.13454,0.24061
WS9,0.06674,0.15396
WS10,0.17375,0.34739
WS11,0.12462,0.24122
WS12,0.05072,0.10901
WS13,0.07027,0.15644
WS14,0.05387,0.11428
WS15,0.06574,0.14093
WV1,0.18121,0.37529
WV2,0.17776,0.38517
WV3,0.14858,0.28599
WV4,0.09159,0.19676
WV5,0.03511,0.08104
WV6,0.06128,0.1343
WV7,0.05784,0.13427
WV8,0.08705,0.17272
WV9,0.08801,0.18954
WV10,0.11914,0.24436
WV11,0.13496,0.26442
WV12,0.16996,0.34333
WV13,0.1991,0.40895
WV14,0.17131,0.34189
WV15,0.03105,0.07255
WV16,0.04092,0.09398
YO1,0.21312,0.39084
YO7,0.0759,0.15804
YO8,0.09267,0.24221
YO10,0.10694,0.26411
YO11,0.05928,0.11831
YO12,0.03997,0.09441
YO13,0.04503,0.11044
YO14,0.03103,0.06207
YO15,0.03534,0.07344
YO16,0.02662,0.06756
YO17,0.05551,0.12414
YO18,0.06588,0.15174
YO19,0.08506,0.19746
YO21,0.05931,0.12748
YO22,0.06743,0.18394
YO23,0.1252,0.25666
YO24,0.13439,0.34186
YO25,0.05274,0.10335
YO26,0.12472,0.2352
YO30,0.17032,0.32085
YO31,0.18875,0.39778
YO32,0.1056,0.25249
YO41,0.10061,0.21387
YO42,0.06175,0.15122
YO43,0.04465,0.10914
YO51,0.10235,0.19388
YO60,0.08671,0.17198
YO61,0.08471,0.17292
YO62,0.05168,0.1168
ZE1,0.0,0.0
ZE2,0.0,0.0
ZE3,0.0,0.0
